probe_count,probe_hash,probe_source,q2_ast_mean,q2_distinct_programs,q2_dsde,q2_exact_dsde,q2_exact_sde,q2_execution_seconds,q2_generation_seconds,q2_observations,q2_sde,q4_ast_mean,q4_distinct_programs,q4_dsde,q4_exact_dsde,q4_exact_sde,q4_execution_seconds,q4_generation_seconds,q4_observations,q4_sde,q8_ast_mean,q8_distinct_programs,q8_dsde,q8_exact_dsde,q8_exact_sde,q8_execution_seconds,q8_generation_seconds,q8_observations,q8_sde,task_id,q2_error,q2_mean_nll,q4_error,q4_mean_nll,q8_error,q8_mean_nll
3,5377d43bf4241dcf6d529777974aaef4638ec0f23a4915c4e36e4ac60b82db9e,prompt_plus_base_inputs,0.8038640675794512,5,0.63,0.8,0.36,4.178125999998883,"[4.126060599999619, 5.244827600003191, 5.265372800000478, 5.256907799997862, 5.178802700000233]","[[{'exception': 'NameError', 'status': 'exception'}, {'exception': 'NameError', 'status': 'exception'}, {'exception': 'NameError', 'status': 'exception'}], [{'status': 'ok', 'value': None}, {'status': 'ok', 'value': None}, {'status': 'ok', 'value': None}], [{'exception': 'ValueError', 'status': 'exception'}, {'exception': 'ValueError', 'status': 'exception'}, {'exception': 'ValueError', 'status': 'exception'}], [{'exception': 'syntax_error:invalid syntax', 'status': 'parse_error'}, {'exception': 'syntax_error:invalid syntax', 'status': 'parse_error'}, {'exception': 'syntax_error:invalid syntax', 'status': 'parse_error'}], [{'exception': 'syntax_error:invalid syntax', 'status': 'parse_error'}, {'exception': 'syntax_error:invalid syntax', 'status': 'parse_error'}, {'exception': 'syntax_error:invalid syntax', 'status': 'parse_error'}]]",0.29600000000000004,0.18183900622157975,5,0.1,0.13333333333333333,0.10666666666666666,1.2294085000030464,"[4.8557958000019426, 4.688946800000849, 3.966341300001659, 6.392673599999398, 6.066502500001661]","[[{'status': 'ok', 'value': [-7, 7]}, {'status': 'ok', 'value': None}, {'status': 'ok', 'value': [17, 0]}], [{'status': 'ok', 'value': [-7, 7]}, {'status': 'ok', 'value': None}, {'status': 'ok', 'value': [17, 0]}], [{'status': 'ok', 'value': [0, 0]}, {'status': 'ok', 'value': None}, {'status': 'ok', 'value': [0, -204]}], [{'status': 'ok', 'value': [-7, 7]}, {'status': 'ok', 'value': None}, {'status': 'ok', 'value': [17, 0]}], [{'status': 'ok', 'value': [-7, 7]}, {'status': 'ok', 'value': None}, {'status': 'ok', 'value': [17, 0]}]]",0.08,0.12531580783747967,5,0.0,0.0,0.0,1.1410071999998763,"[8.403385900001012, 7.0360696999996435, 7.767708600000333, 8.399820499998896, 5.696814299997641]","[[{'status': 'ok', 'value': [-7, 7]}, {'status': 'ok', 'value': None}, {'status': 'ok', 'value': [17, 0]}], [{'status': 'ok', 'value': [-7, 7]}, {'status': 'ok', 'value': None}, {'status': 'ok', 'value': [17, 0]}], [{'status': 'ok', 'value': [-7, 7]}, {'status': 'ok', 'value': None}, {'status': 'ok', 'value': [17, 0]}], [{'status': 'ok', 'value': [-7, 7]}, {'status': 'ok', 'value': None}, {'status': 'ok', 'value': [17, 0]}], [{'status': 'ok', 'value': [-7, 7]}, {'status': 'ok', 'value': None}, {'status': 'ok', 'value': [17, 0]}]]",0.0,Mbpp/160,1,0.12270517527052544,1,0.028858752665158752,1,0.025873688951462498
3,640a69ab4b58ef27ce15923d033304818126ac7fd9d09e6d68d2ded1d49232c7,prompt_plus_base_inputs,0.5413541860314924,5,0.05793650793650793,0.2,0.16,1.4408591999999771,"[0.8258404000007431, 0.7665135999995982, 0.4957144999971206, 0.3246953999987454, 0.7995781999998144]","[[{'status': 'ok', 'value': 6}, {'status': 'ok', 'value': 10}, {'status': 'ok', 'value': 15}], [{'status': 'ok', 'value': 6}, {'status': 'ok', 'value': 10}, {'status': 'ok', 'value': 15}], [{'status': 'ok', 'value': 9}, {'status': 'ok', 'value': 14}, {'status': 'ok', 'value': 20}], [{'status': 'ok', 'value': 6}, {'status': 'ok', 'value': 10}, {'status': 'ok', 'value': 15}], [{'status': 'ok', 'value': 6}, {'status': 'ok', 'value': 10}, {'status': 'ok', 'value': 15}]]",0.04634920634920634,0.0,1,0.0,0.0,0.0,1.2365533000011055,"[1.5480166999986977, 1.4737984999992477, 1.471385900000314, 1.4567870000028051, 1.4241099999999278]","[[{'status': 'ok', 'value': 6}, {'status': 'ok', 'value': 10}, {'status': 'ok', 'value': 15}], [{'status': 'ok', 'value': 6}, {'status': 'ok', 'value': 10}, {'status': 'ok', 'value': 15}], [{'status': 'ok', 'value': 6}, {'status': 'ok', 'value': 10}, {'status': 'ok', 'value': 15}], [{'status': 'ok', 'value': 6}, {'status': 'ok', 'value': 10}, {'status': 'ok', 'value': 15}], [{'status': 'ok', 'value': 6}, {'status': 'ok', 'value': 10}, {'status': 'ok', 'value': 15}]]",0.0,0.0,2,0.0,0.0,0.0,1.1178244999973685,"[1.9366036000028544, 1.85048530000131, 2.317992000000231, 1.8855810999993992, 1.8816458000001148]","[[{'status': 'ok', 'value': 6}, {'status': 'ok', 'value': 10}, {'status': 'ok', 'value': 15}], [{'status': 'ok', 'value': 6}, {'status': 'ok', 'value': 10}, {'status': 'ok', 'value': 15}], [{'status': 'ok', 'value': 6}, {'status': 'ok', 'value': 10}, {'status': 'ok', 'value': 15}], [{'status': 'ok', 'value': 6}, {'status': 'ok', 'value': 10}, {'status': 'ok', 'value': 15}], [{'status': 'ok', 'value': 6}, {'status': 'ok', 'value': 10}, {'status': 'ok', 'value': 15}]]",0.0,Mbpp/238,0,0.03182304816080573,0,0.004396170786749366,0,0.005191805376751539
3,b18fe9e14dd899535b38ae4b1412b2ade9d40cea9d52ded75d6ec79e5aafd1e8,prompt_plus_base_inputs,0.04973430672855392,4,0.0,0.0,0.0,1.397178499999427,"[0.6163883000008354, 0.576522199997271, 0.8537972000012815, 0.4467941000002611, 0.5702595000002475]","[[{'status': 'ok', 'value': 12}, {'status': 'ok', 'value': 3}, {'status': 'ok', 'value': 16}], [{'status': 'ok', 'value': 12}, {'status': 'ok', 'value': 3}, {'status': 'ok', 'value': 16}], [{'status': 'ok', 'value': 12}, {'status': 'ok', 'value': 3}, {'status': 'ok', 'value': 16}], [{'status': 'ok', 'value': 12}, {'status': 'ok', 'value': 3}, {'status': 'ok', 'value': 16}], [{'status': 'ok', 'value': 12}, {'status': 'ok', 'value': 3}, {'status': 'ok', 'value': 16}]]",0.0,0.12970365435388753,3,0.0,0.0,0.0,1.016675299997587,"[1.6347857000000658, 1.615292699996644, 1.5217164999994566, 1.6229217000000062, 1.6849627999981749]","[[{'status': 'ok', 'value': 12}, {'status': 'ok', 'value': 3}, {'status': 'ok', 'value': 16}], [{'status': 'ok', 'value': 12}, {'status': 'ok', 'value': 3}, {'status': 'ok', 'value': 16}], [{'status': 'ok', 'value': 12}, {'status': 'ok', 'value': 3}, {'status': 'ok', 'value': 16}], [{'status': 'ok', 'value': 12}, {'status': 'ok', 'value': 3}, {'status': 'ok', 'value': 16}], [{'status': 'ok', 'value': 12}, {'status': 'ok', 'value': 3}, {'status': 'ok', 'value': 16}]]",0.0,0.16905901116427433,2,0.0,0.0,0.0,1.322248500000569,"[1.0899678999994649, 1.023873599999206, 2.625854199999594, 1.0467233000017586, 1.0312862999999197]","[[{'status': 'ok', 'value': 12}, {'status': 'ok', 'value': 3}, {'status': 'ok', 'value': 16}], [{'status': 'ok', 'value': 12}, {'status': 'ok', 'value': 3}, {'status': 'ok', 'value': 16}], [{'status': 'ok', 'value': 12}, {'status': 'ok', 'value': 3}, {'status': 'ok', 'value': 16}], [{'status': 'ok', 'value': 12}, {'status': 'ok', 'value': 3}, {'status': 'ok', 'value': 16}], [{'status': 'ok', 'value': 12}, {'status': 'ok', 'value': 3}, {'status': 'ok', 'value': 16}]]",0.0,Mbpp/566,0,0.03470346741908337,0,0.0056928620686154995,0,0.008348095015008425
3,d08ffb5b29aa40710248fce8d39a2a604f6cb0535ac15ed41185fe3d350e5f91,prompt_plus_base_inputs,0.0,1,0.0,0.0,0.0,0.9897024999991118,"[0.24269009999989066, 0.19922919999953592, 0.20029190000059316, 0.1979944999984582, 0.199889899999107]","[[{'status': 'ok', 'value': [1, 2, 3, 4, 5]}, {'status': 'ok', 'value': [1, 2, 3, 4, 5]}, {'status': 'ok', 'value': [1, 2, 3, 4, 5]}], [{'status': 'ok', 'value': [1, 2, 3, 4, 5]}, {'status': 'ok', 'value': [1, 2, 3, 4, 5]}, {'status': 'ok', 'value': [1, 2, 3, 4, 5]}], [{'status': 'ok', 'value': [1, 2, 3, 4, 5]}, {'status': 'ok', 'value': [1, 2, 3, 4, 5]}, {'status': 'ok', 'value': [1, 2, 3, 4, 5]}], [{'status': 'ok', 'value': [1, 2, 3, 4, 5]}, {'status': 'ok', 'value': [1, 2, 3, 4, 5]}, {'status': 'ok', 'value': [1, 2, 3, 4, 5]}], [{'status': 'ok', 'value': [1, 2, 3, 4, 5]}, {'status': 'ok', 'value': [1, 2, 3, 4, 5]}, {'status': 'ok', 'value': [1, 2, 3, 4, 5]}]]",0.0,0.2570745887790473,5,0.0,0.0,0.0,1.059005299997807,"[1.3907338999997592, 1.362175099999149, 0.9936490000000049, 1.3429598000002443, 0.8443517000014253]","[[{'status': 'ok', 'value': [1, 2, 3, 4, 5]}, {'status': 'ok', 'value': [1, 2, 3, 4, 5]}, {'status': 'ok', 'value': [1, 2, 3, 4, 5]}], [{'status': 'ok', 'value': [1, 2, 3, 4, 5]}, {'status': 'ok', 'value': [1, 2, 3, 4, 5]}, {'status': 'ok', 'value': [1, 2, 3, 4, 5]}], [{'status': 'ok', 'value': [1, 2, 3, 4, 5]}, {'status': 'ok', 'value': [1, 2, 3, 4, 5]}, {'status': 'ok', 'value': [1, 2, 3, 4, 5]}], [{'status': 'ok', 'value': [1, 2, 3, 4, 5]}, {'status': 'ok', 'value': [1, 2, 3, 4, 5]}, {'status': 'ok', 'value': [1, 2, 3, 4, 5]}], [{'status': 'ok', 'value': [1, 2, 3, 4, 5]}, {'status': 'ok', 'value': [1, 2, 3, 4, 5]}, {'status': 'ok', 'value': [1, 2, 3, 4, 5]}]]",0.0,0.30520832648467755,4,0.0,0.0,0.0,1.2283777000011469,"[2.130794800003059, 1.2961842000004253, 1.292699999998149, 2.812990800000989, 1.3319054999992659]","[[{'status': 'ok', 'value': [1, 2, 3, 4, 5]}, {'status': 'ok', 'value': [1, 2, 3, 4, 5]}, {'status': 'ok', 'value': [1, 2, 3, 4, 5]}], [{'status': 'ok', 'value': [1, 2, 3, 4, 5]}, {'status': 'ok', 'value': [1, 2, 3, 4, 5]}, {'status': 'ok', 'value': [1, 2, 3, 4, 5]}], [{'status': 'ok', 'value': [1, 2, 3, 4, 5]}, {'status': 'ok', 'value': [1, 2, 3, 4, 5]}, {'status': 'ok', 'value': [1, 2, 3, 4, 5]}], [{'status': 'ok', 'value': [1, 2, 3, 4, 5]}, {'status': 'ok', 'value': [1, 2, 3, 4, 5]}, {'status': 'ok', 'value': [1, 2, 3, 4, 5]}], [{'status': 'ok', 'value': [1, 2, 3, 4, 5]}, {'status': 'ok', 'value': [1, 2, 3, 4, 5]}, {'status': 'ok', 'value': [1, 2, 3, 4, 5]}]]",0.0,Mbpp/572,1,0.020633044698011898,1,0.029656090989174752,1,0.03722987512163159
3,4cb432a92d911febefaabd4166f53ce03bc9a1ffbafce5f512d390d8d8673be4,prompt_plus_base_inputs,0.5610553415605802,5,0.3280973129992738,0.8,0.28,1.00071620000017,"[2.639210899997124, 2.130770299998403, 1.0602321000005759, 2.072050999999192, 0.5279599000023154]","[[{'status': 'ok', 'value': 12.0}, {'status': 'ok', 'value': 5.5}, {'status': 'ok', 'value': 10.0}], [{'status': 'ok', 'value': 16.0}, {'status': 'ok', 'value': 8.5}, {'status': 'ok', 'value': 25.0}], [{'status': 'ok', 'value': 16.0}, {'status': 'ok', 'value': 8.5}, {'status': 'ok', 'value': 25.0}], [{'status': 'ok', 'value': 16.0}, {'status': 'ok', 'value': 8.5}, {'status': 'ok', 'value': 25.0}], [{'status': 'ok', 'value': 17.0}, {'status': 'ok', 'value': 9.0}, {'status': 'ok', 'value': 27.0}]]",0.07315758896151053,0.06706926576067693,5,0.08019607843137255,0.2,0.16,1.1851807000020926,"[3.824237600001652, 3.8623312000017904, 4.165847600001143, 4.413204799999221, 3.867278999998234]","[[{'status': 'ok', 'value': 16.0}, {'status': 'ok', 'value': 8.5}, {'status': 'ok', 'value': 25.0}], [{'status': 'ok', 'value': 16.0}, {'status': 'ok', 'value': 8.5}, {'status': 'ok', 'value': 25.0}], [{'status': 'ok', 'value': 16.0}, {'status': 'ok', 'value': 8.5}, {'status': 'ok', 'value': 25.0}], [{'status': 'ok', 'value': 16.0}, {'status': 'ok', 'value': 8.5}, {'status': 'ok', 'value': 25.0}], [{'status': 'ok', 'value': 12.0}, {'status': 'ok', 'value': 5.5}, {'status': 'ok', 'value': 10.0}]]",0.06415686274509805,0.10638055146770273,5,0.0,0.0,0.0,1.0671533999993699,"[6.955298600001697, 6.055447800001275, 5.982342100000096, 6.141595900000539, 5.523618999999599]","[[{'status': 'ok', 'value': 16.0}, {'status': 'ok', 'value': 8.5}, {'status': 'ok', 'value': 25.0}], [{'status': 'ok', 'value': 16.0}, {'status': 'ok', 'value': 8.5}, {'status': 'ok', 'value': 25.0}], [{'status': 'ok', 'value': 16.0}, {'status': 'ok', 'value': 8.5}, {'status': 'ok', 'value': 25.0}], [{'status': 'ok', 'value': 16.0}, {'status': 'ok', 'value': 8.5}, {'status': 'ok', 'value': 25.0}], [{'status': 'ok', 'value': 16.0}, {'status': 'ok', 'value': 8.5}, {'status': 'ok', 'value': 25.0}]]",0.0,Mbpp/622,1,0.05654237459888543,1,0.03014837215432652,1,0.046305102452839565
4,34c93e315b5787328baa088e5a2e94e195af32a093d7a0a65ebda3be63de670c,prompt_plus_base_inputs,0.023691894956099885,3,0.0,0.0,0.0,1.0419627999981458,"[0.751883100001578, 0.6986333000022569, 0.6814922999983537, 0.7003919999988284, 0.6761024999977963]","[[{'status': 'ok', 'value': 6}, {'status': 'ok', 'value': 3}, {'status': 'ok', 'value': 1}, {'status': 'ok', 'value': 1}], [{'status': 'ok', 'value': 6}, {'status': 'ok', 'value': 3}, {'status': 'ok', 'value': 1}, {'status': 'ok', 'value': 1}], [{'status': 'ok', 'value': 6}, {'status': 'ok', 'value': 3}, {'status': 'ok', 'value': 1}, {'status': 'ok', 'value': 1}], [{'status': 'ok', 'value': 6}, {'status': 'ok', 'value': 3}, {'status': 'ok', 'value': 1}, {'status': 'ok', 'value': 1}], [{'status': 'ok', 'value': 6}, {'status': 'ok', 'value': 3}, {'status': 'ok', 'value': 1}, {'status': 'ok', 'value': 1}]]",0.0,0.007846450989859977,3,0.0,0.0,0.0,1.0131378000005498,"[1.6560653999986243, 1.72540730000037, 1.603408599999966, 1.581431499998871, 1.8355996000027517]","[[{'status': 'ok', 'value': 6}, {'status': 'ok', 'value': 3}, {'status': 'ok', 'value': 1}, {'status': 'ok', 'value': 1}], [{'status': 'ok', 'value': 6}, {'status': 'ok', 'value': 3}, {'status': 'ok', 'value': 1}, {'status': 'ok', 'value': 1}], [{'status': 'ok', 'value': 6}, {'status': 'ok', 'value': 3}, {'status': 'ok', 'value': 1}, {'status': 'ok', 'value': 1}], [{'status': 'ok', 'value': 6}, {'status': 'ok', 'value': 3}, {'status': 'ok', 'value': 1}, {'status': 'ok', 'value': 1}], [{'status': 'ok', 'value': 6}, {'status': 'ok', 'value': 3}, {'status': 'ok', 'value': 1}, {'status': 'ok', 'value': 1}]]",0.0,0.007356259525483938,4,0.0,0.0,0.0,1.119020999998611,"[2.4924112999979116, 2.659801099998731, 2.6391046999997343, 2.6531792000023415, 2.5751751999996486]","[[{'status': 'ok', 'value': 6}, {'status': 'ok', 'value': 3}, {'status': 'ok', 'value': 1}, {'status': 'ok', 'value': 1}], [{'status': 'ok', 'value': 6}, {'status': 'ok', 'value': 3}, {'status': 'ok', 'value': 1}, {'status': 'ok', 'value': 1}], [{'status': 'ok', 'value': 6}, {'status': 'ok', 'value': 3}, {'status': 'ok', 'value': 1}, {'status': 'ok', 'value': 1}], [{'status': 'ok', 'value': 6}, {'status': 'ok', 'value': 3}, {'status': 'ok', 'value': 1}, {'status': 'ok', 'value': 1}], [{'status': 'ok', 'value': 6}, {'status': 'ok', 'value': 3}, {'status': 'ok', 'value': 1}, {'status': 'ok', 'value': 1}]]",0.0,Mbpp/767,0,0.013202219562867365,0,0.0159000491915068,0,0.015882940672987417
3,ff8e679f80450103b947c30f61cf3a1ea88de54c50b6caa0f92e7cce43d18c2c,prompt_plus_base_inputs,0.058400896719572964,4,0.0,0.0,0.0,0.9823036000016145,"[0.37755249999827356, 0.29325710000193794, 0.321340099999361, 0.3163447000006272, 0.31025679999947897]","[[{'status': 'ok', 'value': [1, 3, 5, 7, 9, [2, 4, 6, 8]]}, {'status': 'ok', 'value': [1, 2, 3, 4, [5, 6, 7, 8]]}, {'status': 'ok', 'value': ['red', 'blue', ['yellow']]}], [{'status': 'ok', 'value': [1, 3, 5, 7, 9, [2, 4, 6, 8]]}, {'status': 'ok', 'value': [1, 2, 3, 4, [5, 6, 7, 8]]}, {'status': 'ok', 'value': ['red', 'blue', ['yellow']]}], [{'status': 'ok', 'value': [1, 3, 5, 7, 9, [2, 4, 6, 8]]}, {'status': 'ok', 'value': [1, 2, 3, 4, [5, 6, 7, 8]]}, {'status': 'ok', 'value': ['red', 'blue', ['yellow']]}], [{'status': 'ok', 'value': [1, 3, 5, 7, 9, [2, 4, 6, 8]]}, {'status': 'ok', 'value': [1, 2, 3, 4, [5, 6, 7, 8]]}, {'status': 'ok', 'value': ['red', 'blue', ['yellow']]}], [{'status': 'ok', 'value': [1, 3, 5, 7, 9, [2, 4, 6, 8]]}, {'status': 'ok', 'value': [1, 2, 3, 4, [5, 6, 7, 8]]}, {'status': 'ok', 'value': ['red', 'blue', ['yellow']]}]]",0.0,0.017676019847910895,5,0.0,0.0,0.0,1.3624428999974043,"[1.7862335999998322, 1.6883452000001853, 1.667779999999766, 1.75250589999996, 1.757096699999238]","[[{'status': 'ok', 'value': [1, 3, 5, 7, 9, 2, 4, 6, 8]}, {'status': 'ok', 'value': [1, 2, 3, 4, 5, 6, 7, 8]}, {'status': 'ok', 'value': ['red', 'blue', 'yellow']}], [{'status': 'ok', 'value': [1, 3, 5, 7, 9, 2, 4, 6, 8]}, {'status': 'ok', 'value': [1, 2, 3, 4, 5, 6, 7, 8]}, {'status': 'ok', 'value': ['red', 'blue', 'yellow']}], [{'status': 'ok', 'value': [1, 3, 5, 7, 9, 2, 4, 6, 8]}, {'status': 'ok', 'value': [1, 2, 3, 4, 5, 6, 7, 8]}, {'status': 'ok', 'value': ['red', 'blue', 'yellow']}], [{'status': 'ok', 'value': [1, 3, 5, 7, 9, 2, 4, 6, 8]}, {'status': 'ok', 'value': [1, 2, 3, 4, 5, 6, 7, 8]}, {'status': 'ok', 'value': ['red', 'blue', 'yellow']}], [{'status': 'ok', 'value': [1, 3, 5, 7, 9, 2, 4, 6, 8]}, {'status': 'ok', 'value': [1, 2, 3, 4, 5, 6, 7, 8]}, {'status': 'ok', 'value': ['red', 'blue', 'yellow']}]]",0.0,0.003609217589645747,4,0.0,0.0,0.0,1.0040566000025137,"[2.521749200001068, 2.500047199999244, 2.5876127000010456, 2.492058100000577, 2.5086525000006077]","[[{'status': 'ok', 'value': [1, 3, 5, 7, 9, 2, 4, 6, 8]}, {'status': 'ok', 'value': [1, 2, 3, 4, 5, 6, 7, 8]}, {'status': 'ok', 'value': ['red', 'blue', 'yellow']}], [{'status': 'ok', 'value': [1, 3, 5, 7, 9, 2, 4, 6, 8]}, {'status': 'ok', 'value': [1, 2, 3, 4, 5, 6, 7, 8]}, {'status': 'ok', 'value': ['red', 'blue', 'yellow']}], [{'status': 'ok', 'value': [1, 3, 5, 7, 9, 2, 4, 6, 8]}, {'status': 'ok', 'value': [1, 2, 3, 4, 5, 6, 7, 8]}, {'status': 'ok', 'value': ['red', 'blue', 'yellow']}], [{'status': 'ok', 'value': [1, 3, 5, 7, 9, 2, 4, 6, 8]}, {'status': 'ok', 'value': [1, 2, 3, 4, 5, 6, 7, 8]}, {'status': 'ok', 'value': ['red', 'blue', 'yellow']}], [{'status': 'ok', 'value': [1, 3, 5, 7, 9, 2, 4, 6, 8]}, {'status': 'ok', 'value': [1, 2, 3, 4, 5, 6, 7, 8]}, {'status': 'ok', 'value': ['red', 'blue', 'yellow']}]]",0.0,Mbpp/240,1,0.04361992824065173,0,0.01988115053018873,0,0.013399816368129815
3,816988ff5f6af317edab1d5fa66f27be4522316f2ee5386108efe0eab0da6404,prompt_plus_base_inputs,0.0,1,0.0,0.0,0.0,1.0983290999974997,"[0.5548603000024741, 0.5077345999998215, 0.49128790000031586, 0.4959067000017967, 0.5048874999993131]","[[{'status': 'ok', 'value': ['fox', 16, 19]}, {'status': 'ok', 'value': ['crazy', 16, 21]}, {'status': 'ok', 'value': ['will', 35, 39]}], [{'status': 'ok', 'value': ['fox', 16, 19]}, {'status': 'ok', 'value': ['crazy', 16, 21]}, {'status': 'ok', 'value': ['will', 35, 39]}], [{'status': 'ok', 'value': ['fox', 16, 19]}, {'status': 'ok', 'value': ['crazy', 16, 21]}, {'status': 'ok', 'value': ['will', 35, 39]}], [{'status': 'ok', 'value': ['fox', 16, 19]}, {'status': 'ok', 'value': ['crazy', 16, 21]}, {'status': 'ok', 'value': ['will', 35, 39]}], [{'status': 'ok', 'value': ['fox', 16, 19]}, {'status': 'ok', 'value': ['crazy', 16, 21]}, {'status': 'ok', 'value': ['will', 35, 39]}]]",0.0,0.022521175956075667,5,0.0,0.0,0.0,0.9286919000005582,"[1.7529794999973092, 1.8334262999997009, 1.8528771999990568, 1.8878565000013623, 1.633591300000262]","[[{'status': 'ok', 'value': ['fox', 16, 19]}, {'status': 'ok', 'value': ['crazy', 16, 21]}, {'status': 'ok', 'value': ['will', 35, 39]}], [{'status': 'ok', 'value': ['fox', 16, 19]}, {'status': 'ok', 'value': ['crazy', 16, 21]}, {'status': 'ok', 'value': ['will', 35, 39]}], [{'status': 'ok', 'value': ['fox', 16, 19]}, {'status': 'ok', 'value': ['crazy', 16, 21]}, {'status': 'ok', 'value': ['will', 35, 39]}], [{'status': 'ok', 'value': ['fox', 16, 19]}, {'status': 'ok', 'value': ['crazy', 16, 21]}, {'status': 'ok', 'value': ['will', 35, 39]}], [{'status': 'ok', 'value': ['fox', 16, 19]}, {'status': 'ok', 'value': ['crazy', 16, 21]}, {'status': 'ok', 'value': ['will', 35, 39]}]]",0.0,0.018907702523240366,3,0.0,0.0,0.0,1.2697999000010896,"[2.555261600002268, 2.4049779000015405, 2.3607259999989765, 2.4444516000003205, 2.4776154000028328]","[[{'status': 'ok', 'value': ['fox', 16, 19]}, {'status': 'ok', 'value': ['crazy', 16, 21]}, {'status': 'ok', 'value': ['will', 35, 39]}], [{'status': 'ok', 'value': ['fox', 16, 19]}, {'status': 'ok', 'value': ['crazy', 16, 21]}, {'status': 'ok', 'value': ['will', 35, 39]}], [{'status': 'ok', 'value': ['fox', 16, 19]}, {'status': 'ok', 'value': ['crazy', 16, 21]}, {'status': 'ok', 'value': ['will', 35, 39]}], [{'status': 'ok', 'value': ['fox', 16, 19]}, {'status': 'ok', 'value': ['crazy', 16, 21]}, {'status': 'ok', 'value': ['will', 35, 39]}], [{'status': 'ok', 'value': ['fox', 16, 19]}, {'status': 'ok', 'value': ['crazy', 16, 21]}, {'status': 'ok', 'value': ['will', 35, 39]}]]",0.0,Mbpp/607,0,0.012504352982926589,1,0.012595160245845047,1,0.009170027188417862
4,95510d57d3ac26a5640d1bfcd8232217b474c16b0abe83a10b8aa140f298a71f,prompt_plus_base_inputs,0.06940700808625336,2,0.2,0.2,0.16,1.3272122999987914,"[0.45866799999930663, 0.4112122000005911, 0.6357387999996718, 0.41188019999754033, 0.4108799999994517]","[[{'status': 'ok', 'value': True}, {'status': 'ok', 'value': False}, {'status': 'ok', 'value': False}, {'status': 'ok', 'value': True}], [{'status': 'ok', 'value': True}, {'status': 'ok', 'value': False}, {'status': 'ok', 'value': False}, {'status': 'ok', 'value': True}], [{'exception': 'wsl_worker_exit_1', 'status': 'runner_error'}, {'exception': 'wsl_worker_exit_1', 'status': 'runner_error'}, {'exception': 'wsl_worker_exit_1', 'status': 'runner_error'}, {'exception': 'wsl_worker_exit_1', 'status': 'runner_error'}], [{'status': 'ok', 'value': True}, {'status': 'ok', 'value': False}, {'status': 'ok', 'value': False}, {'status': 'ok', 'value': True}], [{'status': 'ok', 'value': True}, {'status': 'ok', 'value': False}, {'status': 'ok', 'value': False}, {'status': 'ok', 'value': True}]]",0.16,0.0009363295880149836,2,0.0,0.0,0.0,1.1095862000001944,"[1.1056054000000586, 1.0471104000025662, 1.049369199998182, 1.0432460000010906, 1.0446980000015174]","[[{'status': 'ok', 'value': True}, {'status': 'ok', 'value': False}, {'status': 'ok', 'value': False}, {'status': 'ok', 'value': True}], [{'status': 'ok', 'value': True}, {'status': 'ok', 'value': False}, {'status': 'ok', 'value': False}, {'status': 'ok', 'value': True}], [{'status': 'ok', 'value': True}, {'status': 'ok', 'value': False}, {'status': 'ok', 'value': False}, {'status': 'ok', 'value': True}], [{'status': 'ok', 'value': True}, {'status': 'ok', 'value': False}, {'status': 'ok', 'value': False}, {'status': 'ok', 'value': True}], [{'status': 'ok', 'value': True}, {'status': 'ok', 'value': False}, {'status': 'ok', 'value': False}, {'status': 'ok', 'value': True}]]",0.0,0.0,1,0.0,0.0,0.0,0.8662456999991264,"[2.7289519000005384, 2.6407240999978967, 2.647107800003141, 2.648944600001414, 2.629498099999182]","[[{'status': 'ok', 'value': True}, {'status': 'ok', 'value': False}, {'status': 'ok', 'value': False}, {'status': 'ok', 'value': True}], [{'status': 'ok', 'value': True}, {'status': 'ok', 'value': False}, {'status': 'ok', 'value': False}, {'status': 'ok', 'value': True}], [{'status': 'ok', 'value': True}, {'status': 'ok', 'value': False}, {'status': 'ok', 'value': False}, {'status': 'ok', 'value': True}], [{'status': 'ok', 'value': True}, {'status': 'ok', 'value': False}, {'status': 'ok', 'value': False}, {'status': 'ok', 'value': True}], [{'status': 'ok', 'value': True}, {'status': 'ok', 'value': False}, {'status': 'ok', 'value': False}, {'status': 'ok', 'value': True}]]",0.0,Mbpp/58,0,0.011567025319255556,0,0.008188307453863786,0,0.004088193176041447
3,4459b67ef4c616337a48eec85c0845f046392388ede292a1495119281e26e3fb,prompt_plus_base_inputs,0.6852998680287404,4,0.21780635106175728,0.8,0.28,1.158509500000946,"[0.8637224000012793, 0.6507452000005287, 0.8665854000028048, 0.624769699999888, 0.6427036999994016]","[[{'status': 'ok', 'value': 116}, {'status': 'ok', 'value': 18}, {'status': 'ok', 'value': 3}], [{'status': 'ok', 'value': 106}, {'status': 'ok', 'value': 12}, {'status': 'ok', 'value': 2}], [{'status': 'ok', 'value': 236}, {'status': 'ok', 'value': 24}, {'status': 'ok', 'value': 4}], [{'status': 'ok', 'value': 106}, {'status': 'ok', 'value': 12}, {'status': 'ok', 'value': 2}], [{'status': 'ok', 'value': 106}, {'status': 'ok', 'value': 12}, {'status': 'ok', 'value': 2}]]",0.1055951685174362,0.5329981993172966,5,0.02809224318658281,0.13333333333333333,0.10666666666666666,1.0728524000005564,"[2.913085799998953, 3.6006086000015785, 3.0708257000005688, 2.8129995000017516, 3.0196691999990435]","[[{'status': 'ok', 'value': 106}, {'status': 'ok', 'value': 12}, {'status': 'ok', 'value': 2}], [{'status': 'ok', 'value': 79}, {'status': 'ok', 'value': 10}, {'status': 'ok', 'value': 2}], [{'status': 'ok', 'value': 106}, {'status': 'ok', 'value': 12}, {'status': 'ok', 'value': 2}], [{'status': 'ok', 'value': 106}, {'status': 'ok', 'value': 12}, {'status': 'ok', 'value': 2}], [{'status': 'ok', 'value': 106}, {'status': 'ok', 'value': 12}, {'status': 'ok', 'value': 2}]]",0.02247379454926625,0.8479245500631968,5,0.2,0.2,0.16,1.1614134999981616,"[3.9712729999992007, 2.595095599997876, 2.893885400000727, 2.877216500000941, 2.956974699998682]","[[{'status': 'ok', 'value': 106}, {'status': 'ok', 'value': 12}, {'status': 'ok', 'value': 2}], [{'status': 'ok', 'value': 106}, {'status': 'ok', 'value': 12}, {'status': 'ok', 'value': 2}], [{'status': 'ok', 'value': 106}, {'status': 'ok', 'value': 12}, {'status': 'ok', 'value': 2}], [{'status': 'ok', 'value': 106}, {'status': 'ok', 'value': 12}, {'status': 'ok', 'value': 2}], [{'exception': 'RecursionError', 'status': 'exception'}, {'exception': 'RecursionError', 'status': 'exception'}, {'exception': 'RecursionError', 'status': 'exception'}]]",0.16,Mbpp/392,1,0.0680942629693703,0,0.05048597110281832,1,0.04383825121533036
3,20fdcc72fb7f738f010fb8cd772d60660d3a652a8e504b35dc5b45d594a3675a,prompt_plus_base_inputs,0.0,2,0.0,0.0,0.0,1.1096440000001166,"[0.32360919999700855, 0.2482958000000508, 0.24853599999914877, 0.2443237000006775, 0.25918210000236286]","[[{'status': 'ok', 'value': [1, 4, 9, 16, 25, 36, 49, 64, 81, 100]}, {'status': 'ok', 'value': [1000, 8000, 27000]}, {'status': 'ok', 'value': [248832, 759375]}], [{'status': 'ok', 'value': [1, 4, 9, 16, 25, 36, 49, 64, 81, 100]}, {'status': 'ok', 'value': [1000, 8000, 27000]}, {'status': 'ok', 'value': [248832, 759375]}], [{'status': 'ok', 'value': [1, 4, 9, 16, 25, 36, 49, 64, 81, 100]}, {'status': 'ok', 'value': [1000, 8000, 27000]}, {'status': 'ok', 'value': [248832, 759375]}], [{'status': 'ok', 'value': [1, 4, 9, 16, 25, 36, 49, 64, 81, 100]}, {'status': 'ok', 'value': [1000, 8000, 27000]}, {'status': 'ok', 'value': [248832, 759375]}], [{'status': 'ok', 'value': [1, 4, 9, 16, 25, 36, 49, 64, 81, 100]}, {'status': 'ok', 'value': [1000, 8000, 27000]}, {'status': 'ok', 'value': [248832, 759375]}]]",0.0,0.1208668453976765,2,0.0,0.0,0.0,1.1077211999981955,"[1.24344740000015, 1.1488066000019899, 1.0375605000008363, 1.1710491999983788, 1.1690510000007635]","[[{'status': 'ok', 'value': [1, 4, 9, 16, 25, 36, 49, 64, 81, 100]}, {'status': 'ok', 'value': [1000, 8000, 27000]}, {'status': 'ok', 'value': [248832, 759375]}], [{'status': 'ok', 'value': [1, 4, 9, 16, 25, 36, 49, 64, 81, 100]}, {'status': 'ok', 'value': [1000, 8000, 27000]}, {'status': 'ok', 'value': [248832, 759375]}], [{'status': 'ok', 'value': [1, 4, 9, 16, 25, 36, 49, 64, 81, 100]}, {'status': 'ok', 'value': [1000, 8000, 27000]}, {'status': 'ok', 'value': [248832, 759375]}], [{'status': 'ok', 'value': [1, 4, 9, 16, 25, 36, 49, 64, 81, 100]}, {'status': 'ok', 'value': [1000, 8000, 27000]}, {'status': 'ok', 'value': [248832, 759375]}], [{'status': 'ok', 'value': [1, 4, 9, 16, 25, 36, 49, 64, 81, 100]}, {'status': 'ok', 'value': [1000, 8000, 27000]}, {'status': 'ok', 'value': [248832, 759375]}]]",0.0,0.004237288135593209,2,0.0,0.0,0.0,1.1860568999982206,"[0.870862899999338, 0.7683475999983784, 0.7564430000020366, 0.7718576000006578, 0.7499181000021053]","[[{'status': 'ok', 'value': [1, 4, 9, 16, 25, 36, 49, 64, 81, 100]}, {'status': 'ok', 'value': [1000, 8000, 27000]}, {'status': 'ok', 'value': [248832, 759375]}], [{'status': 'ok', 'value': [1, 4, 9, 16, 25, 36, 49, 64, 81, 100]}, {'status': 'ok', 'value': [1000, 8000, 27000]}, {'status': 'ok', 'value': [248832, 759375]}], [{'status': 'ok', 'value': [1, 4, 9, 16, 25, 36, 49, 64, 81, 100]}, {'status': 'ok', 'value': [1000, 8000, 27000]}, {'status': 'ok', 'value': [248832, 759375]}], [{'status': 'ok', 'value': [1, 4, 9, 16, 25, 36, 49, 64, 81, 100]}, {'status': 'ok', 'value': [1000, 8000, 27000]}, {'status': 'ok', 'value': [248832, 759375]}], [{'status': 'ok', 'value': [1, 4, 9, 16, 25, 36, 49, 64, 81, 100]}, {'status': 'ok', 'value': [1000, 8000, 27000]}, {'status': 'ok', 'value': [248832, 759375]}]]",0.0,Mbpp/623,0,0.03176053666552261,0,0.014181818201388568,0,0.023329172214735343
3,328552f7c79b923aa74cc917edc8e3c3e3568e89a11db19c8d45dccbaf6ab545,prompt_plus_base_inputs,0.0,1,0.0,0.0,0.0,0.9011657000010018,"[0.2886164000010467, 0.261133099997096, 0.2619077000017569, 0.25633270000253106, 0.26421579999805545]","[[{'status': 'ok', 'value': 0}, {'status': 'ok', 'value': 15}, {'status': 'ok', 'value': -30}], [{'status': 'ok', 'value': 0}, {'status': 'ok', 'value': 15}, {'status': 'ok', 'value': -30}], [{'status': 'ok', 'value': 0}, {'status': 'ok', 'value': 15}, {'status': 'ok', 'value': -30}], [{'status': 'ok', 'value': 0}, {'status': 'ok', 'value': 15}, {'status': 'ok', 'value': -30}], [{'status': 'ok', 'value': 0}, {'status': 'ok', 'value': 15}, {'status': 'ok', 'value': -30}]]",0.0,0.23785663492397935,3,0.0,0.0,0.0,1.278499300002295,"[0.4960046999985934, 0.46306239999830723, 1.6868167000029644, 1.5914010999986203, 1.5430010999989463]","[[{'status': 'ok', 'value': 0}, {'status': 'ok', 'value': 15}, {'status': 'ok', 'value': -30}], [{'status': 'ok', 'value': 0}, {'status': 'ok', 'value': 15}, {'status': 'ok', 'value': -30}], [{'status': 'ok', 'value': 0}, {'status': 'ok', 'value': 15}, {'status': 'ok', 'value': -30}], [{'status': 'ok', 'value': 0}, {'status': 'ok', 'value': 15}, {'status': 'ok', 'value': -30}], [{'status': 'ok', 'value': 0}, {'status': 'ok', 'value': 15}, {'status': 'ok', 'value': -30}]]",0.0,0.08056478405315615,2,0.0,0.0,0.0,1.1997669999982463,"[0.7436507999991591, 0.6765470999998797, 2.2077580000004673, 0.7017153000015242, 0.6840147000002617]","[[{'status': 'ok', 'value': 0}, {'status': 'ok', 'value': 15}, {'status': 'ok', 'value': -30}], [{'status': 'ok', 'value': 0}, {'status': 'ok', 'value': 15}, {'status': 'ok', 'value': -30}], [{'status': 'ok', 'value': 0}, {'status': 'ok', 'value': 15}, {'status': 'ok', 'value': -30}], [{'status': 'ok', 'value': 0}, {'status': 'ok', 'value': 15}, {'status': 'ok', 'value': -30}], [{'status': 'ok', 'value': 0}, {'status': 'ok', 'value': 15}, {'status': 'ok', 'value': -30}]]",0.0,Mbpp/227,0,0.0009884595575198791,0,0.01985146262098748,0,0.007034795656320477
3,b540c60461707bc76b98a9be0ed4b74701a4d0f87ba92cf3c84cb7564a5e7a1e,prompt_plus_base_inputs,0.0,2,0.0,0.0,0.0,1.0415883999994549,"[0.6985870999997132, 0.6448382999988098, 0.645271599998523, 0.6253691000019899, 0.6417192000008072]","[[{'status': 'ok', 'value': [[6, 24, 12]]}, {'status': 'ok', 'value': [[5, 25, 30]]}, {'status': 'ok', 'value': [[8, 16, 4]]}], [{'status': 'ok', 'value': [[6, 24, 12]]}, {'status': 'ok', 'value': [[5, 25, 30]]}, {'status': 'ok', 'value': [[8, 16, 4]]}], [{'status': 'ok', 'value': [[6, 24, 12]]}, {'status': 'ok', 'value': [[5, 25, 30]]}, {'status': 'ok', 'value': [[8, 16, 4]]}], [{'status': 'ok', 'value': [[6, 24, 12]]}, {'status': 'ok', 'value': [[5, 25, 30]]}, {'status': 'ok', 'value': [[8, 16, 4]]}], [{'status': 'ok', 'value': [[6, 24, 12]]}, {'status': 'ok', 'value': [[5, 25, 30]]}, {'status': 'ok', 'value': [[8, 16, 4]]}]]",0.0,0.017865946418007178,4,0.0,0.0,0.0,1.1133934999998019,"[1.5064878000011959, 1.5721346999998786, 1.6864272999991954, 1.6629898999999568, 1.4769167999984347]","[[{'status': 'ok', 'value': [[6, 24, 12]]}, {'status': 'ok', 'value': [[5, 25, 30]]}, {'status': 'ok', 'value': [[8, 16, 4]]}], [{'status': 'ok', 'value': [[6, 24, 12]]}, {'status': 'ok', 'value': [[5, 25, 30]]}, {'status': 'ok', 'value': [[8, 16, 4]]}], [{'status': 'ok', 'value': [[6, 24, 12]]}, {'status': 'ok', 'value': [[5, 25, 30]]}, {'status': 'ok', 'value': [[8, 16, 4]]}], [{'status': 'ok', 'value': [[6, 24, 12]]}, {'status': 'ok', 'value': [[5, 25, 30]]}, {'status': 'ok', 'value': [[8, 16, 4]]}], [{'status': 'ok', 'value': [[6, 24, 12]]}, {'status': 'ok', 'value': [[5, 25, 30]]}, {'status': 'ok', 'value': [[8, 16, 4]]}]]",0.0,0.0058711086837793525,2,0.0,0.0,0.0,1.0239241999988735,"[2.1666294999995444, 2.1074345000015455, 2.3534872000018368, 2.237327399998321, 2.236689400000614]","[[{'status': 'ok', 'value': [[6, 24, 12]]}, {'status': 'ok', 'value': [[5, 25, 30]]}, {'status': 'ok', 'value': [[8, 16, 4]]}], [{'status': 'ok', 'value': [[6, 24, 12]]}, {'status': 'ok', 'value': [[5, 25, 30]]}, {'status': 'ok', 'value': [[8, 16, 4]]}], [{'status': 'ok', 'value': [[6, 24, 12]]}, {'status': 'ok', 'value': [[5, 25, 30]]}, {'status': 'ok', 'value': [[8, 16, 4]]}], [{'status': 'ok', 'value': [[6, 24, 12]]}, {'status': 'ok', 'value': [[5, 25, 30]]}, {'status': 'ok', 'value': [[8, 16, 4]]}], [{'status': 'ok', 'value': [[6, 24, 12]]}, {'status': 'ok', 'value': [[5, 25, 30]]}, {'status': 'ok', 'value': [[8, 16, 4]]}]]",0.0,Mbpp/75,0,0.014156187949401289,0,0.01175134348996927,0,0.009594911019026346
3,684344e398d0888072e103158b5df4b25582c3ea6a34c0b50fd5a0694a92b188,prompt_plus_base_inputs,0.30010727654836294,4,0.0,0.0,0.0,1.224252300002263,"[0.29307780000090133, 0.23607370000172523, 0.6227225000002363, 0.44085569999879226, 0.9056229000016174]","[[{'status': 'ok', 'value': [5, 6, 7, 9, 10]}, {'status': 'ok', 'value': [6, 7, 8, 10, 11]}, {'status': 'ok', 'value': [7, 8, 9, 11, 12]}], [{'status': 'ok', 'value': [5, 6, 7, 9, 10]}, {'status': 'ok', 'value': [6, 7, 8, 10, 11]}, {'status': 'ok', 'value': [7, 8, 9, 11, 12]}], [{'status': 'ok', 'value': [5, 6, 7, 9, 10]}, {'status': 'ok', 'value': [6, 7, 8, 10, 11]}, {'status': 'ok', 'value': [7, 8, 9, 11, 12]}], [{'status': 'ok', 'value': [5, 6, 7, 9, 10]}, {'status': 'ok', 'value': [6, 7, 8, 10, 11]}, {'status': 'ok', 'value': [7, 8, 9, 11, 12]}], [{'status': 'ok', 'value': [5, 6, 7, 9, 10]}, {'status': 'ok', 'value': [6, 7, 8, 10, 11]}, {'status': 'ok', 'value': [7, 8, 9, 11, 12]}]]",0.0,0.3123752016203762,5,0.0,0.0,0.0,1.1879442000026756,"[1.0690442000013718, 1.05362089999835, 1.0622576999994635, 1.1098419000009017, 1.1268764000014926]","[[{'status': 'ok', 'value': [5, 6, 7, 9, 10]}, {'status': 'ok', 'value': [6, 7, 8, 10, 11]}, {'status': 'ok', 'value': [7, 8, 9, 11, 12]}], [{'status': 'ok', 'value': [5, 6, 7, 9, 10]}, {'status': 'ok', 'value': [6, 7, 8, 10, 11]}, {'status': 'ok', 'value': [7, 8, 9, 11, 12]}], [{'status': 'ok', 'value': [5, 6, 7, 9, 10]}, {'status': 'ok', 'value': [6, 7, 8, 10, 11]}, {'status': 'ok', 'value': [7, 8, 9, 11, 12]}], [{'status': 'ok', 'value': [5, 6, 7, 9, 10]}, {'status': 'ok', 'value': [6, 7, 8, 10, 11]}, {'status': 'ok', 'value': [7, 8, 9, 11, 12]}], [{'status': 'ok', 'value': [5, 6, 7, 9, 10]}, {'status': 'ok', 'value': [6, 7, 8, 10, 11]}, {'status': 'ok', 'value': [7, 8, 9, 11, 12]}]]",0.0,0.5374727367433685,5,0.0,0.0,0.0,1.103274600001896,"[1.757751000001008, 1.6096051999993506, 1.586820100001205, 1.6771665999985998, 1.6075388999997813]","[[{'status': 'ok', 'value': [5, 6, 7, 9, 10]}, {'status': 'ok', 'value': [6, 7, 8, 10, 11]}, {'status': 'ok', 'value': [7, 8, 9, 11, 12]}], [{'status': 'ok', 'value': [5, 6, 7, 9, 10]}, {'status': 'ok', 'value': [6, 7, 8, 10, 11]}, {'status': 'ok', 'value': [7, 8, 9, 11, 12]}], [{'status': 'ok', 'value': [5, 6, 7, 9, 10]}, {'status': 'ok', 'value': [6, 7, 8, 10, 11]}, {'status': 'ok', 'value': [7, 8, 9, 11, 12]}], [{'status': 'ok', 'value': [5, 6, 7, 9, 10]}, {'status': 'ok', 'value': [6, 7, 8, 10, 11]}, {'status': 'ok', 'value': [7, 8, 9, 11, 12]}], [{'status': 'ok', 'value': [5, 6, 7, 9, 10]}, {'status': 'ok', 'value': [6, 7, 8, 10, 11]}, {'status': 'ok', 'value': [7, 8, 9, 11, 12]}]]",0.0,Mbpp/750,0,0.08020095751904224,0,0.030421844302410524,0,0.02602471225129698
3,0445d7bf8bfb38c24e96b3442098d43b592dec78b793ca507d5cd1d1566f7956,prompt_plus_base_inputs,0.20544968444119724,5,0.0,0.0,0.0,1.0745390999982192,"[1.0759391999999934, 0.982199900001433, 1.049531399999978, 0.921213000001444, 0.9089299000006577]","[[{'status': 'ok', 'value': [1, 2, 3, 4, 0, 0]}, {'status': 'ok', 'value': [2, 3, 2, 4, 5, 0, 0, 0, 0]}, {'status': 'ok', 'value': [1, 1, 1, 0, 0]}], [{'status': 'ok', 'value': [1, 2, 3, 4, 0, 0]}, {'status': 'ok', 'value': [2, 3, 2, 4, 5, 0, 0, 0, 0]}, {'status': 'ok', 'value': [1, 1, 1, 0, 0]}], [{'status': 'ok', 'value': [1, 2, 3, 4, 0, 0]}, {'status': 'ok', 'value': [2, 3, 2, 4, 5, 0, 0, 0, 0]}, {'status': 'ok', 'value': [1, 1, 1, 0, 0]}], [{'status': 'ok', 'value': [1, 2, 3, 4, 0, 0]}, {'status': 'ok', 'value': [2, 3, 2, 4, 5, 0, 0, 0, 0]}, {'status': 'ok', 'value': [1, 1, 1, 0, 0]}], [{'status': 'ok', 'value': [1, 2, 3, 4, 0, 0]}, {'status': 'ok', 'value': [2, 3, 2, 4, 5, 0, 0, 0, 0]}, {'status': 'ok', 'value': [1, 1, 1, 0, 0]}]]",0.0,0.18612129309544934,5,0.0,0.0,0.0,1.1374150999981794,"[1.9420635999995284, 1.3588806000007025, 1.2559008999996877, 1.6701480000010633, 1.7307137999996485]","[[{'status': 'ok', 'value': [1, 2, 3, 4, 0, 0]}, {'status': 'ok', 'value': [2, 3, 2, 4, 5, 0, 0, 0, 0]}, {'status': 'ok', 'value': [1, 1, 1, 0, 0]}], [{'status': 'ok', 'value': [1, 2, 3, 4, 0, 0]}, {'status': 'ok', 'value': [2, 3, 2, 4, 5, 0, 0, 0, 0]}, {'status': 'ok', 'value': [1, 1, 1, 0, 0]}], [{'status': 'ok', 'value': [1, 2, 3, 4, 0, 0]}, {'status': 'ok', 'value': [2, 3, 2, 4, 5, 0, 0, 0, 0]}, {'status': 'ok', 'value': [1, 1, 1, 0, 0]}], [{'status': 'ok', 'value': [1, 2, 3, 4, 0, 0]}, {'status': 'ok', 'value': [2, 3, 2, 4, 5, 0, 0, 0, 0]}, {'status': 'ok', 'value': [1, 1, 1, 0, 0]}], [{'status': 'ok', 'value': [1, 2, 3, 4, 0, 0]}, {'status': 'ok', 'value': [2, 3, 2, 4, 5, 0, 0, 0, 0]}, {'status': 'ok', 'value': [1, 1, 1, 0, 0]}]]",0.0,0.467866424787868,5,0.0,0.0,0.0,1.0571878000009747,"[2.444691299999249, 3.1778837999991083, 3.6310128000004624, 2.5895144999994955, 3.3814598999997543]","[[{'status': 'ok', 'value': [1, 2, 3, 4, 0, 0]}, {'status': 'ok', 'value': [2, 3, 2, 4, 5, 0, 0, 0, 0]}, {'status': 'ok', 'value': [1, 1, 1, 0, 0]}], [{'status': 'ok', 'value': [1, 2, 3, 4, 0, 0]}, {'status': 'ok', 'value': [2, 3, 2, 4, 5, 0, 0, 0, 0]}, {'status': 'ok', 'value': [1, 1, 1, 0, 0]}], [{'status': 'ok', 'value': [1, 2, 3, 4, 0, 0]}, {'status': 'ok', 'value': [2, 3, 2, 4, 5, 0, 0, 0, 0]}, {'status': 'ok', 'value': [1, 1, 1, 0, 0]}], [{'status': 'ok', 'value': [1, 2, 3, 4, 0, 0]}, {'status': 'ok', 'value': [2, 3, 2, 4, 5, 0, 0, 0, 0]}, {'status': 'ok', 'value': [1, 1, 1, 0, 0]}], [{'status': 'ok', 'value': [1, 2, 3, 4, 0, 0]}, {'status': 'ok', 'value': [2, 3, 2, 4, 5, 0, 0, 0, 0]}, {'status': 'ok', 'value': [1, 1, 1, 0, 0]}]]",0.0,Mbpp/632,0,0.06698179246324043,0,0.030184393725397347,0,0.04047802085437563
3,c6d0bd21b10fb0ce28af7d3b3df9bd8a59009efb81e7a1238c3a8a223a25b7f3,prompt_plus_base_inputs,0.08130213588643523,3,0.0,0.0,0.0,1.29690649999975,"[0.7472373000018706, 0.677595700002712, 0.39307519999783835, 0.4068920999998227, 0.6685770000003686]","[[{'status': 'ok', 'value': [-500, -12, 0, 4, 7, 12, 45, 100, 200]}, {'status': 'ok', 'value': [1, 1, 1, 2, 2, 2, 2, 3, 3, 4, 4, 5, 6, 6, 6, 7, 8, 8, 9, 9]}, {'status': 'ok', 'value': [1, 1, 1, 3, 3, 5, 5, 7, 7, 9, 11, 13, 15, 17]}], [{'status': 'ok', 'value': [-500, -12, 0, 4, 7, 12, 45, 100, 200]}, {'status': 'ok', 'value': [1, 1, 1, 2, 2, 2, 2, 3, 3, 4, 4, 5, 6, 6, 6, 7, 8, 8, 9, 9]}, {'status': 'ok', 'value': [1, 1, 1, 3, 3, 5, 5, 7, 7, 9, 11, 13, 15, 17]}], [{'status': 'ok', 'value': [-500, -12, 0, 4, 7, 12, 45, 100, 200]}, {'status': 'ok', 'value': [1, 1, 1, 2, 2, 2, 2, 3, 3, 4, 4, 5, 6, 6, 6, 7, 8, 8, 9, 9]}, {'status': 'ok', 'value': [1, 1, 1, 3, 3, 5, 5, 7, 7, 9, 11, 13, 15, 17]}], [{'status': 'ok', 'value': [-500, -12, 0, 4, 7, 12, 45, 100, 200]}, {'status': 'ok', 'value': [1, 1, 1, 2, 2, 2, 2, 3, 3, 4, 4, 5, 6, 6, 6, 7, 8, 8, 9, 9]}, {'status': 'ok', 'value': [1, 1, 1, 3, 3, 5, 5, 7, 7, 9, 11, 13, 15, 17]}], [{'status': 'ok', 'value': [-500, -12, 0, 4, 7, 12, 45, 100, 200]}, {'status': 'ok', 'value': [1, 1, 1, 2, 2, 2, 2, 3, 3, 4, 4, 5, 6, 6, 6, 7, 8, 8, 9, 9]}, {'status': 'ok', 'value': [1, 1, 1, 3, 3, 5, 5, 7, 7, 9, 11, 13, 15, 17]}]]",0.0,0.06136367665625167,5,0.0,0.0,0.0,1.136109300001408,"[0.9367627000028733, 0.839908199999627, 1.0832782000034058, 0.8893902999989223, 0.872622599999886]","[[{'status': 'ok', 'value': [-500, -12, 0, 4, 7, 12, 45, 100, 200]}, {'status': 'ok', 'value': [1, 1, 1, 2, 2, 2, 2, 3, 3, 4, 4, 5, 6, 6, 6, 7, 8, 8, 9, 9]}, {'status': 'ok', 'value': [1, 1, 1, 3, 3, 5, 5, 7, 7, 9, 11, 13, 15, 17]}], [{'status': 'ok', 'value': [-500, -12, 0, 4, 7, 12, 45, 100, 200]}, {'status': 'ok', 'value': [1, 1, 1, 2, 2, 2, 2, 3, 3, 4, 4, 5, 6, 6, 6, 7, 8, 8, 9, 9]}, {'status': 'ok', 'value': [1, 1, 1, 3, 3, 5, 5, 7, 7, 9, 11, 13, 15, 17]}], [{'status': 'ok', 'value': [-500, -12, 0, 4, 7, 12, 45, 100, 200]}, {'status': 'ok', 'value': [1, 1, 1, 2, 2, 2, 2, 3, 3, 4, 4, 5, 6, 6, 6, 7, 8, 8, 9, 9]}, {'status': 'ok', 'value': [1, 1, 1, 3, 3, 5, 5, 7, 7, 9, 11, 13, 15, 17]}], [{'status': 'ok', 'value': [-500, -12, 0, 4, 7, 12, 45, 100, 200]}, {'status': 'ok', 'value': [1, 1, 1, 2, 2, 2, 2, 3, 3, 4, 4, 5, 6, 6, 6, 7, 8, 8, 9, 9]}, {'status': 'ok', 'value': [1, 1, 1, 3, 3, 5, 5, 7, 7, 9, 11, 13, 15, 17]}], [{'status': 'ok', 'value': [-500, -12, 0, 4, 7, 12, 45, 100, 200]}, {'status': 'ok', 'value': [1, 1, 1, 2, 2, 2, 2, 3, 3, 4, 4, 5, 6, 6, 6, 7, 8, 8, 9, 9]}, {'status': 'ok', 'value': [1, 1, 1, 3, 3, 5, 5, 7, 7, 9, 11, 13, 15, 17]}]]",0.0,0.12225385938860045,5,0.0,0.0,0.0,1.1401226999987557,"[1.5576027000024624, 1.3375745000012103, 1.3039700000008452, 1.3923509000014747, 1.4318380000004254]","[[{'status': 'ok', 'value': [-500, -12, 0, 4, 7, 12, 45, 100, 200]}, {'status': 'ok', 'value': [1, 1, 1, 2, 2, 2, 2, 3, 3, 4, 4, 5, 6, 6, 6, 7, 8, 8, 9, 9]}, {'status': 'ok', 'value': [1, 1, 1, 3, 3, 5, 5, 7, 7, 9, 11, 13, 15, 17]}], [{'status': 'ok', 'value': [-500, -12, 0, 4, 7, 12, 45, 100, 200]}, {'status': 'ok', 'value': [1, 1, 1, 2, 2, 2, 2, 3, 3, 4, 4, 5, 6, 6, 6, 7, 8, 8, 9, 9]}, {'status': 'ok', 'value': [1, 1, 1, 3, 3, 5, 5, 7, 7, 9, 11, 13, 15, 17]}], [{'status': 'ok', 'value': [-500, -12, 0, 4, 7, 12, 45, 100, 200]}, {'status': 'ok', 'value': [1, 1, 1, 2, 2, 2, 2, 3, 3, 4, 4, 5, 6, 6, 6, 7, 8, 8, 9, 9]}, {'status': 'ok', 'value': [1, 1, 1, 3, 3, 5, 5, 7, 7, 9, 11, 13, 15, 17]}], [{'status': 'ok', 'value': [-500, -12, 0, 4, 7, 12, 45, 100, 200]}, {'status': 'ok', 'value': [1, 1, 1, 2, 2, 2, 2, 3, 3, 4, 4, 5, 6, 6, 6, 7, 8, 8, 9, 9]}, {'status': 'ok', 'value': [1, 1, 1, 3, 3, 5, 5, 7, 7, 9, 11, 13, 15, 17]}], [{'status': 'ok', 'value': [-500, -12, 0, 4, 7, 12, 45, 100, 200]}, {'status': 'ok', 'value': [1, 1, 1, 2, 2, 2, 2, 3, 3, 4, 4, 5, 6, 6, 6, 7, 8, 8, 9, 9]}, {'status': 'ok', 'value': [1, 1, 1, 3, 3, 5, 5, 7, 7, 9, 11, 13, 15, 17]}]]",0.0,Mbpp/749,0,0.03498183385505045,0,0.045038435266991646,0,0.03847462121477651
3,f0331dc6771df69d4c5aa6faabc36cbefb990a922a7d78031e3c013a98e241e6,prompt_plus_base_inputs,0.8798461849316799,5,0.6666666666666666,0.6666666666666666,0.25333333333333335,0.48321980000037,"[3.4863599999989674, 5.188726600001246, 5.2086195000010775, 5.193749300000491, 5.243353300000308]","[[{'status': 'ok', 'value': True}, {'status': 'ok', 'value': True}, {'status': 'ok', 'value': True}], [{'exception': 'syntax_error:invalid syntax', 'status': 'parse_error'}, {'exception': 'syntax_error:invalid syntax', 'status': 'parse_error'}, {'exception': 'syntax_error:invalid syntax', 'status': 'parse_error'}], [{'exception': 'syntax_error:invalid syntax', 'status': 'parse_error'}, {'exception': 'syntax_error:invalid syntax', 'status': 'parse_error'}, {'exception': 'syntax_error:invalid syntax', 'status': 'parse_error'}], [{'exception': 'syntax_error:invalid syntax', 'status': 'parse_error'}, {'exception': 'syntax_error:invalid syntax', 'status': 'parse_error'}, {'exception': 'syntax_error:invalid syntax', 'status': 'parse_error'}], [{'status': 'ok', 'value': True}, {'status': 'ok', 'value': False}, {'status': 'ok', 'value': True}]]",0.25333333333333335,0.5755881686251467,5,0.3333333333333333,0.3333333333333333,0.24,0.8587360999990779,"[4.427499500001431, 4.982790699999896, 4.272016800001438, 4.0030325000007, 7.229350199999317]","[[{'status': 'ok', 'value': True}, {'status': 'ok', 'value': False}, {'status': 'ok', 'value': True}], [{'status': 'ok', 'value': True}, {'status': 'ok', 'value': False}, {'status': 'ok', 'value': True}], [{'status': 'ok', 'value': True}, {'status': 'ok', 'value': False}, {'status': 'ok', 'value': True}], [{'status': 'ok', 'value': False}, {'status': 'ok', 'value': False}, {'status': 'ok', 'value': False}], [{'exception': 'syntax_error:invalid syntax', 'status': 'parse_error'}, {'exception': 'syntax_error:invalid syntax', 'status': 'parse_error'}, {'exception': 'syntax_error:invalid syntax', 'status': 'parse_error'}]]",0.24,0.24979442220764925,5,0.0,0.0,0.0,1.0987749000014446,"[5.949208900001395, 6.835928299999068, 5.97687120000046, 7.350030699999479, 5.580765499998961]","[[{'status': 'ok', 'value': True}, {'status': 'ok', 'value': False}, {'status': 'ok', 'value': True}], [{'status': 'ok', 'value': True}, {'status': 'ok', 'value': False}, {'status': 'ok', 'value': True}], [{'status': 'ok', 'value': True}, {'status': 'ok', 'value': False}, {'status': 'ok', 'value': True}], [{'status': 'ok', 'value': True}, {'status': 'ok', 'value': False}, {'status': 'ok', 'value': True}], [{'status': 'ok', 'value': True}, {'status': 'ok', 'value': False}, {'status': 'ok', 'value': True}]]",0.0,Mbpp/92,1,0.19706121424072293,0,0.031819847036984004,1,0.029130672333868568
3,103cac77c5567c317aa6ffd94da191ea6922ffb5a5325025e17cdb226454a2df,prompt_plus_base_inputs,0.0,1,0.0,0.0,0.0,0.9641716000005545,"[0.29447740000250633, 0.21004460000040126, 0.21769359999962035, 0.22035350000078324, 0.21190180000121472]","[[{'status': 'ok', 'value': 4}, {'status': 'ok', 'value': 3}, {'status': 'ok', 'value': 8}], [{'status': 'ok', 'value': 4}, {'status': 'ok', 'value': 3}, {'status': 'ok', 'value': 8}], [{'status': 'ok', 'value': 4}, {'status': 'ok', 'value': 3}, {'status': 'ok', 'value': 8}], [{'status': 'ok', 'value': 4}, {'status': 'ok', 'value': 3}, {'status': 'ok', 'value': 8}], [{'status': 'ok', 'value': 4}, {'status': 'ok', 'value': 3}, {'status': 'ok', 'value': 8}]]",0.0,0.09244426007137871,4,0.0,0.0,0.0,1.0597339999985707,"[1.6423151999988477, 1.6090670000012324, 1.6034067000000505, 1.258748000000196, 1.1038627000016277]","[[{'status': 'ok', 'value': 4}, {'status': 'ok', 'value': 3}, {'status': 'ok', 'value': 8}], [{'status': 'ok', 'value': 4}, {'status': 'ok', 'value': 3}, {'status': 'ok', 'value': 8}], [{'status': 'ok', 'value': 4}, {'status': 'ok', 'value': 3}, {'status': 'ok', 'value': 8}], [{'status': 'ok', 'value': 4}, {'status': 'ok', 'value': 3}, {'status': 'ok', 'value': 8}], [{'status': 'ok', 'value': 4}, {'status': 'ok', 'value': 3}, {'status': 'ok', 'value': 8}]]",0.0,0.06004867933668498,3,0.0,0.0,0.0,1.3412115999999514,"[1.8390261000022292, 1.783442500000092, 0.7481592999974964, 1.783247899998969, 1.8033488000000943]","[[{'status': 'ok', 'value': 4}, {'status': 'ok', 'value': 3}, {'status': 'ok', 'value': 8}], [{'status': 'ok', 'value': 4}, {'status': 'ok', 'value': 3}, {'status': 'ok', 'value': 8}], [{'status': 'ok', 'value': 4}, {'status': 'ok', 'value': 3}, {'status': 'ok', 'value': 8}], [{'status': 'ok', 'value': 4}, {'status': 'ok', 'value': 3}, {'status': 'ok', 'value': 8}], [{'status': 'ok', 'value': 4}, {'status': 'ok', 'value': 3}, {'status': 'ok', 'value': 8}]]",0.0,Mbpp/476,0,0.0026353554651577546,0,0.0234766443826364,0,0.014596435790479353
3,fb6158c6417b2f0d927df9e094c098d190ba1004450a42a9704c2f4915888444,prompt_plus_base_inputs,0.0,1,0.0,0.0,0.0,1.3053245000010065,"[0.5319245000027877, 0.48381589999917196, 0.47894280000036815, 0.47881569999663043, 0.478482399998029]","[[{'status': 'ok', 'value': 243}, {'status': 'ok', 'value': 345}, {'status': 'ok', 'value': 513}], [{'status': 'ok', 'value': 243}, {'status': 'ok', 'value': 345}, {'status': 'ok', 'value': 513}], [{'status': 'ok', 'value': 243}, {'status': 'ok', 'value': 345}, {'status': 'ok', 'value': 513}], [{'status': 'ok', 'value': 243}, {'status': 'ok', 'value': 345}, {'status': 'ok', 'value': 513}], [{'status': 'ok', 'value': 243}, {'status': 'ok', 'value': 345}, {'status': 'ok', 'value': 513}]]",0.0,0.0,2,0.0,0.0,0.0,1.422478399999818,"[1.469251800001075, 1.4143442999993567, 0.6670462000001862, 0.689308599998185, 0.6926081999990856]","[[{'status': 'ok', 'value': 243}, {'status': 'ok', 'value': 345}, {'status': 'ok', 'value': 513}], [{'status': 'ok', 'value': 243}, {'status': 'ok', 'value': 345}, {'status': 'ok', 'value': 513}], [{'status': 'ok', 'value': 243}, {'status': 'ok', 'value': 345}, {'status': 'ok', 'value': 513}], [{'status': 'ok', 'value': 243}, {'status': 'ok', 'value': 345}, {'status': 'ok', 'value': 513}], [{'status': 'ok', 'value': 243}, {'status': 'ok', 'value': 345}, {'status': 'ok', 'value': 513}]]",0.0,0.0,1,0.0,0.0,0.0,1.026150100002269,"[1.2207070999975258, 1.0137267999998585, 1.0118121999985306, 1.0564646999991965, 1.0693934000009904]","[[{'status': 'ok', 'value': 243}, {'status': 'ok', 'value': 345}, {'status': 'ok', 'value': 513}], [{'status': 'ok', 'value': 243}, {'status': 'ok', 'value': 345}, {'status': 'ok', 'value': 513}], [{'status': 'ok', 'value': 243}, {'status': 'ok', 'value': 345}, {'status': 'ok', 'value': 513}], [{'status': 'ok', 'value': 243}, {'status': 'ok', 'value': 345}, {'status': 'ok', 'value': 513}], [{'status': 'ok', 'value': 243}, {'status': 'ok', 'value': 345}, {'status': 'ok', 'value': 513}]]",0.0,Mbpp/419,0,0.006686511002853518,0,0.015650122178286503,0,0.0035651793991254978
3,f6664c57cac4492662faa489ef661ca2b5a29af8a086931100357c301f5f2556,prompt_plus_base_inputs,0.6280122659014956,5,0.1518779597689115,0.2,0.16,8.455739700002596,"[1.802065899999434, 1.3671139999969455, 1.7580071999982465, 2.0594092999999702, 1.306162900000345]","[[{'status': 'ok', 'value': 1034}, {'status': 'ok', 'value': 40284}, {'status': 'ok', 'value': 34}], [{'status': 'ok', 'value': 1034}, {'status': 'ok', 'value': 40284}, {'status': 'ok', 'value': 34}], [{'status': 'ok', 'value': 22}, {'status': 'ok', 'value': 2155}, {'status': 'ok', 'value': 22}], [{'status': 'ok', 'value': 1034}, {'status': 'ok', 'value': 40284}, {'status': 'ok', 'value': 34}], [{'status': 'ok', 'value': 1034}, {'status': 'ok', 'value': 40284}, {'status': 'ok', 'value': 34}]]",0.1215023678151292,0.5261041271849778,5,0.1026823921246232,0.13333333333333333,0.10666666666666666,1.1368523000019195,"[5.031149099999311, 4.003608099999838, 5.568759800000407, 4.693898300000001, 4.58008719999998]","[[{'status': 'ok', 'value': 220}, {'status': 'ok', 'value': 15276}, {'status': 'ok', 'value': 0}], [{'status': 'ok', 'value': 220}, {'status': 'ok', 'value': 15276}, {'status': 'ok', 'value': 0}], [{'status': 'ok', 'value': 1008}, {'status': 'ok', 'value': 63252}, {'status': 'ok', 'value': 0}], [{'status': 'ok', 'value': 220}, {'status': 'ok', 'value': 15276}, {'status': 'ok', 'value': 0}], [{'status': 'ok', 'value': 220}, {'status': 'ok', 'value': 15276}, {'status': 'ok', 'value': 0}]]",0.08214591369969856,0.27375976869589785,5,0.2053647842492464,0.26666666666666666,0.18666666666666665,1.1453440000004775,"[4.271031199998106, 4.4436294000006455, 6.954415800002607, 4.458749699999316, 4.268985300001077]","[[{'status': 'ok', 'value': 504}, {'status': 'ok', 'value': 31626}, {'status': 'ok', 'value': 0}], [{'status': 'ok', 'value': 504}, {'status': 'ok', 'value': 31626}, {'status': 'ok', 'value': 0}], [{'status': 'ok', 'value': 220}, {'status': 'ok', 'value': 15276}, {'status': 'ok', 'value': 0}], [{'status': 'ok', 'value': 0}, {'status': 'ok', 'value': 0}, {'status': 'ok', 'value': 0}], [{'status': 'ok', 'value': 504}, {'status': 'ok', 'value': 31626}, {'status': 'ok', 'value': 0}]]",0.1498855372162145,Mbpp/123,1,0.08963424706401764,1,0.03803230832582224,0,0.020374522579365093
3,8f8437dccbabe0881d81d0e3a491642a1dee3461f2636ca4e0ce092b051d6ca8,prompt_plus_base_inputs,0.013569031216090016,4,0.19999999999999998,0.19999999999999998,0.13333333333333333,1.0669859000008728,"[0.4524609000000055, 0.39125960000092164, 0.8990241999999853, 0.3783578000002308, 0.3846876000025077]","[[{'status': 'ok', 'value': False}, {'status': 'ok', 'value': True}, {'status': 'ok', 'value': False}], [{'status': 'ok', 'value': False}, {'status': 'ok', 'value': True}, {'status': 'ok', 'value': False}], [{'status': 'ok', 'value': True}, {'status': 'ok', 'value': False}, {'status': 'ok', 'value': False}], [{'status': 'ok', 'value': False}, {'status': 'ok', 'value': True}, {'status': 'ok', 'value': False}], [{'status': 'ok', 'value': False}, {'status': 'ok', 'value': False}, {'status': 'ok', 'value': False}]]",0.13333333333333333,0.32404028774070015,5,0.13333333333333333,0.13333333333333333,0.07999999999999999,0.9837546999988263,"[0.8896314000012353, 0.7838699999992969, 0.9734721000022546, 4.874039299997094, 1.6282042999991972]","[[{'status': 'ok', 'value': True}, {'status': 'ok', 'value': True}, {'status': 'ok', 'value': False}], [{'status': 'ok', 'value': True}, {'status': 'ok', 'value': True}, {'status': 'ok', 'value': False}], [{'status': 'ok', 'value': True}, {'status': 'ok', 'value': True}, {'status': 'ok', 'value': False}], [{'status': 'ok', 'value': True}, {'status': 'ok', 'value': False}, {'status': 'ok', 'value': False}], [{'status': 'ok', 'value': True}, {'status': 'ok', 'value': False}, {'status': 'ok', 'value': False}]]",0.07999999999999999,0.15302772884761745,5,0.13333333333333333,0.13333333333333333,0.07999999999999999,0.9290159000011045,"[1.201394399999117, 2.0300908999997773, 3.363182599998254, 1.6825266999985615, 1.2377133999980288]","[[{'status': 'ok', 'value': True}, {'status': 'ok', 'value': False}, {'status': 'ok', 'value': False}], [{'status': 'ok', 'value': True}, {'status': 'ok', 'value': True}, {'status': 'ok', 'value': False}], [{'status': 'ok', 'value': True}, {'status': 'ok', 'value': False}, {'status': 'ok', 'value': False}], [{'status': 'ok', 'value': True}, {'status': 'ok', 'value': False}, {'status': 'ok', 'value': False}], [{'status': 'ok', 'value': True}, {'status': 'ok', 'value': True}, {'status': 'ok', 'value': False}]]",0.07999999999999999,Mbpp/643,1,0.06927937648474743,1,0.03841968975196083,0,0.02480258045579779
3,b895277b0b2e7b79fc25146b62ea9d1cc8e60e3975cf99c8718a8696977aa453,prompt_plus_base_inputs,0.4929032396204641,5,0.08554146374458875,0.4,0.24,1.0948645999997098,"[0.8588314000007813, 1.0736292000001413, 1.124547999999777, 1.0946950999968976, 1.0654512000000977]","[[{'status': 'ok', 'value': [[], ['orange'], ['red'], ['orange', 'red'], ['green'], ['orange', 'green'], ['red', 'green'], ['orange', 'red', 'green'], ['blue'], ['orange', 'blue'], ['red', 'blue'], ['orange', 'red', 'blue'], ['green', 'blue'], ['orange', 'green', 'blue'], ['red', 'green', 'blue'], ['orange', 'red', 'green', 'blue']]}, {'status': 'ok', 'value': [[], ['red'], ['green'], ['red', 'green'], ['blue'], ['red', 'blue'], ['green', 'blue'], ['red', 'green', 'blue'], ['white'], ['red', 'white'], ['green', 'white'], ['red', 'green', 'white'], ['blue', 'white'], ['red', 'blue', 'white'], ['green', 'blue', 'white'], ['red', 'green', 'blue', 'white'], ['black'], ['red', 'black'], ['green', 'black'], ['red', 'green', 'black'], ['blue', 'black'], ['red', 'blue', 'black'], ['green', 'blue', 'black'], ['red', 'green', 'blue', 'black'], ['white', 'black'], ['red', 'white', 'black'], ['green', 'white', 'black'], ['red', 'green', 'white', 'black'], ['blue', 'white', 'black'], ['red', 'blue', 'white', 'black'], ['green', 'blue', 'white', 'black'], ['red', 'green', 'blue', 'white', 'black'], ['orange'], ['red', 'orange'], ['green', 'orange'], ['red', 'green', 'orange'], ['blue', 'orange'], ['red', 'blue', 'orange'], ['green', 'blue', 'orange'], ['red', 'green', 'blue', 'orange'], ['white', 'orange'], ['red', 'white', 'orange'], ['green', 'white', 'orange'], ['red', 'green', 'white', 'orange'], ['blue', 'white', 'orange'], ['red', 'blue', 'white', 'orange'], ['green', 'blue', 'white', 'orange'], ['red', 'green', 'blue', 'white', 'orange'], ['black', 'orange'], ['red', 'black', 'orange'], ['green', 'black', 'orange'], ['red', 'green', 'black', 'orange'], ['blue', 'black', 'orange'], ['red', 'blue', 'black', 'orange'], ['green', 'blue', 'black', 'orange'], ['red', 'green', 'blue', 'black', 'orange'], ['white', 'black', 'orange'], ['red', 'white', 'black', 'orange'], ['green', 'white', 'black', 'orange'], ['red', 'green', 'white', 'black', 'orange'], ['blue', 'white', 'black', 'orange'], ['red', 'blue', 'white', 'black', 'orange'], ['green', 'blue', 'white', 'black', 'orange'], ['red', 'green', 'blue', 'white', 'black', 'orange']]}, {'status': 'ok', 'value': [[], ['red'], ['green'], ['red', 'green'], ['black'], ['red', 'black'], ['green', 'black'], ['red', 'green', 'black'], ['orange'], ['red', 'orange'], ['green', 'orange'], ['red', 'green', 'orange'], ['black', 'orange'], ['red', 'black', 'orange'], ['green', 'black', 'orange'], ['red', 'green', 'black', 'orange']]}], [{'status': 'ok', 'value': [[], ['orange'], ['red'], ['orange', 'red'], ['green'], ['orange', 'green'], ['red', 'green'], ['orange', 'red', 'green'], ['blue'], ['orange', 'blue'], ['red', 'blue'], ['orange', 'red', 'blue'], ['green', 'blue'], ['orange', 'green', 'blue'], ['red', 'green', 'blue'], ['orange', 'red', 'green', 'blue']]}, {'status': 'ok', 'value': [[], ['red'], ['green'], ['red', 'green'], ['blue'], ['red', 'blue'], ['green', 'blue'], ['red', 'green', 'blue'], ['white'], ['red', 'white'], ['green', 'white'], ['red', 'green', 'white'], ['blue', 'white'], ['red', 'blue', 'white'], ['green', 'blue', 'white'], ['red', 'green', 'blue', 'white'], ['black'], ['red', 'black'], ['green', 'black'], ['red', 'green', 'black'], ['blue', 'black'], ['red', 'blue', 'black'], ['green', 'blue', 'black'], ['red', 'green', 'blue', 'black'], ['white', 'black'], ['red', 'white', 'black'], ['green', 'white', 'black'], ['red', 'green', 'white', 'black'], ['blue', 'white', 'black'], ['red', 'blue', 'white', 'black'], ['green', 'blue', 'white', 'black'], ['red', 'green', 'blue', 'white', 'black'], ['orange'], ['red', 'orange'], ['green', 'orange'], ['red', 'green', 'orange'], ['blue', 'orange'], ['red', 'blue', 'orange'], ['green', 'blue', 'orange'], ['red', 'green', 'blue', 'orange'], ['white', 'orange'], ['red', 'white', 'orange'], ['green', 'white', 'orange'], ['red', 'green', 'white', 'orange'], ['blue', 'white', 'orange'], ['red', 'blue', 'white', 'orange'], ['green', 'blue', 'white', 'orange'], ['red', 'green', 'blue', 'white', 'orange'], ['black', 'orange'], ['red', 'black', 'orange'], ['green', 'black', 'orange'], ['red', 'green', 'black', 'orange'], ['blue', 'black', 'orange'], ['red', 'blue', 'black', 'orange'], ['green', 'blue', 'black', 'orange'], ['red', 'green', 'blue', 'black', 'orange'], ['white', 'black', 'orange'], ['red', 'white', 'black', 'orange'], ['green', 'white', 'black', 'orange'], ['red', 'green', 'white', 'black', 'orange'], ['blue', 'white', 'black', 'orange'], ['red', 'blue', 'white', 'black', 'orange'], ['green', 'blue', 'white', 'black', 'orange'], ['red', 'green', 'blue', 'white', 'black', 'orange']]}, {'status': 'ok', 'value': [[], ['red'], ['green'], ['red', 'green'], ['black'], ['red', 'black'], ['green', 'black'], ['red', 'green', 'black'], ['orange'], ['red', 'orange'], ['green', 'orange'], ['red', 'green', 'orange'], ['black', 'orange'], ['red', 'black', 'orange'], ['green', 'black', 'orange'], ['red', 'green', 'black', 'orange']]}], [{'status': 'ok', 'value': [[], ['orange'], ['red'], ['orange', 'red'], ['green'], ['orange', 'green'], ['red', 'green'], ['orange', 'red', 'green'], ['blue'], ['orange', 'blue'], ['red', 'blue'], ['orange', 'red', 'blue'], ['green', 'blue'], ['orange', 'green', 'blue'], ['red', 'green', 'blue'], ['orange', 'red', 'green', 'blue']]}, {'status': 'ok', 'value': [[], ['red'], ['green'], ['red', 'green'], ['blue'], ['red', 'blue'], ['green', 'blue'], ['red', 'green', 'blue'], ['white'], ['red', 'white'], ['green', 'white'], ['red', 'green', 'white'], ['blue', 'white'], ['red', 'blue', 'white'], ['green', 'blue', 'white'], ['red', 'green', 'blue', 'white'], ['black'], ['red', 'black'], ['green', 'black'], ['red', 'green', 'black'], ['blue', 'black'], ['red', 'blue', 'black'], ['green', 'blue', 'black'], ['red', 'green', 'blue', 'black'], ['white', 'black'], ['red', 'white', 'black'], ['green', 'white', 'black'], ['red', 'green', 'white', 'black'], ['blue', 'white', 'black'], ['red', 'blue', 'white', 'black'], ['green', 'blue', 'white', 'black'], ['red', 'green', 'blue', 'white', 'black'], ['orange'], ['red', 'orange'], ['green', 'orange'], ['red', 'green', 'orange'], ['blue', 'orange'], ['red', 'blue', 'orange'], ['green', 'blue', 'orange'], ['red', 'green', 'blue', 'orange'], ['white', 'orange'], ['red', 'white', 'orange'], ['green', 'white', 'orange'], ['red', 'green', 'white', 'orange'], ['blue', 'white', 'orange'], ['red', 'blue', 'white', 'orange'], ['green', 'blue', 'white', 'orange'], ['red', 'green', 'blue', 'white', 'orange'], ['black', 'orange'], ['red', 'black', 'orange'], ['green', 'black', 'orange'], ['red', 'green', 'black', 'orange'], ['blue', 'black', 'orange'], ['red', 'blue', 'black', 'orange'], ['green', 'blue', 'black', 'orange'], ['red', 'green', 'blue', 'black', 'orange'], ['white', 'black', 'orange'], ['red', 'white', 'black', 'orange'], ['green', 'white', 'black', 'orange'], ['red', 'green', 'white', 'black', 'orange'], ['blue', 'white', 'black', 'orange'], ['red', 'blue', 'white', 'black', 'orange'], ['green', 'blue', 'white', 'black', 'orange'], ['red', 'green', 'blue', 'white', 'black', 'orange']]}, {'status': 'ok', 'value': [[], ['red'], ['green'], ['red', 'green'], ['black'], ['red', 'black'], ['green', 'black'], ['red', 'green', 'black'], ['orange'], ['red', 'orange'], ['green', 'orange'], ['red', 'green', 'orange'], ['black', 'orange'], ['red', 'black', 'orange'], ['green', 'black', 'orange'], ['red', 'green', 'black', 'orange']]}], [{'status': 'ok', 'value': [[], ['blue'], ['green'], ['orange'], ['red'], ['green', 'blue'], ['orange', 'blue'], ['orange', 'green'], ['orange', 'red'], ['red', 'blue'], ['red', 'green'], ['orange', 'green', 'blue'], ['orange', 'red', 'blue'], ['orange', 'red', 'green'], ['red', 'green', 'blue'], ['orange', 'red', 'green', 'blue']]}, {'status': 'ok', 'value': [[], ['black'], ['blue'], ['green'], ['orange'], ['red'], ['white'], ['black', 'orange'], ['blue', 'black'], ['blue', 'orange'], ['blue', 'white'], ['green', 'black'], ['green', 'blue'], ['green', 'orange'], ['green', 'white'], ['red', 'black'], ['red', 'blue'], ['red', 'green'], ['red', 'orange'], ['red', 'white'], ['white', 'black'], ['white', 'orange'], ['blue', 'black', 'orange'], ['blue', 'white', 'black'], ['blue', 'white', 'orange'], ['green', 'black', 'orange'], ['green', 'blue', 'black'], ['green', 'blue', 'orange'], ['green', 'blue', 'white'], ['green', 'white', 'black'], ['green', 'white', 'orange'], ['red', 'black', 'orange'], ['red', 'blue', 'black'], ['red', 'blue', 'orange'], ['red', 'blue', 'white'], ['red', 'green', 'black'], ['red', 'green', 'blue'], ['red', 'green', 'orange'], ['red', 'green', 'white'], ['red', 'white', 'black'], ['red', 'white', 'orange'], ['white', 'black', 'orange'], ['blue', 'white', 'black', 'orange'], ['green', 'blue', 'black', 'orange'], ['green', 'blue', 'white', 'black'], ['green', 'blue', 'white', 'orange'], ['green', 'white', 'black', 'orange'], ['red', 'blue', 'black', 'orange'], ['red', 'blue', 'white', 'black'], ['red', 'blue', 'white', 'orange'], ['red', 'green', 'black', 'orange'], ['red', 'green', 'blue', 'black'], ['red', 'green', 'blue', 'orange'], ['red', 'green', 'blue', 'white'], ['red', 'green', 'white', 'black'], ['red', 'green', 'white', 'orange'], ['red', 'white', 'black', 'orange'], ['green', 'blue', 'white', 'black', 'orange'], ['red', 'blue', 'white', 'black', 'orange'], ['red', 'green', 'blue', 'black', 'orange'], ['red', 'green', 'blue', 'white', 'black'], ['red', 'green', 'blue', 'white', 'orange'], ['red', 'green', 'white', 'black', 'orange'], ['red', 'green', 'blue', 'white', 'black', 'orange']]}, {'status': 'ok', 'value': [[], ['black'], ['green'], ['orange'], ['red'], ['black', 'orange'], ['green', 'black'], ['green', 'orange'], ['red', 'black'], ['red', 'green'], ['red', 'orange'], ['green', 'black', 'orange'], ['red', 'black', 'orange'], ['red', 'green', 'black'], ['red', 'green', 'orange'], ['red', 'green', 'black', 'orange']]}], [{'status': 'ok', 'value': [[], ['blue'], ['green'], ['orange'], ['red'], ['green', 'blue'], ['orange', 'blue'], ['orange', 'green'], ['orange', 'red'], ['red', 'blue'], ['red', 'green'], ['orange', 'green', 'blue'], ['orange', 'red', 'blue'], ['orange', 'red', 'green'], ['red', 'green', 'blue'], ['orange', 'red', 'green', 'blue']]}, {'status': 'ok', 'value': [[], ['black'], ['blue'], ['green'], ['orange'], ['red'], ['white'], ['black', 'orange'], ['blue', 'black'], ['blue', 'orange'], ['blue', 'white'], ['green', 'black'], ['green', 'blue'], ['green', 'orange'], ['green', 'white'], ['red', 'black'], ['red', 'blue'], ['red', 'green'], ['red', 'orange'], ['red', 'white'], ['white', 'black'], ['white', 'orange'], ['blue', 'black', 'orange'], ['blue', 'white', 'black'], ['blue', 'white', 'orange'], ['green', 'black', 'orange'], ['green', 'blue', 'black'], ['green', 'blue', 'orange'], ['green', 'blue', 'white'], ['green', 'white', 'black'], ['green', 'white', 'orange'], ['red', 'black', 'orange'], ['red', 'blue', 'black'], ['red', 'blue', 'orange'], ['red', 'blue', 'white'], ['red', 'green', 'black'], ['red', 'green', 'blue'], ['red', 'green', 'orange'], ['red', 'green', 'white'], ['red', 'white', 'black'], ['red', 'white', 'orange'], ['white', 'black', 'orange'], ['blue', 'white', 'black', 'orange'], ['green', 'blue', 'black', 'orange'], ['green', 'blue', 'white', 'black'], ['green', 'blue', 'white', 'orange'], ['green', 'white', 'black', 'orange'], ['red', 'blue', 'black', 'orange'], ['red', 'blue', 'white', 'black'], ['red', 'blue', 'white', 'orange'], ['red', 'green', 'black', 'orange'], ['red', 'green', 'blue', 'black'], ['red', 'green', 'blue', 'orange'], ['red', 'green', 'blue', 'white'], ['red', 'green', 'white', 'black'], ['red', 'green', 'white', 'orange'], ['red', 'white', 'black', 'orange'], ['green', 'blue', 'white', 'black', 'orange'], ['red', 'blue', 'white', 'black', 'orange'], ['red', 'green', 'blue', 'black', 'orange'], ['red', 'green', 'blue', 'white', 'black'], ['red', 'green', 'blue', 'white', 'orange'], ['red', 'green', 'white', 'black', 'orange'], ['red', 'green', 'blue', 'white', 'black', 'orange']]}, {'status': 'ok', 'value': [[], ['black'], ['green'], ['orange'], ['red'], ['black', 'orange'], ['green', 'black'], ['green', 'orange'], ['red', 'black'], ['red', 'green'], ['red', 'orange'], ['green', 'black', 'orange'], ['red', 'black', 'orange'], ['red', 'green', 'black'], ['red', 'green', 'orange'], ['red', 'green', 'black', 'orange']]}]]",0.051324878246753254,0.1982674475353831,2,0.03529468318140193,0.2,0.16,0.9102103000004718,"[0.9319088999982341, 0.8366155000003346, 2.335686099999293, 0.8320973000008962, 0.8365267999979551]","[[{'status': 'ok', 'value': [[], ['orange'], ['red'], ['green'], ['blue'], ['orange', 'red'], ['orange', 'green'], ['orange', 'blue'], ['red', 'green'], ['red', 'blue'], ['green', 'blue'], ['orange', 'red', 'green'], ['orange', 'red', 'blue'], ['orange', 'green', 'blue'], ['red', 'green', 'blue'], ['orange', 'red', 'green', 'blue']]}, {'status': 'ok', 'value': [[], ['red'], ['green'], ['blue'], ['white'], ['black'], ['orange'], ['red', 'green'], ['red', 'blue'], ['red', 'white'], ['red', 'black'], ['red', 'orange'], ['green', 'blue'], ['green', 'white'], ['green', 'black'], ['green', 'orange'], ['blue', 'white'], ['blue', 'black'], ['blue', 'orange'], ['white', 'black'], ['white', 'orange'], ['black', 'orange'], ['red', 'green', 'blue'], ['red', 'green', 'white'], ['red', 'green', 'black'], ['red', 'green', 'orange'], ['red', 'blue', 'white'], ['red', 'blue', 'black'], ['red', 'blue', 'orange'], ['red', 'white', 'black'], ['red', 'white', 'orange'], ['red', 'black', 'orange'], ['green', 'blue', 'white'], ['green', 'blue', 'black'], ['green', 'blue', 'orange'], ['green', 'white', 'black'], ['green', 'white', 'orange'], ['green', 'black', 'orange'], ['blue', 'white', 'black'], ['blue', 'white', 'orange'], ['blue', 'black', 'orange'], ['white', 'black', 'orange'], ['red', 'green', 'blue', 'white'], ['red', 'green', 'blue', 'black'], ['red', 'green', 'blue', 'orange'], ['red', 'green', 'white', 'black'], ['red', 'green', 'white', 'orange'], ['red', 'green', 'black', 'orange'], ['red', 'blue', 'white', 'black'], ['red', 'blue', 'white', 'orange'], ['red', 'blue', 'black', 'orange'], ['red', 'white', 'black', 'orange'], ['green', 'blue', 'white', 'black'], ['green', 'blue', 'white', 'orange'], ['green', 'blue', 'black', 'orange'], ['green', 'white', 'black', 'orange'], ['blue', 'white', 'black', 'orange'], ['red', 'green', 'blue', 'white', 'black'], ['red', 'green', 'blue', 'white', 'orange'], ['red', 'green', 'blue', 'black', 'orange'], ['red', 'green', 'white', 'black', 'orange'], ['red', 'blue', 'white', 'black', 'orange'], ['green', 'blue', 'white', 'black', 'orange'], ['red', 'green', 'blue', 'white', 'black', 'orange']]}, {'status': 'ok', 'value': [[], ['red'], ['green'], ['black'], ['orange'], ['red', 'green'], ['red', 'black'], ['red', 'orange'], ['green', 'black'], ['green', 'orange'], ['black', 'orange'], ['red', 'green', 'black'], ['red', 'green', 'orange'], ['red', 'black', 'orange'], ['green', 'black', 'orange'], ['red', 'green', 'black', 'orange']]}], [{'status': 'ok', 'value': [[], ['orange'], ['red'], ['green'], ['blue'], ['orange', 'red'], ['orange', 'green'], ['orange', 'blue'], ['red', 'green'], ['red', 'blue'], ['green', 'blue'], ['orange', 'red', 'green'], ['orange', 'red', 'blue'], ['orange', 'green', 'blue'], ['red', 'green', 'blue'], ['orange', 'red', 'green', 'blue']]}, {'status': 'ok', 'value': [[], ['red'], ['green'], ['blue'], ['white'], ['black'], ['orange'], ['red', 'green'], ['red', 'blue'], ['red', 'white'], ['red', 'black'], ['red', 'orange'], ['green', 'blue'], ['green', 'white'], ['green', 'black'], ['green', 'orange'], ['blue', 'white'], ['blue', 'black'], ['blue', 'orange'], ['white', 'black'], ['white', 'orange'], ['black', 'orange'], ['red', 'green', 'blue'], ['red', 'green', 'white'], ['red', 'green', 'black'], ['red', 'green', 'orange'], ['red', 'blue', 'white'], ['red', 'blue', 'black'], ['red', 'blue', 'orange'], ['red', 'white', 'black'], ['red', 'white', 'orange'], ['red', 'black', 'orange'], ['green', 'blue', 'white'], ['green', 'blue', 'black'], ['green', 'blue', 'orange'], ['green', 'white', 'black'], ['green', 'white', 'orange'], ['green', 'black', 'orange'], ['blue', 'white', 'black'], ['blue', 'white', 'orange'], ['blue', 'black', 'orange'], ['white', 'black', 'orange'], ['red', 'green', 'blue', 'white'], ['red', 'green', 'blue', 'black'], ['red', 'green', 'blue', 'orange'], ['red', 'green', 'white', 'black'], ['red', 'green', 'white', 'orange'], ['red', 'green', 'black', 'orange'], ['red', 'blue', 'white', 'black'], ['red', 'blue', 'white', 'orange'], ['red', 'blue', 'black', 'orange'], ['red', 'white', 'black', 'orange'], ['green', 'blue', 'white', 'black'], ['green', 'blue', 'white', 'orange'], ['green', 'blue', 'black', 'orange'], ['green', 'white', 'black', 'orange'], ['blue', 'white', 'black', 'orange'], ['red', 'green', 'blue', 'white', 'black'], ['red', 'green', 'blue', 'white', 'orange'], ['red', 'green', 'blue', 'black', 'orange'], ['red', 'green', 'white', 'black', 'orange'], ['red', 'blue', 'white', 'black', 'orange'], ['green', 'blue', 'white', 'black', 'orange'], ['red', 'green', 'blue', 'white', 'black', 'orange']]}, {'status': 'ok', 'value': [[], ['red'], ['green'], ['black'], ['orange'], ['red', 'green'], ['red', 'black'], ['red', 'orange'], ['green', 'black'], ['green', 'orange'], ['black', 'orange'], ['red', 'green', 'black'], ['red', 'green', 'orange'], ['red', 'black', 'orange'], ['green', 'black', 'orange'], ['red', 'green', 'black', 'orange']]}], [{'status': 'ok', 'value': [[], ['blue'], ['green'], ['orange'], ['red'], ['green', 'blue'], ['orange', 'blue'], ['orange', 'green'], ['orange', 'red'], ['red', 'blue'], ['red', 'green'], ['orange', 'green', 'blue'], ['orange', 'red', 'blue'], ['orange', 'red', 'green'], ['red', 'green', 'blue'], ['orange', 'red', 'green', 'blue']]}, {'status': 'ok', 'value': [[], ['black'], ['blue'], ['green'], ['orange'], ['red'], ['white'], ['black', 'orange'], ['blue', 'black'], ['blue', 'orange'], ['blue', 'white'], ['green', 'black'], ['green', 'blue'], ['green', 'orange'], ['green', 'white'], ['red', 'black'], ['red', 'blue'], ['red', 'green'], ['red', 'orange'], ['red', 'white'], ['white', 'black'], ['white', 'orange'], ['blue', 'black', 'orange'], ['blue', 'white', 'black'], ['blue', 'white', 'orange'], ['green', 'black', 'orange'], ['green', 'blue', 'black'], ['green', 'blue', 'orange'], ['green', 'blue', 'white'], ['green', 'white', 'black'], ['green', 'white', 'orange'], ['red', 'black', 'orange'], ['red', 'blue', 'black'], ['red', 'blue', 'orange'], ['red', 'blue', 'white'], ['red', 'green', 'black'], ['red', 'green', 'blue'], ['red', 'green', 'orange'], ['red', 'green', 'white'], ['red', 'white', 'black'], ['red', 'white', 'orange'], ['white', 'black', 'orange'], ['blue', 'white', 'black', 'orange'], ['green', 'blue', 'black', 'orange'], ['green', 'blue', 'white', 'black'], ['green', 'blue', 'white', 'orange'], ['green', 'white', 'black', 'orange'], ['red', 'blue', 'black', 'orange'], ['red', 'blue', 'white', 'black'], ['red', 'blue', 'white', 'orange'], ['red', 'green', 'black', 'orange'], ['red', 'green', 'blue', 'black'], ['red', 'green', 'blue', 'orange'], ['red', 'green', 'blue', 'white'], ['red', 'green', 'white', 'black'], ['red', 'green', 'white', 'orange'], ['red', 'white', 'black', 'orange'], ['green', 'blue', 'white', 'black', 'orange'], ['red', 'blue', 'white', 'black', 'orange'], ['red', 'green', 'blue', 'black', 'orange'], ['red', 'green', 'blue', 'white', 'black'], ['red', 'green', 'blue', 'white', 'orange'], ['red', 'green', 'white', 'black', 'orange'], ['red', 'green', 'blue', 'white', 'black', 'orange']]}, {'status': 'ok', 'value': [[], ['black'], ['green'], ['orange'], ['red'], ['black', 'orange'], ['green', 'black'], ['green', 'orange'], ['red', 'black'], ['red', 'green'], ['red', 'orange'], ['green', 'black', 'orange'], ['red', 'black', 'orange'], ['red', 'green', 'black'], ['red', 'green', 'orange'], ['red', 'green', 'black', 'orange']]}], [{'status': 'ok', 'value': [[], ['orange'], ['red'], ['green'], ['blue'], ['orange', 'red'], ['orange', 'green'], ['orange', 'blue'], ['red', 'green'], ['red', 'blue'], ['green', 'blue'], ['orange', 'red', 'green'], ['orange', 'red', 'blue'], ['orange', 'green', 'blue'], ['red', 'green', 'blue'], ['orange', 'red', 'green', 'blue']]}, {'status': 'ok', 'value': [[], ['red'], ['green'], ['blue'], ['white'], ['black'], ['orange'], ['red', 'green'], ['red', 'blue'], ['red', 'white'], ['red', 'black'], ['red', 'orange'], ['green', 'blue'], ['green', 'white'], ['green', 'black'], ['green', 'orange'], ['blue', 'white'], ['blue', 'black'], ['blue', 'orange'], ['white', 'black'], ['white', 'orange'], ['black', 'orange'], ['red', 'green', 'blue'], ['red', 'green', 'white'], ['red', 'green', 'black'], ['red', 'green', 'orange'], ['red', 'blue', 'white'], ['red', 'blue', 'black'], ['red', 'blue', 'orange'], ['red', 'white', 'black'], ['red', 'white', 'orange'], ['red', 'black', 'orange'], ['green', 'blue', 'white'], ['green', 'blue', 'black'], ['green', 'blue', 'orange'], ['green', 'white', 'black'], ['green', 'white', 'orange'], ['green', 'black', 'orange'], ['blue', 'white', 'black'], ['blue', 'white', 'orange'], ['blue', 'black', 'orange'], ['white', 'black', 'orange'], ['red', 'green', 'blue', 'white'], ['red', 'green', 'blue', 'black'], ['red', 'green', 'blue', 'orange'], ['red', 'green', 'white', 'black'], ['red', 'green', 'white', 'orange'], ['red', 'green', 'black', 'orange'], ['red', 'blue', 'white', 'black'], ['red', 'blue', 'white', 'orange'], ['red', 'blue', 'black', 'orange'], ['red', 'white', 'black', 'orange'], ['green', 'blue', 'white', 'black'], ['green', 'blue', 'white', 'orange'], ['green', 'blue', 'black', 'orange'], ['green', 'white', 'black', 'orange'], ['blue', 'white', 'black', 'orange'], ['red', 'green', 'blue', 'white', 'black'], ['red', 'green', 'blue', 'white', 'orange'], ['red', 'green', 'blue', 'black', 'orange'], ['red', 'green', 'white', 'black', 'orange'], ['red', 'blue', 'white', 'black', 'orange'], ['green', 'blue', 'white', 'black', 'orange'], ['red', 'green', 'blue', 'white', 'black', 'orange']]}, {'status': 'ok', 'value': [[], ['red'], ['green'], ['black'], ['orange'], ['red', 'green'], ['red', 'black'], ['red', 'orange'], ['green', 'black'], ['green', 'orange'], ['black', 'orange'], ['red', 'green', 'black'], ['red', 'green', 'orange'], ['red', 'black', 'orange'], ['green', 'black', 'orange'], ['red', 'green', 'black', 'orange']]}], [{'status': 'ok', 'value': [[], ['orange'], ['red'], ['green'], ['blue'], ['orange', 'red'], ['orange', 'green'], ['orange', 'blue'], ['red', 'green'], ['red', 'blue'], ['green', 'blue'], ['orange', 'red', 'green'], ['orange', 'red', 'blue'], ['orange', 'green', 'blue'], ['red', 'green', 'blue'], ['orange', 'red', 'green', 'blue']]}, {'status': 'ok', 'value': [[], ['red'], ['green'], ['blue'], ['white'], ['black'], ['orange'], ['red', 'green'], ['red', 'blue'], ['red', 'white'], ['red', 'black'], ['red', 'orange'], ['green', 'blue'], ['green', 'white'], ['green', 'black'], ['green', 'orange'], ['blue', 'white'], ['blue', 'black'], ['blue', 'orange'], ['white', 'black'], ['white', 'orange'], ['black', 'orange'], ['red', 'green', 'blue'], ['red', 'green', 'white'], ['red', 'green', 'black'], ['red', 'green', 'orange'], ['red', 'blue', 'white'], ['red', 'blue', 'black'], ['red', 'blue', 'orange'], ['red', 'white', 'black'], ['red', 'white', 'orange'], ['red', 'black', 'orange'], ['green', 'blue', 'white'], ['green', 'blue', 'black'], ['green', 'blue', 'orange'], ['green', 'white', 'black'], ['green', 'white', 'orange'], ['green', 'black', 'orange'], ['blue', 'white', 'black'], ['blue', 'white', 'orange'], ['blue', 'black', 'orange'], ['white', 'black', 'orange'], ['red', 'green', 'blue', 'white'], ['red', 'green', 'blue', 'black'], ['red', 'green', 'blue', 'orange'], ['red', 'green', 'white', 'black'], ['red', 'green', 'white', 'orange'], ['red', 'green', 'black', 'orange'], ['red', 'blue', 'white', 'black'], ['red', 'blue', 'white', 'orange'], ['red', 'blue', 'black', 'orange'], ['red', 'white', 'black', 'orange'], ['green', 'blue', 'white', 'black'], ['green', 'blue', 'white', 'orange'], ['green', 'blue', 'black', 'orange'], ['green', 'white', 'black', 'orange'], ['blue', 'white', 'black', 'orange'], ['red', 'green', 'blue', 'white', 'black'], ['red', 'green', 'blue', 'white', 'orange'], ['red', 'green', 'blue', 'black', 'orange'], ['red', 'green', 'white', 'black', 'orange'], ['red', 'blue', 'white', 'black', 'orange'], ['green', 'blue', 'white', 'black', 'orange'], ['red', 'green', 'blue', 'white', 'black', 'orange']]}, {'status': 'ok', 'value': [[], ['red'], ['green'], ['black'], ['orange'], ['red', 'green'], ['red', 'black'], ['red', 'orange'], ['green', 'black'], ['green', 'orange'], ['black', 'orange'], ['red', 'green', 'black'], ['red', 'green', 'orange'], ['red', 'black', 'orange'], ['green', 'black', 'orange'], ['red', 'green', 'black', 'orange']]}]]",0.028235746545121544,0.28650780333268455,5,0.03495734734015984,0.2,0.16,1.1309430999972392,"[2.4804641000009724, 2.388261699998111, 1.3718424999970011, 2.4340732999989996, 3.037033100001281]","[[{'status': 'ok', 'value': [[], ['orange'], ['red'], ['orange', 'red'], ['green'], ['orange', 'green'], ['red', 'green'], ['orange', 'red', 'green'], ['blue'], ['orange', 'blue'], ['red', 'blue'], ['orange', 'red', 'blue'], ['green', 'blue'], ['orange', 'green', 'blue'], ['red', 'green', 'blue'], ['orange', 'red', 'green', 'blue']]}, {'status': 'ok', 'value': [[], ['red'], ['green'], ['red', 'green'], ['blue'], ['red', 'blue'], ['green', 'blue'], ['red', 'green', 'blue'], ['white'], ['red', 'white'], ['green', 'white'], ['red', 'green', 'white'], ['blue', 'white'], ['red', 'blue', 'white'], ['green', 'blue', 'white'], ['red', 'green', 'blue', 'white'], ['black'], ['red', 'black'], ['green', 'black'], ['red', 'green', 'black'], ['blue', 'black'], ['red', 'blue', 'black'], ['green', 'blue', 'black'], ['red', 'green', 'blue', 'black'], ['white', 'black'], ['red', 'white', 'black'], ['green', 'white', 'black'], ['red', 'green', 'white', 'black'], ['blue', 'white', 'black'], ['red', 'blue', 'white', 'black'], ['green', 'blue', 'white', 'black'], ['red', 'green', 'blue', 'white', 'black'], ['orange'], ['red', 'orange'], ['green', 'orange'], ['red', 'green', 'orange'], ['blue', 'orange'], ['red', 'blue', 'orange'], ['green', 'blue', 'orange'], ['red', 'green', 'blue', 'orange'], ['white', 'orange'], ['red', 'white', 'orange'], ['green', 'white', 'orange'], ['red', 'green', 'white', 'orange'], ['blue', 'white', 'orange'], ['red', 'blue', 'white', 'orange'], ['green', 'blue', 'white', 'orange'], ['red', 'green', 'blue', 'white', 'orange'], ['black', 'orange'], ['red', 'black', 'orange'], ['green', 'black', 'orange'], ['red', 'green', 'black', 'orange'], ['blue', 'black', 'orange'], ['red', 'blue', 'black', 'orange'], ['green', 'blue', 'black', 'orange'], ['red', 'green', 'blue', 'black', 'orange'], ['white', 'black', 'orange'], ['red', 'white', 'black', 'orange'], ['green', 'white', 'black', 'orange'], ['red', 'green', 'white', 'black', 'orange'], ['blue', 'white', 'black', 'orange'], ['red', 'blue', 'white', 'black', 'orange'], ['green', 'blue', 'white', 'black', 'orange'], ['red', 'green', 'blue', 'white', 'black', 'orange']]}, {'status': 'ok', 'value': [[], ['red'], ['green'], ['red', 'green'], ['black'], ['red', 'black'], ['green', 'black'], ['red', 'green', 'black'], ['orange'], ['red', 'orange'], ['green', 'orange'], ['red', 'green', 'orange'], ['black', 'orange'], ['red', 'black', 'orange'], ['green', 'black', 'orange'], ['red', 'green', 'black', 'orange']]}], [{'status': 'ok', 'value': [[], ['orange'], ['red'], ['orange', 'red'], ['green'], ['orange', 'green'], ['red', 'green'], ['orange', 'red', 'green'], ['blue'], ['orange', 'blue'], ['red', 'blue'], ['orange', 'red', 'blue'], ['green', 'blue'], ['orange', 'green', 'blue'], ['red', 'green', 'blue'], ['orange', 'red', 'green', 'blue']]}, {'status': 'ok', 'value': [[], ['red'], ['green'], ['red', 'green'], ['blue'], ['red', 'blue'], ['green', 'blue'], ['red', 'green', 'blue'], ['white'], ['red', 'white'], ['green', 'white'], ['red', 'green', 'white'], ['blue', 'white'], ['red', 'blue', 'white'], ['green', 'blue', 'white'], ['red', 'green', 'blue', 'white'], ['black'], ['red', 'black'], ['green', 'black'], ['red', 'green', 'black'], ['blue', 'black'], ['red', 'blue', 'black'], ['green', 'blue', 'black'], ['red', 'green', 'blue', 'black'], ['white', 'black'], ['red', 'white', 'black'], ['green', 'white', 'black'], ['red', 'green', 'white', 'black'], ['blue', 'white', 'black'], ['red', 'blue', 'white', 'black'], ['green', 'blue', 'white', 'black'], ['red', 'green', 'blue', 'white', 'black'], ['orange'], ['red', 'orange'], ['green', 'orange'], ['red', 'green', 'orange'], ['blue', 'orange'], ['red', 'blue', 'orange'], ['green', 'blue', 'orange'], ['red', 'green', 'blue', 'orange'], ['white', 'orange'], ['red', 'white', 'orange'], ['green', 'white', 'orange'], ['red', 'green', 'white', 'orange'], ['blue', 'white', 'orange'], ['red', 'blue', 'white', 'orange'], ['green', 'blue', 'white', 'orange'], ['red', 'green', 'blue', 'white', 'orange'], ['black', 'orange'], ['red', 'black', 'orange'], ['green', 'black', 'orange'], ['red', 'green', 'black', 'orange'], ['blue', 'black', 'orange'], ['red', 'blue', 'black', 'orange'], ['green', 'blue', 'black', 'orange'], ['red', 'green', 'blue', 'black', 'orange'], ['white', 'black', 'orange'], ['red', 'white', 'black', 'orange'], ['green', 'white', 'black', 'orange'], ['red', 'green', 'white', 'black', 'orange'], ['blue', 'white', 'black', 'orange'], ['red', 'blue', 'white', 'black', 'orange'], ['green', 'blue', 'white', 'black', 'orange'], ['red', 'green', 'blue', 'white', 'black', 'orange']]}, {'status': 'ok', 'value': [[], ['red'], ['green'], ['red', 'green'], ['black'], ['red', 'black'], ['green', 'black'], ['red', 'green', 'black'], ['orange'], ['red', 'orange'], ['green', 'orange'], ['red', 'green', 'orange'], ['black', 'orange'], ['red', 'black', 'orange'], ['green', 'black', 'orange'], ['red', 'green', 'black', 'orange']]}], [{'status': 'ok', 'value': [[], ['orange'], ['red'], ['green'], ['blue'], ['orange', 'red'], ['orange', 'green'], ['orange', 'blue'], ['red', 'green'], ['red', 'blue'], ['green', 'blue'], ['orange', 'red', 'green'], ['orange', 'red', 'blue'], ['orange', 'green', 'blue'], ['red', 'green', 'blue'], ['orange', 'red', 'green', 'blue']]}, {'status': 'ok', 'value': [[], ['red'], ['green'], ['blue'], ['white'], ['black'], ['orange'], ['red', 'green'], ['red', 'blue'], ['red', 'white'], ['red', 'black'], ['red', 'orange'], ['green', 'blue'], ['green', 'white'], ['green', 'black'], ['green', 'orange'], ['blue', 'white'], ['blue', 'black'], ['blue', 'orange'], ['white', 'black'], ['white', 'orange'], ['black', 'orange'], ['red', 'green', 'blue'], ['red', 'green', 'white'], ['red', 'green', 'black'], ['red', 'green', 'orange'], ['red', 'blue', 'white'], ['red', 'blue', 'black'], ['red', 'blue', 'orange'], ['red', 'white', 'black'], ['red', 'white', 'orange'], ['red', 'black', 'orange'], ['green', 'blue', 'white'], ['green', 'blue', 'black'], ['green', 'blue', 'orange'], ['green', 'white', 'black'], ['green', 'white', 'orange'], ['green', 'black', 'orange'], ['blue', 'white', 'black'], ['blue', 'white', 'orange'], ['blue', 'black', 'orange'], ['white', 'black', 'orange'], ['red', 'green', 'blue', 'white'], ['red', 'green', 'blue', 'black'], ['red', 'green', 'blue', 'orange'], ['red', 'green', 'white', 'black'], ['red', 'green', 'white', 'orange'], ['red', 'green', 'black', 'orange'], ['red', 'blue', 'white', 'black'], ['red', 'blue', 'white', 'orange'], ['red', 'blue', 'black', 'orange'], ['red', 'white', 'black', 'orange'], ['green', 'blue', 'white', 'black'], ['green', 'blue', 'white', 'orange'], ['green', 'blue', 'black', 'orange'], ['green', 'white', 'black', 'orange'], ['blue', 'white', 'black', 'orange'], ['red', 'green', 'blue', 'white', 'black'], ['red', 'green', 'blue', 'white', 'orange'], ['red', 'green', 'blue', 'black', 'orange'], ['red', 'green', 'white', 'black', 'orange'], ['red', 'blue', 'white', 'black', 'orange'], ['green', 'blue', 'white', 'black', 'orange'], ['red', 'green', 'blue', 'white', 'black', 'orange']]}, {'status': 'ok', 'value': [[], ['red'], ['green'], ['black'], ['orange'], ['red', 'green'], ['red', 'black'], ['red', 'orange'], ['green', 'black'], ['green', 'orange'], ['black', 'orange'], ['red', 'green', 'black'], ['red', 'green', 'orange'], ['red', 'black', 'orange'], ['green', 'black', 'orange'], ['red', 'green', 'black', 'orange']]}], [{'status': 'ok', 'value': [[], ['orange'], ['red'], ['orange', 'red'], ['green'], ['orange', 'green'], ['red', 'green'], ['orange', 'red', 'green'], ['blue'], ['orange', 'blue'], ['red', 'blue'], ['orange', 'red', 'blue'], ['green', 'blue'], ['orange', 'green', 'blue'], ['red', 'green', 'blue'], ['orange', 'red', 'green', 'blue']]}, {'status': 'ok', 'value': [[], ['red'], ['green'], ['red', 'green'], ['blue'], ['red', 'blue'], ['green', 'blue'], ['red', 'green', 'blue'], ['white'], ['red', 'white'], ['green', 'white'], ['red', 'green', 'white'], ['blue', 'white'], ['red', 'blue', 'white'], ['green', 'blue', 'white'], ['red', 'green', 'blue', 'white'], ['black'], ['red', 'black'], ['green', 'black'], ['red', 'green', 'black'], ['blue', 'black'], ['red', 'blue', 'black'], ['green', 'blue', 'black'], ['red', 'green', 'blue', 'black'], ['white', 'black'], ['red', 'white', 'black'], ['green', 'white', 'black'], ['red', 'green', 'white', 'black'], ['blue', 'white', 'black'], ['red', 'blue', 'white', 'black'], ['green', 'blue', 'white', 'black'], ['red', 'green', 'blue', 'white', 'black'], ['orange'], ['red', 'orange'], ['green', 'orange'], ['red', 'green', 'orange'], ['blue', 'orange'], ['red', 'blue', 'orange'], ['green', 'blue', 'orange'], ['red', 'green', 'blue', 'orange'], ['white', 'orange'], ['red', 'white', 'orange'], ['green', 'white', 'orange'], ['red', 'green', 'white', 'orange'], ['blue', 'white', 'orange'], ['red', 'blue', 'white', 'orange'], ['green', 'blue', 'white', 'orange'], ['red', 'green', 'blue', 'white', 'orange'], ['black', 'orange'], ['red', 'black', 'orange'], ['green', 'black', 'orange'], ['red', 'green', 'black', 'orange'], ['blue', 'black', 'orange'], ['red', 'blue', 'black', 'orange'], ['green', 'blue', 'black', 'orange'], ['red', 'green', 'blue', 'black', 'orange'], ['white', 'black', 'orange'], ['red', 'white', 'black', 'orange'], ['green', 'white', 'black', 'orange'], ['red', 'green', 'white', 'black', 'orange'], ['blue', 'white', 'black', 'orange'], ['red', 'blue', 'white', 'black', 'orange'], ['green', 'blue', 'white', 'black', 'orange'], ['red', 'green', 'blue', 'white', 'black', 'orange']]}, {'status': 'ok', 'value': [[], ['red'], ['green'], ['red', 'green'], ['black'], ['red', 'black'], ['green', 'black'], ['red', 'green', 'black'], ['orange'], ['red', 'orange'], ['green', 'orange'], ['red', 'green', 'orange'], ['black', 'orange'], ['red', 'black', 'orange'], ['green', 'black', 'orange'], ['red', 'green', 'black', 'orange']]}], [{'status': 'ok', 'value': [[], ['orange'], ['red'], ['orange', 'red'], ['green'], ['orange', 'green'], ['red', 'green'], ['orange', 'red', 'green'], ['blue'], ['orange', 'blue'], ['red', 'blue'], ['orange', 'red', 'blue'], ['green', 'blue'], ['orange', 'green', 'blue'], ['red', 'green', 'blue'], ['orange', 'red', 'green', 'blue']]}, {'status': 'ok', 'value': [[], ['red'], ['green'], ['red', 'green'], ['blue'], ['red', 'blue'], ['green', 'blue'], ['red', 'green', 'blue'], ['white'], ['red', 'white'], ['green', 'white'], ['red', 'green', 'white'], ['blue', 'white'], ['red', 'blue', 'white'], ['green', 'blue', 'white'], ['red', 'green', 'blue', 'white'], ['black'], ['red', 'black'], ['green', 'black'], ['red', 'green', 'black'], ['blue', 'black'], ['red', 'blue', 'black'], ['green', 'blue', 'black'], ['red', 'green', 'blue', 'black'], ['white', 'black'], ['red', 'white', 'black'], ['green', 'white', 'black'], ['red', 'green', 'white', 'black'], ['blue', 'white', 'black'], ['red', 'blue', 'white', 'black'], ['green', 'blue', 'white', 'black'], ['red', 'green', 'blue', 'white', 'black'], ['orange'], ['red', 'orange'], ['green', 'orange'], ['red', 'green', 'orange'], ['blue', 'orange'], ['red', 'blue', 'orange'], ['green', 'blue', 'orange'], ['red', 'green', 'blue', 'orange'], ['white', 'orange'], ['red', 'white', 'orange'], ['green', 'white', 'orange'], ['red', 'green', 'white', 'orange'], ['blue', 'white', 'orange'], ['red', 'blue', 'white', 'orange'], ['green', 'blue', 'white', 'orange'], ['red', 'green', 'blue', 'white', 'orange'], ['black', 'orange'], ['red', 'black', 'orange'], ['green', 'black', 'orange'], ['red', 'green', 'black', 'orange'], ['blue', 'black', 'orange'], ['red', 'blue', 'black', 'orange'], ['green', 'blue', 'black', 'orange'], ['red', 'green', 'blue', 'black', 'orange'], ['white', 'black', 'orange'], ['red', 'white', 'black', 'orange'], ['green', 'white', 'black', 'orange'], ['red', 'green', 'white', 'black', 'orange'], ['blue', 'white', 'black', 'orange'], ['red', 'blue', 'white', 'black', 'orange'], ['green', 'blue', 'white', 'black', 'orange'], ['red', 'green', 'blue', 'white', 'black', 'orange']]}, {'status': 'ok', 'value': [[], ['red'], ['green'], ['red', 'green'], ['black'], ['red', 'black'], ['green', 'black'], ['red', 'green', 'black'], ['orange'], ['red', 'orange'], ['green', 'orange'], ['red', 'green', 'orange'], ['black', 'orange'], ['red', 'black', 'orange'], ['green', 'black', 'orange'], ['red', 'green', 'black', 'orange']]}]]",0.02796587787212787,Mbpp/462,1,,1,0.016271680618571843,1,0.02342779599659421
4,ea7d7e827c7e0b59f50dc87193346388fd0db2703f323019e78203cd303abc99,prompt_plus_base_inputs,0.11753611636911018,4,0.13394130298565599,0.15,0.12,1.008229000002757,"[1.910252900001069, 1.8858739999996033, 1.5166454000027443, 1.908764700001484, 2.0405038999997487]","[[{'status': 'ok', 'value': 11}, {'status': 'ok', 'value': 1}, {'status': 'ok', 'value': 5}, {'status': 'ok', 'value': 531441}], [{'status': 'ok', 'value': 11}, {'status': 'ok', 'value': 1}, {'status': 'ok', 'value': 5}, {'status': 'ok', 'value': 531441}], [{'status': 'ok', 'value': 81}, {'status': 'ok', 'value': 1}, {'status': 'ok', 'value': 27}, {'status': 'ok', 'value': 531441}], [{'status': 'ok', 'value': 11}, {'status': 'ok', 'value': 1}, {'status': 'ok', 'value': 5}, {'status': 'ok', 'value': 531441}], [{'status': 'ok', 'value': 11}, {'status': 'ok', 'value': 1}, {'status': 'ok', 'value': 5}, {'status': 'ok', 'value': 99}]]",0.10715304238852479,0.009973041470157928,4,0.0,0.0,0.0,1.1563080999985687,"[2.521166799997445, 2.4894528000004357, 2.3989993000031973, 2.6503297000017483, 2.370423499996832]","[[{'status': 'ok', 'value': 29}, {'status': 'ok', 'value': 2}, {'status': 'ok', 'value': 12}, {'status': 'ok', 'value': 33461}], [{'status': 'ok', 'value': 29}, {'status': 'ok', 'value': 2}, {'status': 'ok', 'value': 12}, {'status': 'ok', 'value': 33461}], [{'status': 'ok', 'value': 29}, {'status': 'ok', 'value': 2}, {'status': 'ok', 'value': 12}, {'status': 'ok', 'value': 33461}], [{'status': 'ok', 'value': 29}, {'status': 'ok', 'value': 2}, {'status': 'ok', 'value': 12}, {'status': 'ok', 'value': 33461}], [{'status': 'ok', 'value': 29}, {'status': 'ok', 'value': 2}, {'status': 'ok', 'value': 12}, {'status': 'ok', 'value': 33461}]]",0.0,0.13203568762935952,5,0.1311202791584095,0.2,0.16,1.0359586000013223,"[3.7542861999972956, 3.6875015999976313, 5.57086580000032, 4.777758700001868, 4.231513999999152]","[[{'status': 'ok', 'value': 29}, {'status': 'ok', 'value': 2}, {'status': 'ok', 'value': 12}, {'status': 'ok', 'value': 33461}], [{'status': 'ok', 'value': 29}, {'status': 'ok', 'value': 2}, {'status': 'ok', 'value': 12}, {'status': 'ok', 'value': 33461}], [{'status': 'ok', 'value': 11}, {'status': 'ok', 'value': 1}, {'status': 'ok', 'value': 5}, {'status': 'ok', 'value': 2731}], [{'status': 'ok', 'value': 29}, {'status': 'ok', 'value': 2}, {'status': 'ok', 'value': 12}, {'status': 'ok', 'value': 33461}], [{'status': 'ok', 'value': 29}, {'status': 'ok', 'value': 2}, {'status': 'ok', 'value': 12}, {'status': 'ok', 'value': 33461}]]",0.1048962233267276,Mbpp/752,1,0.0253675034044065,1,0.018502602896520136,1,0.01187889699386362
3,e923021517dc1c0e2e95d37adc44ec83d1278cec30b748df4b1262d66499d370,prompt_plus_base_inputs,0.23509734113039038,4,0.0,0.0,0.0,1.0382924000005005,"[0.4278489000025729, 0.3680038999991666, 1.2116108999980497, 1.0446621000010055, 1.1284892999974545]","[[{'status': 'ok', 'value': 19}, {'status': 'ok', 'value': 10}, {'status': 'ok', 'value': 11}], [{'status': 'ok', 'value': 19}, {'status': 'ok', 'value': 10}, {'status': 'ok', 'value': 11}], [{'status': 'ok', 'value': 19}, {'status': 'ok', 'value': 10}, {'status': 'ok', 'value': 11}], [{'status': 'ok', 'value': 19}, {'status': 'ok', 'value': 10}, {'status': 'ok', 'value': 11}], [{'status': 'ok', 'value': 19}, {'status': 'ok', 'value': 10}, {'status': 'ok', 'value': 11}]]",0.0,0.10626287263679221,4,0.0,0.0,0.0,1.1958138000009058,"[1.8464197999965108, 1.7820377999996708, 1.3448771000003035, 1.9089056999982859, 1.81537390000085]","[[{'status': 'ok', 'value': 19}, {'status': 'ok', 'value': 10}, {'status': 'ok', 'value': 11}], [{'status': 'ok', 'value': 19}, {'status': 'ok', 'value': 10}, {'status': 'ok', 'value': 11}], [{'status': 'ok', 'value': 19}, {'status': 'ok', 'value': 10}, {'status': 'ok', 'value': 11}], [{'status': 'ok', 'value': 19}, {'status': 'ok', 'value': 10}, {'status': 'ok', 'value': 11}], [{'status': 'ok', 'value': 19}, {'status': 'ok', 'value': 10}, {'status': 'ok', 'value': 11}]]",0.0,0.341137553856446,4,0.0,0.0,0.0,0.8774711999976716,"[3.3801209000012022, 2.937511199997971, 3.6592239000019617, 3.6292475999980525, 3.7187022999969486]","[[{'status': 'ok', 'value': 19}, {'status': 'ok', 'value': 10}, {'status': 'ok', 'value': 11}], [{'status': 'ok', 'value': 19}, {'status': 'ok', 'value': 10}, {'status': 'ok', 'value': 11}], [{'status': 'ok', 'value': 19}, {'status': 'ok', 'value': 10}, {'status': 'ok', 'value': 11}], [{'status': 'ok', 'value': 19}, {'status': 'ok', 'value': 10}, {'status': 'ok', 'value': 11}], [{'status': 'ok', 'value': 19}, {'status': 'ok', 'value': 10}, {'status': 'ok', 'value': 11}]]",0.0,Mbpp/611,0,,1,0.02298238241825493,1,0.03702859454919304
5,112ed61186b98fa3427fc50e127ee59b9af8abc227a0cb40245061fc2a2a274c,prompt_plus_base_inputs,0.0,1,0.0,0.0,0.0,1.0383826000033878,"[0.9128189000002749, 0.8666593999987526, 0.840089800003625, 0.8551319999969564, 0.8557509000020218]","[[{'status': 'ok', 'value': True}, {'status': 'ok', 'value': False}, {'status': 'ok', 'value': True}, {'status': 'ok', 'value': True}, {'status': 'ok', 'value': False}], [{'status': 'ok', 'value': True}, {'status': 'ok', 'value': False}, {'status': 'ok', 'value': True}, {'status': 'ok', 'value': True}, {'status': 'ok', 'value': False}], [{'status': 'ok', 'value': True}, {'status': 'ok', 'value': False}, {'status': 'ok', 'value': True}, {'status': 'ok', 'value': True}, {'status': 'ok', 'value': False}], [{'status': 'ok', 'value': True}, {'status': 'ok', 'value': False}, {'status': 'ok', 'value': True}, {'status': 'ok', 'value': True}, {'status': 'ok', 'value': False}], [{'status': 'ok', 'value': True}, {'status': 'ok', 'value': False}, {'status': 'ok', 'value': True}, {'status': 'ok', 'value': True}, {'status': 'ok', 'value': False}]]",0.0,0.00644329896907217,2,0.0,0.0,0.0,1.0532061999983853,"[1.983977899999445, 1.9545686999990721, 2.2905570000002626, 1.9464613999989524, 1.9403770999997505]","[[{'status': 'ok', 'value': True}, {'status': 'ok', 'value': False}, {'status': 'ok', 'value': True}, {'status': 'ok', 'value': True}, {'status': 'ok', 'value': False}], [{'status': 'ok', 'value': True}, {'status': 'ok', 'value': False}, {'status': 'ok', 'value': True}, {'status': 'ok', 'value': True}, {'status': 'ok', 'value': False}], [{'status': 'ok', 'value': True}, {'status': 'ok', 'value': False}, {'status': 'ok', 'value': True}, {'status': 'ok', 'value': True}, {'status': 'ok', 'value': False}], [{'status': 'ok', 'value': True}, {'status': 'ok', 'value': False}, {'status': 'ok', 'value': True}, {'status': 'ok', 'value': True}, {'status': 'ok', 'value': False}], [{'status': 'ok', 'value': True}, {'status': 'ok', 'value': False}, {'status': 'ok', 'value': True}, {'status': 'ok', 'value': True}, {'status': 'ok', 'value': False}]]",0.0,0.02704250001112743,5,0.0,0.0,0.0,0.8814574999996694,"[3.045972800002346, 3.57723310000074, 2.9222057000006316, 2.8604407999991963, 2.8258992999981274]","[[{'status': 'ok', 'value': True}, {'status': 'ok', 'value': False}, {'status': 'ok', 'value': True}, {'status': 'ok', 'value': True}, {'status': 'ok', 'value': False}], [{'status': 'ok', 'value': True}, {'status': 'ok', 'value': False}, {'status': 'ok', 'value': True}, {'status': 'ok', 'value': True}, {'status': 'ok', 'value': False}], [{'status': 'ok', 'value': True}, {'status': 'ok', 'value': False}, {'status': 'ok', 'value': True}, {'status': 'ok', 'value': True}, {'status': 'ok', 'value': False}], [{'status': 'ok', 'value': True}, {'status': 'ok', 'value': False}, {'status': 'ok', 'value': True}, {'status': 'ok', 'value': True}, {'status': 'ok', 'value': False}], [{'status': 'ok', 'value': True}, {'status': 'ok', 'value': False}, {'status': 'ok', 'value': True}, {'status': 'ok', 'value': True}, {'status': 'ok', 'value': False}]]",0.0,Mbpp/3,0,0.0083540939772049,0,0.007946869168319467,0,0.017289253752004886
3,c89885e2d7aae602d24985b2b57690c7a844625f526a2943d09c7ea46ac0d8f6,prompt_plus_base_inputs,0.0,5,0.0,0.0,0.0,0.0011435000014898833,"[5.283137599999463, 5.243547599999147, 5.264248499999667, 5.291632800002844, 5.362246900000173]","[[{'exception': 'syntax_error:invalid syntax', 'status': 'parse_error'}, {'exception': 'syntax_error:invalid syntax', 'status': 'parse_error'}, {'exception': 'syntax_error:invalid syntax', 'status': 'parse_error'}], [{'exception': 'syntax_error:invalid syntax', 'status': 'parse_error'}, {'exception': 'syntax_error:invalid syntax', 'status': 'parse_error'}, {'exception': 'syntax_error:invalid syntax', 'status': 'parse_error'}], [{'exception': 'syntax_error:invalid syntax', 'status': 'parse_error'}, {'exception': 'syntax_error:invalid syntax', 'status': 'parse_error'}, {'exception': 'syntax_error:invalid syntax', 'status': 'parse_error'}], [{'exception': 'syntax_error:invalid syntax', 'status': 'parse_error'}, {'exception': 'syntax_error:invalid syntax', 'status': 'parse_error'}, {'exception': 'syntax_error:invalid syntax', 'status': 'parse_error'}], [{'exception': 'syntax_error:invalid syntax', 'status': 'parse_error'}, {'exception': 'syntax_error:invalid syntax', 'status': 'parse_error'}, {'exception': 'syntax_error:invalid syntax', 'status': 'parse_error'}]]",0.0,0.9221701839346126,5,0.6438888888888888,0.8,0.36,0.3991779999996652,"[5.311938900002133, 3.3298312999977497, 7.068246800001361, 6.979713000000629, 7.839826499999617]","[[{'status': 'ok', 'value': [1, 2, 3, 5, 7]}, {'status': 'ok', 'value': [1, 2, 3, 5, 7, 11, 13, 17, 19, 23]}, {'status': 'ok', 'value': [1, 2, 3, 5, 7, 11, 13, 17, 19, 23, 29, 31, 37, 41, 43]}], [{'status': 'ok', 'value': [1]}, {'status': 'ok', 'value': [1]}, {'status': 'ok', 'value': [1]}], [{'exception': 'syntax_error:unterminated triple-quoted string literal (detected at line 34)', 'status': 'parse_error'}, {'exception': 'syntax_error:unterminated triple-quoted string literal (detected at line 34)', 'status': 'parse_error'}, {'exception': 'syntax_error:unterminated triple-quoted string literal (detected at line 34)', 'status': 'parse_error'}], [{'exception': 'syntax_error:invalid syntax', 'status': 'parse_error'}, {'exception': 'syntax_error:invalid syntax', 'status': 'parse_error'}, {'exception': 'syntax_error:invalid syntax', 'status': 'parse_error'}], [{'exception': 'syntax_error:invalid syntax', 'status': 'parse_error'}, {'exception': 'syntax_error:invalid syntax', 'status': 'parse_error'}, {'exception': 'syntax_error:invalid syntax', 'status': 'parse_error'}]]",0.2487777777777778,0.7778478853276743,5,0.48902505706853533,0.8,0.36,0.5853139999999257,"[5.199919200000295, 10.498002700001962, 10.535727599999518, 7.380644600001688, 7.394195199998649]","[[{'status': 'ok', 'value': [1]}, {'status': 'ok', 'value': [1]}, {'status': 'ok', 'value': [1]}], [{'exception': 'syntax_error:invalid syntax', 'status': 'parse_error'}, {'exception': 'syntax_error:invalid syntax', 'status': 'parse_error'}, {'exception': 'syntax_error:invalid syntax', 'status': 'parse_error'}], [{'exception': 'syntax_error:invalid syntax', 'status': 'parse_error'}, {'exception': 'syntax_error:invalid syntax', 'status': 'parse_error'}, {'exception': 'syntax_error:invalid syntax', 'status': 'parse_error'}], [{'status': 'ok', 'value': [1, 2, 3, 5, 7]}, {'status': 'ok', 'value': [1, 2, 3, 5, 7, 11, 13, 17, 23, 25]}, {'status': 'ok', 'value': [1, 2, 3, 5, 7, 11, 13, 17, 23, 25, 29, 37, 41, 43]}], [{'status': 'ok', 'value': [1, 2, 4, 6, 8, 10]}, {'status': 'ok', 'value': [1, 2, 4, 6, 8, 10, 12, 14, 16, 18, 20, 22, 24]}, {'status': 'ok', 'value': [1, 2, 4, 6, 8, 10, 12, 14, 16, 18, 20, 22, 24, 26, 28, 30, 32, 34, 36, 38, 40, 42, 44]}]]",0.26512783219342295,Mbpp/603,1,0.16620785501530513,1,,1,0.07332389123898088
5,f9e8b94f33d78ee1997fadcc7ba3eaa197a3ff8606aabdf8e7c1fea2ed7e3080,prompt_plus_base_inputs,0.3097530821697573,5,0.2,0.2,0.16,0.949445400001423,"[3.2344486999973014, 2.622063899998466, 3.7352086000028066, 2.8911275999998907, 5.27775979999933]","[[{'status': 'ok', 'value': 15}, {'status': 'ok', 'value': 12}, {'status': 'ok', 'value': 13}, {'status': 'ok', 'value': 127}, {'status': 'ok', 'value': 115}], [{'status': 'ok', 'value': 15}, {'status': 'ok', 'value': 12}, {'status': 'ok', 'value': 13}, {'status': 'ok', 'value': 127}, {'status': 'ok', 'value': 115}], [{'status': 'ok', 'value': 15}, {'status': 'ok', 'value': 12}, {'status': 'ok', 'value': 13}, {'status': 'ok', 'value': 127}, {'status': 'ok', 'value': 115}], [{'status': 'ok', 'value': 15}, {'status': 'ok', 'value': 12}, {'status': 'ok', 'value': 13}, {'status': 'ok', 'value': 127}, {'status': 'ok', 'value': 115}], [{'exception': 'syntax_error:invalid syntax', 'status': 'parse_error'}, {'exception': 'syntax_error:invalid syntax', 'status': 'parse_error'}, {'exception': 'syntax_error:invalid syntax', 'status': 'parse_error'}, {'exception': 'syntax_error:invalid syntax', 'status': 'parse_error'}, {'exception': 'syntax_error:invalid syntax', 'status': 'parse_error'}]]",0.16,0.6126492023924649,5,0.0,0.0,0.0,1.182969299999968,"[5.94800000000032, 5.613617399998475, 4.31677590000254, 4.7238077000001795, 4.143984700000146]","[[{'status': 'ok', 'value': 15}, {'status': 'ok', 'value': 12}, {'status': 'ok', 'value': 13}, {'status': 'ok', 'value': 127}, {'status': 'ok', 'value': 115}], [{'status': 'ok', 'value': 15}, {'status': 'ok', 'value': 12}, {'status': 'ok', 'value': 13}, {'status': 'ok', 'value': 127}, {'status': 'ok', 'value': 115}], [{'status': 'ok', 'value': 15}, {'status': 'ok', 'value': 12}, {'status': 'ok', 'value': 13}, {'status': 'ok', 'value': 127}, {'status': 'ok', 'value': 115}], [{'status': 'ok', 'value': 15}, {'status': 'ok', 'value': 12}, {'status': 'ok', 'value': 13}, {'status': 'ok', 'value': 127}, {'status': 'ok', 'value': 115}], [{'status': 'ok', 'value': 15}, {'status': 'ok', 'value': 12}, {'status': 'ok', 'value': 13}, {'status': 'ok', 'value': 127}, {'status': 'ok', 'value': 115}]]",0.0,0.5883393353250693,5,0.2605899103749155,0.4,0.28,0.8480926000011095,"[5.488779100000102, 5.8710207999974955, 3.8176620000012917, 4.760318099997676, 10.439650600001187]","[[{'status': 'ok', 'value': 15}, {'status': 'ok', 'value': 12}, {'status': 'ok', 'value': 13}, {'status': 'ok', 'value': 127}, {'status': 'ok', 'value': 115}], [{'status': 'ok', 'value': 10}, {'status': 'ok', 'value': 9}, {'status': 'ok', 'value': 8}, {'status': 'ok', 'value': 94}, {'status': 'ok', 'value': 82}], [{'status': 'ok', 'value': 15}, {'status': 'ok', 'value': 12}, {'status': 'ok', 'value': 13}, {'status': 'ok', 'value': 127}, {'status': 'ok', 'value': 115}], [{'status': 'ok', 'value': 15}, {'status': 'ok', 'value': 12}, {'status': 'ok', 'value': 13}, {'status': 'ok', 'value': 127}, {'status': 'ok', 'value': 115}], [{'exception': 'syntax_error:invalid syntax', 'status': 'parse_error'}, {'exception': 'syntax_error:invalid syntax', 'status': 'parse_error'}, {'exception': 'syntax_error:invalid syntax', 'status': 'parse_error'}, {'exception': 'syntax_error:invalid syntax', 'status': 'parse_error'}, {'exception': 'syntax_error:invalid syntax', 'status': 'parse_error'}]]",0.19635394622494928,Mbpp/735,1,0.14203581119531866,1,0.09005298581174026,1,0.06198404734499188
3,89e60c77dec11ad9aaa80c431584bf724c6b601244aaef521f46c2e3c996a374,prompt_plus_base_inputs,0.031368821292775684,2,0.0,0.0,0.0,1.0597864000010304,"[0.38107379999928526, 0.31312719999914407, 0.3227986999991117, 0.26321589999861317, 0.2631279999986873]","[[{'status': 'ok', 'value': False}, {'status': 'ok', 'value': True}, {'status': 'ok', 'value': True}], [{'status': 'ok', 'value': False}, {'status': 'ok', 'value': True}, {'status': 'ok', 'value': True}], [{'status': 'ok', 'value': False}, {'status': 'ok', 'value': True}, {'status': 'ok', 'value': True}], [{'status': 'ok', 'value': False}, {'status': 'ok', 'value': True}, {'status': 'ok', 'value': True}], [{'status': 'ok', 'value': False}, {'status': 'ok', 'value': True}, {'status': 'ok', 'value': True}]]",0.0,0.0020000000000000018,2,0.0,0.0,0.0,1.075144000002183,"[1.0604736000022967, 0.9861960999987787, 1.0313849999984086, 1.004742699999042, 0.9892896000019391]","[[{'status': 'ok', 'value': False}, {'status': 'ok', 'value': True}, {'status': 'ok', 'value': True}], [{'status': 'ok', 'value': False}, {'status': 'ok', 'value': True}, {'status': 'ok', 'value': True}], [{'status': 'ok', 'value': False}, {'status': 'ok', 'value': True}, {'status': 'ok', 'value': True}], [{'status': 'ok', 'value': False}, {'status': 'ok', 'value': True}, {'status': 'ok', 'value': True}], [{'status': 'ok', 'value': False}, {'status': 'ok', 'value': True}, {'status': 'ok', 'value': True}]]",0.0,0.10565610859728505,3,0.4,0.4,0.24,0.9640188000012131,"[2.0773254000014276, 1.5146218999980192, 1.4999778999990667, 1.9660777999997663, 1.5331956000009086]","[[{'status': 'ok', 'value': False}, {'status': 'ok', 'value': True}, {'status': 'ok', 'value': True}], [{'status': 'ok', 'value': True}, {'status': 'ok', 'value': False}, {'status': 'ok', 'value': False}], [{'status': 'ok', 'value': True}, {'status': 'ok', 'value': False}, {'status': 'ok', 'value': False}], [{'status': 'ok', 'value': False}, {'status': 'ok', 'value': True}, {'status': 'ok', 'value': True}], [{'status': 'ok', 'value': False}, {'status': 'ok', 'value': True}, {'status': 'ok', 'value': True}]]",0.24,Mbpp/79,0,0.04098111860342225,0,0.004380618796896303,0,0.010972388179064036
3,83ee74ac028259d09ad1a4573fb11155e14c74fd6fbe679c2923fd9f3abbfcdc,prompt_plus_base_inputs,0.34370457317565983,5,0.6,0.6,0.24,1.3355153000011342,"[0.4844087999990734, 0.5264167999994243, 1.2412160000021686, 0.5850458999993862, 0.443603499999881]","[[{'status': 'ok', 'value': 0}, {'status': 'ok', 'value': 0}, {'status': 'ok', 'value': 0}], [{'status': 'ok', 'value': 4}, {'status': 'ok', 'value': 2}, {'status': 'ok', 'value': 4}], [{'status': 'ok', 'value': 4}, {'status': 'ok', 'value': 2}, {'status': 'ok', 'value': 4}], [{'status': 'ok', 'value': 4}, {'status': 'ok', 'value': 2}, {'status': 'ok', 'value': 4}], [{'status': 'ok', 'value': 0}, {'status': 'ok', 'value': 0}, {'status': 'ok', 'value': 0}]]",0.24,0.7100322052349675,5,0.2,0.2,0.16,0.9098196000013559,"[6.58256270000129, 7.267167599999084, 2.2910985999988043, 2.0014996999998402, 1.9403340999997454]","[[{'status': 'ok', 'value': 2}, {'status': 'ok', 'value': 1}, {'status': 'ok', 'value': 2}], [{'exception': 'syntax_error:invalid syntax', 'status': 'parse_error'}, {'exception': 'syntax_error:invalid syntax', 'status': 'parse_error'}, {'exception': 'syntax_error:invalid syntax', 'status': 'parse_error'}], [{'status': 'ok', 'value': 2}, {'status': 'ok', 'value': 1}, {'status': 'ok', 'value': 2}], [{'status': 'ok', 'value': 2}, {'status': 'ok', 'value': 1}, {'status': 'ok', 'value': 2}], [{'status': 'ok', 'value': 2}, {'status': 'ok', 'value': 1}, {'status': 'ok', 'value': 2}]]",0.16,0.030341951281205953,5,0.0,0.0,0.0,1.1678878999991866,"[2.6702154999984486, 2.3962512999969476, 3.4711996000005456, 2.3018875000016124, 2.9220906000009563]","[[{'status': 'ok', 'value': 2}, {'status': 'ok', 'value': 1}, {'status': 'ok', 'value': 2}], [{'status': 'ok', 'value': 2}, {'status': 'ok', 'value': 1}, {'status': 'ok', 'value': 2}], [{'status': 'ok', 'value': 2}, {'status': 'ok', 'value': 1}, {'status': 'ok', 'value': 2}], [{'status': 'ok', 'value': 2}, {'status': 'ok', 'value': 1}, {'status': 'ok', 'value': 2}], [{'status': 'ok', 'value': 2}, {'status': 'ok', 'value': 1}, {'status': 'ok', 'value': 2}]]",0.0,Mbpp/757,1,0.03390229157879787,1,0.1288791417130587,0,0.021886150175935093
3,90d845e72c60d6a11d6b71b6f1f25d70239638a7b4eeab61c93722a78c5fcfd8,prompt_plus_base_inputs,0.30646865221521635,4,0.2360450626626082,0.6,0.36,0.9796841999996104,"[0.3793946000005235, 0.3319032999970659, 0.9521820999980264, 0.8968759999988833, 0.34189749999859487]","[[{'status': 'ok', 'value': 280}, {'status': 'ok', 'value': 8}, {'status': 'ok', 'value': 225}], [{'status': 'ok', 'value': 280}, {'status': 'ok', 'value': 8}, {'status': 'ok', 'value': 225}], [{'status': 'ok', 'value': 210}, {'status': 'ok', 'value': 10}, {'status': 'ok', 'value': 171}], [{'status': 'ok', 'value': 110}, {'status': 'ok', 'value': 6}, {'status': 'ok', 'value': 90}], [{'status': 'ok', 'value': 542}, {'status': 'ok', 'value': 14}, {'status': 'ok', 'value': 434}]]",0.16128774708266122,0.07631372112340376,5,0.0,0.0,0.0,1.102798600000824,"[1.7262009000005492, 1.7335894999996526, 1.7632789999988745, 1.5674238999999943, 1.5058519000012893]","[[{'status': 'ok', 'value': 271}, {'status': 'ok', 'value': 7}, {'status': 'ok', 'value': 217}], [{'status': 'ok', 'value': 271}, {'status': 'ok', 'value': 7}, {'status': 'ok', 'value': 217}], [{'status': 'ok', 'value': 271}, {'status': 'ok', 'value': 7}, {'status': 'ok', 'value': 217}], [{'status': 'ok', 'value': 271}, {'status': 'ok', 'value': 7}, {'status': 'ok', 'value': 217}], [{'status': 'ok', 'value': 271}, {'status': 'ok', 'value': 7}, {'status': 'ok', 'value': 217}]]",0.0,0.17176102070022553,5,0.0,0.0,0.0,1.2826277000021946,"[3.555187499998283, 3.5275116999982856, 3.317637600001035, 3.6034362000027613, 2.906715200002509]","[[{'status': 'ok', 'value': 271}, {'status': 'ok', 'value': 7}, {'status': 'ok', 'value': 217}], [{'status': 'ok', 'value': 271}, {'status': 'ok', 'value': 7}, {'status': 'ok', 'value': 217}], [{'status': 'ok', 'value': 271}, {'status': 'ok', 'value': 7}, {'status': 'ok', 'value': 217}], [{'status': 'ok', 'value': 271}, {'status': 'ok', 'value': 7}, {'status': 'ok', 'value': 217}], [{'status': 'ok', 'value': 271}, {'status': 'ok', 'value': 7}, {'status': 'ok', 'value': 217}]]",0.0,Mbpp/86,1,0.048036131392345006,0,0.038212355542862016,0,0.025775626009238366
3,4b3c68694f984a0df04b9f44fb3b9aee6b87b28f6825765ea75426c6cb015db7,prompt_plus_base_inputs,0.0,5,0.0,0.0,0.0,0.0005237000004854053,"[5.257101999999577, 5.283209500001249, 5.320077300002595, 5.343882900000608, 5.2909920000020065]","[[{'exception': 'syntax_error:invalid syntax', 'status': 'parse_error'}, {'exception': 'syntax_error:invalid syntax', 'status': 'parse_error'}, {'exception': 'syntax_error:invalid syntax', 'status': 'parse_error'}], [{'exception': 'syntax_error:invalid syntax', 'status': 'parse_error'}, {'exception': 'syntax_error:invalid syntax', 'status': 'parse_error'}, {'exception': 'syntax_error:invalid syntax', 'status': 'parse_error'}], [{'exception': 'syntax_error:invalid syntax', 'status': 'parse_error'}, {'exception': 'syntax_error:invalid syntax', 'status': 'parse_error'}, {'exception': 'syntax_error:invalid syntax', 'status': 'parse_error'}], [{'exception': 'syntax_error:invalid syntax', 'status': 'parse_error'}, {'exception': 'syntax_error:invalid syntax', 'status': 'parse_error'}, {'exception': 'syntax_error:invalid syntax', 'status': 'parse_error'}], [{'exception': 'syntax_error:invalid syntax', 'status': 'parse_error'}, {'exception': 'syntax_error:invalid syntax', 'status': 'parse_error'}, {'exception': 'syntax_error:invalid syntax', 'status': 'parse_error'}]]",0.0,0.5057084789439883,5,0.6395716246047373,0.8,0.4,1.2127402000005532,"[4.43772849999732, 4.1341981000005035, 5.608911400002398, 4.345886600000085, 5.08940050000092]","[[{'status': 'ok', 'value': 10}, {'status': 'ok', 'value': 37}, {'status': 'ok', 'value': 151}], [{'status': 'ok', 'value': 5}, {'status': 'ok', 'value': 15}, {'status': 'ok', 'value': 52}], [{'exception': 'wsl_worker_exit_1', 'status': 'runner_error'}, {'exception': 'wsl_worker_exit_1', 'status': 'runner_error'}, {'exception': 'wsl_worker_exit_1', 'status': 'runner_error'}], [{'status': 'ok', 'value': 4}, {'status': 'ok', 'value': 8}, {'status': 'ok', 'value': 16}], [{'status': 'ok', 'value': 2}, {'status': 'ok', 'value': 5}, {'status': 'ok', 'value': 15}]]",0.304910051416674,0.2998900182030302,5,0.18888888888888888,0.4666666666666667,0.26666666666666666,1.0004023000001325,"[7.872908400000597, 7.83004660000006, 5.549683700002788, 7.804156199999852, 7.981591299998399]","[[{'status': 'ok', 'value': 2}, {'status': 'ok', 'value': 4}, {'status': 'ok', 'value': 8}], [{'status': 'ok', 'value': 4}, {'status': 'ok', 'value': 8}, {'status': 'ok', 'value': 16}], [{'status': 'ok', 'value': 2}, {'status': 'ok', 'value': 5}, {'status': 'ok', 'value': 15}], [{'status': 'ok', 'value': 2}, {'status': 'ok', 'value': 5}, {'status': 'ok', 'value': 15}], [{'status': 'ok', 'value': 2}, {'status': 'ok', 'value': 4}, {'status': 'ok', 'value': 8}]]",0.10055555555555556,Mbpp/608,1,0.20753102279779526,1,0.029973320566699,1,0.03684507724246792
4,da615a39b2d6d39f6dae9e16bf4af3595d0452937364086f8127fc8baa3800e4,prompt_plus_base_inputs,0.0,1,0.0,0.0,0.0,1.0030265000023064,"[0.5566231000011612, 0.4599794000023394, 0.46665260000008857, 0.47102129999984754, 0.4529426000008243]","[[{'status': 'ok', 'value': [5, 35, 56, 80]}, {'status': 'ok', 'value': [8, 20, 30, 42]}, {'status': 'ok', 'value': [156, 182, 126, 135]}, {'status': 'ok', 'value': []}], [{'status': 'ok', 'value': [5, 35, 56, 80]}, {'status': 'ok', 'value': [8, 20, 30, 42]}, {'status': 'ok', 'value': [156, 182, 126, 135]}, {'status': 'ok', 'value': []}], [{'status': 'ok', 'value': [5, 35, 56, 80]}, {'status': 'ok', 'value': [8, 20, 30, 42]}, {'status': 'ok', 'value': [156, 182, 126, 135]}, {'status': 'ok', 'value': []}], [{'status': 'ok', 'value': [5, 35, 56, 80]}, {'status': 'ok', 'value': [8, 20, 30, 42]}, {'status': 'ok', 'value': [156, 182, 126, 135]}, {'status': 'ok', 'value': []}], [{'status': 'ok', 'value': [5, 35, 56, 80]}, {'status': 'ok', 'value': [8, 20, 30, 42]}, {'status': 'ok', 'value': [156, 182, 126, 135]}, {'status': 'ok', 'value': []}]]",0.0,0.30746234579792664,3,0.0,0.0,0.0,1.4531630000019504,"[1.0300876999972388, 1.6369468000011693, 1.6103885999982595, 1.9275946999987355, 1.9164263000020583]","[[{'status': 'ok', 'value': [5, 35, 56, 80]}, {'status': 'ok', 'value': [8, 20, 30, 42]}, {'status': 'ok', 'value': [156, 182, 126, 135]}, {'status': 'ok', 'value': []}], [{'status': 'ok', 'value': [5, 35, 56, 80]}, {'status': 'ok', 'value': [8, 20, 30, 42]}, {'status': 'ok', 'value': [156, 182, 126, 135]}, {'status': 'ok', 'value': []}], [{'status': 'ok', 'value': [5, 35, 56, 80]}, {'status': 'ok', 'value': [8, 20, 30, 42]}, {'status': 'ok', 'value': [156, 182, 126, 135]}, {'status': 'ok', 'value': []}], [{'status': 'ok', 'value': [5, 35, 56, 80]}, {'status': 'ok', 'value': [8, 20, 30, 42]}, {'status': 'ok', 'value': [156, 182, 126, 135]}, {'status': 'ok', 'value': []}], [{'status': 'ok', 'value': [5, 35, 56, 80]}, {'status': 'ok', 'value': [8, 20, 30, 42]}, {'status': 'ok', 'value': [156, 182, 126, 135]}, {'status': 'ok', 'value': []}]]",0.0,0.21973572496840488,4,0.0,0.0,0.0,1.1014496999996481,"[1.6433631999971112, 3.136075799997343, 2.503196099998604, 1.530030900001293, 1.5131958999991184]","[[{'status': 'ok', 'value': [5, 35, 56, 80]}, {'status': 'ok', 'value': [8, 20, 30, 42]}, {'status': 'ok', 'value': [156, 182, 126, 135]}, {'status': 'ok', 'value': []}], [{'status': 'ok', 'value': [5, 35, 56, 80]}, {'status': 'ok', 'value': [8, 20, 30, 42]}, {'status': 'ok', 'value': [156, 182, 126, 135]}, {'status': 'ok', 'value': []}], [{'status': 'ok', 'value': [5, 35, 56, 80]}, {'status': 'ok', 'value': [8, 20, 30, 42]}, {'status': 'ok', 'value': [156, 182, 126, 135]}, {'status': 'ok', 'value': []}], [{'status': 'ok', 'value': [5, 35, 56, 80]}, {'status': 'ok', 'value': [8, 20, 30, 42]}, {'status': 'ok', 'value': [156, 182, 126, 135]}, {'status': 'ok', 'value': []}], [{'status': 'ok', 'value': [5, 35, 56, 80]}, {'status': 'ok', 'value': [8, 20, 30, 42]}, {'status': 'ok', 'value': [156, 182, 126, 135]}, {'status': 'ok', 'value': []}]]",0.0,Mbpp/726,0,0.003184972563414848,0,0.02966611940173088,0,0.014660126283179692
3,b8f819de139770ce6c5be9d0a41a61c2c867dc8f9b1bfd9423eb98852591be48,prompt_plus_base_inputs,0.2633256805557831,4,0.0,0.0,0.0,1.1066960999996809,"[0.8826249999983702, 1.0149776999969617, 0.23034329999791225, 0.8222767999977805, 1.0156158999998297]","[[{'status': 'ok', 'value': 3}, {'status': 'ok', 'value': 8}, {'status': 'ok', 'value': 36}], [{'status': 'ok', 'value': 3}, {'status': 'ok', 'value': 8}, {'status': 'ok', 'value': 36}], [{'status': 'ok', 'value': 3}, {'status': 'ok', 'value': 8}, {'status': 'ok', 'value': 36}], [{'status': 'ok', 'value': 3}, {'status': 'ok', 'value': 8}, {'status': 'ok', 'value': 36}], [{'status': 'ok', 'value': 3}, {'status': 'ok', 'value': 8}, {'status': 'ok', 'value': 36}]]",0.0,0.08061354241615878,4,0.0,0.0,0.0,0.8915452000001096,"[2.156712300002255, 2.0604037000011886, 1.4480445999979565, 1.4771646999979566, 1.9057161999990058]","[[{'status': 'ok', 'value': 3}, {'status': 'ok', 'value': 8}, {'status': 'ok', 'value': 36}], [{'status': 'ok', 'value': 3}, {'status': 'ok', 'value': 8}, {'status': 'ok', 'value': 36}], [{'status': 'ok', 'value': 3}, {'status': 'ok', 'value': 8}, {'status': 'ok', 'value': 36}], [{'status': 'ok', 'value': 3}, {'status': 'ok', 'value': 8}, {'status': 'ok', 'value': 36}], [{'status': 'ok', 'value': 3}, {'status': 'ok', 'value': 8}, {'status': 'ok', 'value': 36}]]",0.0,0.23547739364545428,4,0.0,0.0,0.0,0.8661136000009719,"[2.1984328999969875, 2.580433899998752, 2.6236738999978115, 2.3947870999982115, 2.40641289999985]","[[{'status': 'ok', 'value': 3}, {'status': 'ok', 'value': 8}, {'status': 'ok', 'value': 36}], [{'status': 'ok', 'value': 3}, {'status': 'ok', 'value': 8}, {'status': 'ok', 'value': 36}], [{'status': 'ok', 'value': 3}, {'status': 'ok', 'value': 8}, {'status': 'ok', 'value': 36}], [{'status': 'ok', 'value': 3}, {'status': 'ok', 'value': 8}, {'status': 'ok', 'value': 36}], [{'status': 'ok', 'value': 3}, {'status': 'ok', 'value': 8}, {'status': 'ok', 'value': 36}]]",0.0,Mbpp/101,0,0.049879432638834056,0,0.023468699996595788,0,0.013728648670041144
3,06676014a38e8393b586b98d5b732dbec0bafe4b3363ba2afc88ff9a0543d26e,prompt_plus_base_inputs,0.0,5,0.0,0.0,0.0,0.0010540000002947636,"[5.315182199999981, 5.299717199999577, 5.357964599999832, 5.30030110000007, 5.287085699997988]","[[{'exception': 'syntax_error:invalid syntax', 'status': 'parse_error'}, {'exception': 'syntax_error:invalid syntax', 'status': 'parse_error'}, {'exception': 'syntax_error:invalid syntax', 'status': 'parse_error'}], [{'exception': 'syntax_error:invalid syntax', 'status': 'parse_error'}, {'exception': 'syntax_error:invalid syntax', 'status': 'parse_error'}, {'exception': 'syntax_error:invalid syntax', 'status': 'parse_error'}], [{'exception': 'syntax_error:invalid syntax', 'status': 'parse_error'}, {'exception': 'syntax_error:invalid syntax', 'status': 'parse_error'}, {'exception': 'syntax_error:invalid syntax', 'status': 'parse_error'}], [{'exception': 'syntax_error:invalid syntax', 'status': 'parse_error'}, {'exception': 'syntax_error:invalid syntax', 'status': 'parse_error'}, {'exception': 'syntax_error:invalid syntax', 'status': 'parse_error'}], [{'exception': 'syntax_error:invalid syntax', 'status': 'parse_error'}, {'exception': 'syntax_error:invalid syntax', 'status': 'parse_error'}, {'exception': 'syntax_error:invalid syntax', 'status': 'parse_error'}]]",0.0,0.4956865739924418,5,0.4,0.4,0.28,0.5220039999985602,"[7.266934499999479, 2.9667540000009467, 7.233254099999613, 7.336692100001528, 3.6674701000010828]","[[{'exception': 'syntax_error:invalid syntax', 'status': 'parse_error'}, {'exception': 'syntax_error:invalid syntax', 'status': 'parse_error'}, {'exception': 'syntax_error:invalid syntax', 'status': 'parse_error'}], [{'status': 'ok', 'value': 11}, {'status': 'ok', 'value': 13}, {'status': 'ok', 'value': 31}], [{'exception': 'syntax_error:invalid syntax', 'status': 'parse_error'}, {'exception': 'syntax_error:invalid syntax', 'status': 'parse_error'}, {'exception': 'syntax_error:invalid syntax', 'status': 'parse_error'}], [{'exception': 'syntax_error:invalid syntax', 'status': 'parse_error'}, {'exception': 'syntax_error:invalid syntax', 'status': 'parse_error'}, {'exception': 'syntax_error:invalid syntax', 'status': 'parse_error'}], [{'status': 'ok', 'value': 10}, {'status': 'ok', 'value': 14}, {'status': 'ok', 'value': 15}]]",0.24904622259460968,0.2474974974974975,5,0.2,0.2,0.16,0.21244149999984074,"[10.634671799998614, 7.500042699997721, 10.435621799999353, 10.5108515000029, 10.550670299999183]","[[{'exception': 'syntax_error:invalid syntax', 'status': 'parse_error'}, {'exception': 'syntax_error:invalid syntax', 'status': 'parse_error'}, {'exception': 'syntax_error:invalid syntax', 'status': 'parse_error'}], [{'status': 'ok', 'value': 11}, {'status': 'ok', 'value': 13}, {'status': 'ok', 'value': 15}], [{'exception': 'syntax_error:invalid syntax', 'status': 'parse_error'}, {'exception': 'syntax_error:invalid syntax', 'status': 'parse_error'}, {'exception': 'syntax_error:invalid syntax', 'status': 'parse_error'}], [{'exception': 'syntax_error:invalid syntax', 'status': 'parse_error'}, {'exception': 'syntax_error:invalid syntax', 'status': 'parse_error'}, {'exception': 'syntax_error:invalid syntax', 'status': 'parse_error'}], [{'exception': 'syntax_error:invalid syntax', 'status': 'parse_error'}, {'exception': 'syntax_error:invalid syntax', 'status': 'parse_error'}, {'exception': 'syntax_error:invalid syntax', 'status': 'parse_error'}]]",0.16,Mbpp/311,1,0.13103969287408757,1,0.17965948659260844,1,0.20182915438606314
3,c7e6829c181de0d8763af2ea2e4d67d7c1702c4df41822bf983507c9193aacfb,prompt_plus_base_inputs,0.0,1,0.0,0.0,0.0,1.051090099997964,"[0.7075857999989239, 0.6268735999983619, 0.6214921999999206, 0.6156652999998187, 0.6167458999989321]","[[{'status': 'ok', 'value': 3}, {'status': 'ok', 'value': 4}, {'status': 'ok', 'value': 5}], [{'status': 'ok', 'value': 3}, {'status': 'ok', 'value': 4}, {'status': 'ok', 'value': 5}], [{'status': 'ok', 'value': 3}, {'status': 'ok', 'value': 4}, {'status': 'ok', 'value': 5}], [{'status': 'ok', 'value': 3}, {'status': 'ok', 'value': 4}, {'status': 'ok', 'value': 5}], [{'status': 'ok', 'value': 3}, {'status': 'ok', 'value': 4}, {'status': 'ok', 'value': 5}]]",0.0,0.03391714180427638,4,0.0,0.0,0.0,0.9310646999983874,"[2.0750646000014967, 1.7862686999978905, 2.0819047000004502, 2.3647531000024173, 2.1534221999972942]","[[{'status': 'ok', 'value': 3}, {'status': 'ok', 'value': 4}, {'status': 'ok', 'value': 5}], [{'status': 'ok', 'value': 3}, {'status': 'ok', 'value': 4}, {'status': 'ok', 'value': 5}], [{'status': 'ok', 'value': 3}, {'status': 'ok', 'value': 4}, {'status': 'ok', 'value': 5}], [{'status': 'ok', 'value': 3}, {'status': 'ok', 'value': 4}, {'status': 'ok', 'value': 5}], [{'status': 'ok', 'value': 3}, {'status': 'ok', 'value': 4}, {'status': 'ok', 'value': 5}]]",0.0,0.04033276210575332,4,0.0,0.0,0.0,1.0409728999984509,"[2.711888899997575, 2.642894900000101, 3.9320226999989245, 3.9822221000031277, 2.736938800000644]","[[{'status': 'ok', 'value': 3}, {'status': 'ok', 'value': 4}, {'status': 'ok', 'value': 5}], [{'status': 'ok', 'value': 3}, {'status': 'ok', 'value': 4}, {'status': 'ok', 'value': 5}], [{'status': 'ok', 'value': 3}, {'status': 'ok', 'value': 4}, {'status': 'ok', 'value': 5}], [{'status': 'ok', 'value': 3}, {'status': 'ok', 'value': 4}, {'status': 'ok', 'value': 5}], [{'status': 'ok', 'value': 3}, {'status': 'ok', 'value': 4}, {'status': 'ok', 'value': 5}]]",0.0,Mbpp/142,1,0.005355993831951321,0,0.015593575034673722,1,0.014138858416950109
3,f47ddec0913459ea2e32115042f4a887429895fcc42a2c25968bb07beb1fe2a6,prompt_plus_base_inputs,0.08421288621805267,5,0.18552407972965748,0.8,0.4,1.0260981999999785,"[2.854981199998292, 4.391486900000018, 3.6691337000011117, 2.5741932000019005, 2.6074260999994294]","[[{'status': 'ok', 'value': [15, 25, 38, 69, 79]}, {'status': 'ok', 'value': [12, 36, 54, 85, 98]}, {'status': 'ok', 'value': [12, 23, 32, 41, 42]}], [{'status': 'ok', 'value': [38, 25, 15, 79, 69]}, {'status': 'ok', 'value': [36, 54, 12, 98, 85]}, {'status': 'ok', 'value': [12, 32, 41, 42, 23]}], [{'status': 'ok', 'value': [38, 25, 69, 79, 15]}, {'status': 'ok', 'value': [12, 54, 36, 98, 85]}, {'status': 'ok', 'value': [12, 23, 32, 42, 41]}], [{'status': 'ok', 'value': [69, 38, 25, 15, 79]}, {'status': 'ok', 'value': [85, 36, 54, 12, 98]}, {'status': 'ok', 'value': [23, 12, 32, 41, 42]}], [{'status': 'ok', 'value': [15, 79, 25, 38, 69]}, {'status': 'ok', 'value': [98, 12, 54, 36, 85]}, {'status': 'ok', 'value': [41, 42, 32, 12, 23]}]]",0.11324019569628975,0.4791778557979078,5,0.2024695917896479,0.6,0.36,1.1361075999993773,"[3.4599492000015744, 3.422041400001035, 4.3427235999988625, 3.851935999999114, 3.522702800000843]","[[{'status': 'ok', 'value': [25, 15, 79, 69, 38]}, {'status': 'ok', 'value': [54, 12, 98, 85, 36]}, {'status': 'ok', 'value': [41, 32, 12, 23, 42]}], [{'status': 'ok', 'value': [38, 25, 25, 38, 69]}, {'status': 'ok', 'value': [36, 54, 54, 36, 85]}, {'status': 'ok', 'value': [23, 12, 32, 12, 23]}], [{'status': 'ok', 'value': [15, 25, 38, 69, 79]}, {'status': 'ok', 'value': [12, 36, 54, 85, 98]}, {'status': 'ok', 'value': [12, 23, 32, 41, 42]}], [{'status': 'ok', 'value': [15, 79, 38, 25, 69]}, {'status': 'ok', 'value': [12, 36, 98, 54, 85]}, {'status': 'ok', 'value': [41, 42, 12, 32, 23]}], [{'status': 'ok', 'value': [25, 15, 79, 69, 38]}, {'status': 'ok', 'value': [54, 12, 98, 85, 36]}, {'status': 'ok', 'value': [41, 32, 12, 23, 42]}]]",0.11370373260359834,0.28224651249081967,5,0.0,0.0,0.0,0.9073207000001275,"[5.31401139999798, 5.727483599999687, 5.279961500000354, 5.344387299999653, 6.21465100000205]","[[{'status': 'ok', 'value': [25, 15, 79, 69, 38]}, {'status': 'ok', 'value': [54, 12, 98, 85, 36]}, {'status': 'ok', 'value': [41, 32, 12, 23, 42]}], [{'status': 'ok', 'value': [25, 15, 79, 69, 38]}, {'status': 'ok', 'value': [54, 12, 98, 85, 36]}, {'status': 'ok', 'value': [41, 32, 12, 23, 42]}], [{'status': 'ok', 'value': [25, 15, 79, 69, 38]}, {'status': 'ok', 'value': [54, 12, 98, 85, 36]}, {'status': 'ok', 'value': [41, 32, 12, 23, 42]}], [{'status': 'ok', 'value': [25, 15, 79, 69, 38]}, {'status': 'ok', 'value': [54, 12, 98, 85, 36]}, {'status': 'ok', 'value': [41, 32, 12, 23, 42]}], [{'status': 'ok', 'value': [25, 15, 79, 69, 38]}, {'status': 'ok', 'value': [54, 12, 98, 85, 36]}, {'status': 'ok', 'value': [41, 32, 12, 23, 42]}]]",0.0,Mbpp/141,0,0.09779618288775223,1,0.044346131798339024,1,0.04461240800554636
4,c40cedb4caad2be65f52ce6c03261a32c81f6492be4547ba2bba9cc683d7bef0,prompt_plus_base_inputs,0.1179614608533199,3,0.0651644044568048,0.2,0.16,1.0677011999978276,"[0.8897036999987904, 0.8011252000032982, 0.9049402000018745, 0.789561200002936, 0.7419200000003912]","[[{'status': 'ok', 'value': [[2, 4], [4, 6], [4, 6], [6, 8]]}, {'status': 'ok', 'value': [[4, 8], [8, 11], [7, 5], [8, 14], [8, 11], [12, 14], [11, 8], [12, 17], [7, 5], [11, 8], [10, 2], [11, 11], [8, 14], [12, 17], [11, 11], [12, 20]]}, {'status': 'ok', 'value': [[6, 10], [10, 13], [9, 7], [10, 16], [10, 13], [14, 16], [13, 10], [14, 19], [9, 7], [13, 10], [12, 4], [13, 13], [10, 16], [14, 19], [13, 13], [14, 22]]}, {'status': 'ok', 'value': [[8, 12], [12, 15], [11, 9], [12, 18], [12, 15], [16, 18], [15, 12], [16, 21], [11, 9], [15, 12], [14, 6], [15, 15], [12, 18], [16, 21], [15, 15], [16, 24]]}], [{'status': 'ok', 'value': [[2, 4], [4, 6], [4, 6], [6, 8]]}, {'status': 'ok', 'value': [[4, 8], [8, 11], [7, 5], [8, 14], [8, 11], [12, 14], [11, 8], [12, 17], [7, 5], [11, 8], [10, 2], [11, 11], [8, 14], [12, 17], [11, 11], [12, 20]]}, {'status': 'ok', 'value': [[6, 10], [10, 13], [9, 7], [10, 16], [10, 13], [14, 16], [13, 10], [14, 19], [9, 7], [13, 10], [12, 4], [13, 13], [10, 16], [14, 19], [13, 13], [14, 22]]}, {'status': 'ok', 'value': [[8, 12], [12, 15], [11, 9], [12, 18], [12, 15], [16, 18], [15, 12], [16, 21], [11, 9], [15, 12], [14, 6], [15, 15], [12, 18], [16, 21], [15, 15], [16, 24]]}], [{'status': 'ok', 'value': [[2, 4], [4, 6], [4, 6], [6, 8]]}, {'status': 'ok', 'value': [[4, 8], [8, 11], [7, 5], [8, 14], [8, 11], [12, 14], [11, 8], [12, 17], [7, 5], [11, 8], [10, 2], [11, 11], [8, 14], [12, 17], [11, 11], [12, 20]]}, {'status': 'ok', 'value': [[6, 10], [10, 13], [9, 7], [10, 16], [10, 13], [14, 16], [13, 10], [14, 19], [9, 7], [13, 10], [12, 4], [13, 13], [10, 16], [14, 19], [13, 13], [14, 22]]}, {'status': 'ok', 'value': [[8, 12], [12, 15], [11, 9], [12, 18], [12, 15], [16, 18], [15, 12], [16, 21], [11, 9], [15, 12], [14, 6], [15, 15], [12, 18], [16, 21], [15, 15], [16, 24]]}], [{'status': 'ok', 'value': [[2, 4], [4, 6], [4, 6], [6, 8]]}, {'status': 'ok', 'value': [[4, 8], [8, 11], [7, 5], [8, 14], [8, 11], [12, 14], [11, 8], [12, 17], [7, 5], [11, 8], [10, 2], [11, 11], [8, 14], [12, 17], [11, 11], [12, 20]]}, {'status': 'ok', 'value': [[6, 10], [10, 13], [9, 7], [10, 16], [10, 13], [14, 16], [13, 10], [14, 19], [9, 7], [13, 10], [12, 4], [13, 13], [10, 16], [14, 19], [13, 13], [14, 22]]}, {'status': 'ok', 'value': [[8, 12], [12, 15], [11, 9], [12, 18], [12, 15], [16, 18], [15, 12], [16, 21], [11, 9], [15, 12], [14, 6], [15, 15], [12, 18], [16, 21], [15, 15], [16, 24]]}], [{'status': 'ok', 'value': [[4, 6]]}, {'status': 'ok', 'value': [[8, 14], [12, 17], [11, 11], [7, 5], [8, 11], [11, 8]]}, {'status': 'ok', 'value': [[13, 10], [10, 13], [13, 13], [10, 16], [14, 19], [9, 7]]}, {'status': 'ok', 'value': [[11, 9], [16, 21], [12, 15], [12, 18], [15, 12], [15, 15]]}]]",0.052131523565443844,0.16559138954016858,5,0.050588409057322314,0.2,0.16,0.9871947999999975,"[3.2045661000011023, 2.89620510000168, 2.1159838999992644, 2.8945734000008088, 3.5331297000011546]","[[{'status': 'ok', 'value': [[1, 2], [3, 4], [4, 6]]}, {'status': 'ok', 'value': [[2, 4], [6, 7], [8, 11], [5, 1], [7, 5], [11, 8], [13, 12], [6, 10], [8, 14], [12, 17], [14, 21], [11, 11], [13, 15], [17, 18], [19, 22]]}, {'status': 'ok', 'value': [[3, 5], [7, 8], [10, 13], [6, 2], [9, 7], [13, 10], [16, 15], [7, 11], [10, 16], [14, 19], [17, 24], [13, 13], [16, 18], [20, 21], [23, 26]]}, {'status': 'ok', 'value': [[4, 6], [8, 9], [12, 15], [7, 3], [11, 9], [15, 12], [19, 18], [8, 12], [12, 18], [16, 21], [20, 27], [15, 15], [19, 21], [23, 24], [27, 30]]}], [{'status': 'ok', 'value': [[1, 2], [3, 4], [4, 6]]}, {'status': 'ok', 'value': [[2, 4], [6, 7], [8, 11], [5, 1], [7, 5], [11, 8], [13, 12], [6, 10], [8, 14], [12, 17], [14, 21], [11, 11], [13, 15], [17, 18], [19, 22]]}, {'status': 'ok', 'value': [[3, 5], [7, 8], [10, 13], [6, 2], [9, 7], [13, 10], [16, 15], [7, 11], [10, 16], [14, 19], [17, 24], [13, 13], [16, 18], [20, 21], [23, 26]]}, {'status': 'ok', 'value': [[4, 6], [8, 9], [12, 15], [7, 3], [11, 9], [15, 12], [19, 18], [8, 12], [12, 18], [16, 21], [20, 27], [15, 15], [19, 21], [23, 24], [27, 30]]}], [{'status': 'ok', 'value': [[4, 6], [4, 6]]}, {'status': 'ok', 'value': [[8, 11], [7, 5], [8, 14], [8, 11], [11, 8], [12, 17], [7, 5], [11, 8], [11, 11], [8, 14], [12, 17], [11, 11]]}, {'status': 'ok', 'value': [[10, 13], [9, 7], [10, 16], [10, 13], [13, 10], [14, 19], [9, 7], [13, 10], [13, 13], [10, 16], [14, 19], [13, 13]]}, {'status': 'ok', 'value': [[12, 15], [11, 9], [12, 18], [12, 15], [15, 12], [16, 21], [11, 9], [15, 12], [15, 15], [12, 18], [16, 21], [15, 15]]}], [{'status': 'ok', 'value': [[1, 2], [3, 4], [4, 6]]}, {'status': 'ok', 'value': [[2, 4], [6, 7], [8, 11], [5, 1], [7, 5], [11, 8], [13, 12], [6, 10], [8, 14], [12, 17], [14, 21], [11, 11], [13, 15], [17, 18], [19, 22]]}, {'status': 'ok', 'value': [[3, 5], [7, 8], [10, 13], [6, 2], [9, 7], [13, 10], [16, 15], [7, 11], [10, 16], [14, 19], [17, 24], [13, 13], [16, 18], [20, 21], [23, 26]]}, {'status': 'ok', 'value': [[4, 6], [8, 9], [12, 15], [7, 3], [11, 9], [15, 12], [19, 18], [8, 12], [12, 18], [16, 21], [20, 27], [15, 15], [19, 21], [23, 24], [27, 30]]}], [{'status': 'ok', 'value': [[1, 2], [3, 4], [4, 6]]}, {'status': 'ok', 'value': [[2, 4], [6, 7], [8, 11], [5, 1], [7, 5], [11, 8], [13, 12], [6, 10], [8, 14], [12, 17], [14, 21], [11, 11], [13, 15], [17, 18], [19, 22]]}, {'status': 'ok', 'value': [[3, 5], [7, 8], [10, 13], [6, 2], [9, 7], [13, 10], [16, 15], [7, 11], [10, 16], [14, 19], [17, 24], [13, 13], [16, 18], [20, 21], [23, 26]]}, {'status': 'ok', 'value': [[4, 6], [8, 9], [12, 15], [7, 3], [11, 9], [15, 12], [19, 18], [8, 12], [12, 18], [16, 21], [20, 27], [15, 15], [19, 21], [23, 24], [27, 30]]}]]",0.04047072724585785,0.2272117954497481,5,0.050588409057322314,0.2,0.16,1.2635479999989911,"[4.207389399998647, 4.080615300001227, 2.65576670000155, 4.163261599998805, 4.013523100002203]","[[{'status': 'ok', 'value': [[1, 2], [3, 4], [4, 6]]}, {'status': 'ok', 'value': [[2, 4], [6, 7], [8, 11], [5, 1], [7, 5], [11, 8], [13, 12], [6, 10], [8, 14], [12, 17], [14, 21], [11, 11], [13, 15], [17, 18], [19, 22]]}, {'status': 'ok', 'value': [[3, 5], [7, 8], [10, 13], [6, 2], [9, 7], [13, 10], [16, 15], [7, 11], [10, 16], [14, 19], [17, 24], [13, 13], [16, 18], [20, 21], [23, 26]]}, {'status': 'ok', 'value': [[4, 6], [8, 9], [12, 15], [7, 3], [11, 9], [15, 12], [19, 18], [8, 12], [12, 18], [16, 21], [20, 27], [15, 15], [19, 21], [23, 24], [27, 30]]}], [{'status': 'ok', 'value': [[1, 2], [3, 4], [4, 6]]}, {'status': 'ok', 'value': [[2, 4], [6, 7], [8, 11], [5, 1], [7, 5], [11, 8], [13, 12], [6, 10], [8, 14], [12, 17], [14, 21], [11, 11], [13, 15], [17, 18], [19, 22]]}, {'status': 'ok', 'value': [[3, 5], [7, 8], [10, 13], [6, 2], [9, 7], [13, 10], [16, 15], [7, 11], [10, 16], [14, 19], [17, 24], [13, 13], [16, 18], [20, 21], [23, 26]]}, {'status': 'ok', 'value': [[4, 6], [8, 9], [12, 15], [7, 3], [11, 9], [15, 12], [19, 18], [8, 12], [12, 18], [16, 21], [20, 27], [15, 15], [19, 21], [23, 24], [27, 30]]}], [{'status': 'ok', 'value': [[4, 6], [4, 6]]}, {'status': 'ok', 'value': [[8, 11], [7, 5], [8, 14], [8, 11], [11, 8], [12, 17], [7, 5], [11, 8], [11, 11], [8, 14], [12, 17], [11, 11]]}, {'status': 'ok', 'value': [[10, 13], [9, 7], [10, 16], [10, 13], [13, 10], [14, 19], [9, 7], [13, 10], [13, 13], [10, 16], [14, 19], [13, 13]]}, {'status': 'ok', 'value': [[12, 15], [11, 9], [12, 18], [12, 15], [15, 12], [16, 21], [11, 9], [15, 12], [15, 15], [12, 18], [16, 21], [15, 15]]}], [{'status': 'ok', 'value': [[1, 2], [3, 4], [4, 6]]}, {'status': 'ok', 'value': [[2, 4], [6, 7], [8, 11], [5, 1], [7, 5], [11, 8], [13, 12], [6, 10], [8, 14], [12, 17], [14, 21], [11, 11], [13, 15], [17, 18], [19, 22]]}, {'status': 'ok', 'value': [[3, 5], [7, 8], [10, 13], [6, 2], [9, 7], [13, 10], [16, 15], [7, 11], [10, 16], [14, 19], [17, 24], [13, 13], [16, 18], [20, 21], [23, 26]]}, {'status': 'ok', 'value': [[4, 6], [8, 9], [12, 15], [7, 3], [11, 9], [15, 12], [19, 18], [8, 12], [12, 18], [16, 21], [20, 27], [15, 15], [19, 21], [23, 24], [27, 30]]}], [{'status': 'ok', 'value': [[1, 2], [3, 4], [4, 6]]}, {'status': 'ok', 'value': [[2, 4], [6, 7], [8, 11], [5, 1], [7, 5], [11, 8], [13, 12], [6, 10], [8, 14], [12, 17], [14, 21], [11, 11], [13, 15], [17, 18], [19, 22]]}, {'status': 'ok', 'value': [[3, 5], [7, 8], [10, 13], [6, 2], [9, 7], [13, 10], [16, 15], [7, 11], [10, 16], [14, 19], [17, 24], [13, 13], [16, 18], [20, 21], [23, 26]]}, {'status': 'ok', 'value': [[4, 6], [8, 9], [12, 15], [7, 3], [11, 9], [15, 12], [19, 18], [8, 12], [12, 18], [16, 21], [20, 27], [15, 15], [19, 21], [23, 24], [27, 30]]}]]",0.04047072724585785,Mbpp/780,1,0.016143247789298956,1,0.04112305555253915,1,0.03632129096766459
3,bdf762f89501c192b5d269b29ff84f6f31d3d0c0454a61282d56cdc9b58f1944,prompt_plus_base_inputs,0.21723520405476077,4,0.0,0.0,0.0,1.0577873999973235,"[0.6779205999991973, 0.619908900000155, 0.7022114999999758, 1.3511944000019867, 0.6103531000007933]","[[{'status': 'ok', 'value': 2}, {'status': 'ok', 'value': 3}, {'status': 'ok', 'value': 5}], [{'status': 'ok', 'value': 2}, {'status': 'ok', 'value': 3}, {'status': 'ok', 'value': 5}], [{'status': 'ok', 'value': 2}, {'status': 'ok', 'value': 3}, {'status': 'ok', 'value': 5}], [{'status': 'ok', 'value': 2}, {'status': 'ok', 'value': 3}, {'status': 'ok', 'value': 5}], [{'status': 'ok', 'value': 2}, {'status': 'ok', 'value': 3}, {'status': 'ok', 'value': 5}]]",0.0,0.11071919752370982,4,0.0,0.0,0.0,0.9989968000008957,"[2.7152482999990752, 2.557831800000713, 2.556293400000868, 2.4411701999997604, 2.8656807000006665]","[[{'status': 'ok', 'value': 2}, {'status': 'ok', 'value': 3}, {'status': 'ok', 'value': 5}], [{'status': 'ok', 'value': 2}, {'status': 'ok', 'value': 3}, {'status': 'ok', 'value': 5}], [{'status': 'ok', 'value': 2}, {'status': 'ok', 'value': 3}, {'status': 'ok', 'value': 5}], [{'status': 'ok', 'value': 2}, {'status': 'ok', 'value': 3}, {'status': 'ok', 'value': 5}], [{'status': 'ok', 'value': 2}, {'status': 'ok', 'value': 3}, {'status': 'ok', 'value': 5}]]",0.0,0.14711992674335833,5,0.0,0.0,0.0,1.249000600000727,"[3.814793199999258, 3.4026026999999885, 3.467176099999051, 3.4759263999985706, 3.7206847999987076]","[[{'status': 'ok', 'value': 2}, {'status': 'ok', 'value': 3}, {'status': 'ok', 'value': 5}], [{'status': 'ok', 'value': 2}, {'status': 'ok', 'value': 3}, {'status': 'ok', 'value': 5}], [{'status': 'ok', 'value': 2}, {'status': 'ok', 'value': 3}, {'status': 'ok', 'value': 5}], [{'status': 'ok', 'value': 2}, {'status': 'ok', 'value': 3}, {'status': 'ok', 'value': 5}], [{'status': 'ok', 'value': 2}, {'status': 'ok', 'value': 3}, {'status': 'ok', 'value': 5}]]",0.0,Mbpp/165,0,0.07319006130998529,0,0.03128025280530923,0,0.03324003600757146
3,26b37e657cf44358a151977d968ffccf7e7249ed1fbffc84cd6824c5bd9dcc7a,prompt_plus_base_inputs,0.0,1,0.0,0.0,0.0,1.1742183000023942,"[0.2737288999996963, 0.23892070000147214, 0.23048279999784427, 0.23861010000109673, 0.23218229999838513]","[[{'status': 'ok', 'value': False}, {'status': 'ok', 'value': True}, {'status': 'ok', 'value': False}], [{'status': 'ok', 'value': False}, {'status': 'ok', 'value': True}, {'status': 'ok', 'value': False}], [{'status': 'ok', 'value': False}, {'status': 'ok', 'value': True}, {'status': 'ok', 'value': False}], [{'status': 'ok', 'value': False}, {'status': 'ok', 'value': True}, {'status': 'ok', 'value': False}], [{'status': 'ok', 'value': False}, {'status': 'ok', 'value': True}, {'status': 'ok', 'value': False}]]",0.0,0.0,1,0.0,0.0,0.0,0.9595135000017763,"[0.9964213999992353, 0.9343730000000505, 0.8817622999995365, 0.9091803999981494, 0.8813711000002513]","[[{'status': 'ok', 'value': False}, {'status': 'ok', 'value': True}, {'status': 'ok', 'value': False}], [{'status': 'ok', 'value': False}, {'status': 'ok', 'value': True}, {'status': 'ok', 'value': False}], [{'status': 'ok', 'value': False}, {'status': 'ok', 'value': True}, {'status': 'ok', 'value': False}], [{'status': 'ok', 'value': False}, {'status': 'ok', 'value': True}, {'status': 'ok', 'value': False}], [{'status': 'ok', 'value': False}, {'status': 'ok', 'value': True}, {'status': 'ok', 'value': False}]]",0.0,0.00046904315196999447,2,0.0,0.0,0.0,1.0078017999985605,"[1.9111865000013495, 1.8550912999999127, 1.8403901999990921, 1.8470106999993732, 1.8372305999982927]","[[{'status': 'ok', 'value': False}, {'status': 'ok', 'value': True}, {'status': 'ok', 'value': False}], [{'status': 'ok', 'value': False}, {'status': 'ok', 'value': True}, {'status': 'ok', 'value': False}], [{'status': 'ok', 'value': False}, {'status': 'ok', 'value': True}, {'status': 'ok', 'value': False}], [{'status': 'ok', 'value': False}, {'status': 'ok', 'value': True}, {'status': 'ok', 'value': False}], [{'status': 'ok', 'value': False}, {'status': 'ok', 'value': True}, {'status': 'ok', 'value': False}]]",0.0,Mbpp/600,0,0.0018752543469621027,0,0.001140218927325951,0,0.009286156657903067
3,ad77daf2cc1ea07483ce0f43326de6d8f12f1177c0367d9ee0ab2e3e40a0a1f9,prompt_plus_base_inputs,0.07737715379706445,2,0.0,0.0,0.0,1.1438174999966577,"[0.743359000000055, 0.6706929000029049, 0.618888799999695, 0.6687625000013213, 0.6753489000002446]","[[{'status': 'ok', 'value': {'__dict__': [['Cierra Vega', [6.2, 70]]]}}, {'status': 'ok', 'value': {'__dict__': [['Cierra Vega', [6.2, 70]], ['Kierra Gentry', [6.0, 68]]]}}, {'status': 'ok', 'value': {'__dict__': [['Alden Cantrell', [5.9, 65]], ['Cierra Vega', [6.2, 70]], ['Kierra Gentry', [6.0, 68]], ['Pierre Cox', [5.8, 66]]]}}], [{'status': 'ok', 'value': {'__dict__': [['Cierra Vega', [6.2, 70]]]}}, {'status': 'ok', 'value': {'__dict__': [['Cierra Vega', [6.2, 70]], ['Kierra Gentry', [6.0, 68]]]}}, {'status': 'ok', 'value': {'__dict__': [['Alden Cantrell', [5.9, 65]], ['Cierra Vega', [6.2, 70]], ['Kierra Gentry', [6.0, 68]], ['Pierre Cox', [5.8, 66]]]}}], [{'status': 'ok', 'value': {'__dict__': [['Cierra Vega', [6.2, 70]]]}}, {'status': 'ok', 'value': {'__dict__': [['Cierra Vega', [6.2, 70]], ['Kierra Gentry', [6.0, 68]]]}}, {'status': 'ok', 'value': {'__dict__': [['Alden Cantrell', [5.9, 65]], ['Cierra Vega', [6.2, 70]], ['Kierra Gentry', [6.0, 68]], ['Pierre Cox', [5.8, 66]]]}}], [{'status': 'ok', 'value': {'__dict__': [['Cierra Vega', [6.2, 70]]]}}, {'status': 'ok', 'value': {'__dict__': [['Cierra Vega', [6.2, 70]], ['Kierra Gentry', [6.0, 68]]]}}, {'status': 'ok', 'value': {'__dict__': [['Alden Cantrell', [5.9, 65]], ['Cierra Vega', [6.2, 70]], ['Kierra Gentry', [6.0, 68]], ['Pierre Cox', [5.8, 66]]]}}], [{'status': 'ok', 'value': {'__dict__': [['Cierra Vega', [6.2, 70]]]}}, {'status': 'ok', 'value': {'__dict__': [['Cierra Vega', [6.2, 70]], ['Kierra Gentry', [6.0, 68]]]}}, {'status': 'ok', 'value': {'__dict__': [['Alden Cantrell', [5.9, 65]], ['Cierra Vega', [6.2, 70]], ['Kierra Gentry', [6.0, 68]], ['Pierre Cox', [5.8, 66]]]}}]]",0.0,0.07143967270151491,4,0.0,0.0,0.0,1.032668100000592,"[2.0819302999989304, 2.0053593999982695, 2.0687623000012536, 2.193157500001689, 1.986652999999933]","[[{'status': 'ok', 'value': {'__dict__': []}}, {'status': 'ok', 'value': {'__dict__': [['Cierra Vega', [6.2, 70]], ['Kierra Gentry', [6.0, 68]]]}}, {'status': 'ok', 'value': {'__dict__': [['Alden Cantrell', [5.9, 65]], ['Cierra Vega', [6.2, 70]], ['Kierra Gentry', [6.0, 68]], ['Pierre Cox', [5.8, 66]]]}}], [{'status': 'ok', 'value': {'__dict__': []}}, {'status': 'ok', 'value': {'__dict__': [['Cierra Vega', [6.2, 70]], ['Kierra Gentry', [6.0, 68]]]}}, {'status': 'ok', 'value': {'__dict__': [['Alden Cantrell', [5.9, 65]], ['Cierra Vega', [6.2, 70]], ['Kierra Gentry', [6.0, 68]], ['Pierre Cox', [5.8, 66]]]}}], [{'status': 'ok', 'value': {'__dict__': []}}, {'status': 'ok', 'value': {'__dict__': [['Cierra Vega', [6.2, 70]], ['Kierra Gentry', [6.0, 68]]]}}, {'status': 'ok', 'value': {'__dict__': [['Alden Cantrell', [5.9, 65]], ['Cierra Vega', [6.2, 70]], ['Kierra Gentry', [6.0, 68]], ['Pierre Cox', [5.8, 66]]]}}], [{'status': 'ok', 'value': {'__dict__': []}}, {'status': 'ok', 'value': {'__dict__': [['Cierra Vega', [6.2, 70]], ['Kierra Gentry', [6.0, 68]]]}}, {'status': 'ok', 'value': {'__dict__': [['Alden Cantrell', [5.9, 65]], ['Cierra Vega', [6.2, 70]], ['Kierra Gentry', [6.0, 68]], ['Pierre Cox', [5.8, 66]]]}}], [{'status': 'ok', 'value': {'__dict__': []}}, {'status': 'ok', 'value': {'__dict__': [['Cierra Vega', [6.2, 70]], ['Kierra Gentry', [6.0, 68]]]}}, {'status': 'ok', 'value': {'__dict__': [['Alden Cantrell', [5.9, 65]], ['Cierra Vega', [6.2, 70]], ['Kierra Gentry', [6.0, 68]], ['Pierre Cox', [5.8, 66]]]}}]]",0.0,0.07342579640605112,4,0.0,0.0,0.0,0.9801985000012792,"[3.0123631000024034, 2.8976480000019365, 2.9675527999970654, 2.9220677000012074, 2.921410399998422]","[[{'status': 'ok', 'value': {'__dict__': []}}, {'status': 'ok', 'value': {'__dict__': [['Cierra Vega', [6.2, 70]], ['Kierra Gentry', [6.0, 68]]]}}, {'status': 'ok', 'value': {'__dict__': [['Alden Cantrell', [5.9, 65]], ['Cierra Vega', [6.2, 70]], ['Kierra Gentry', [6.0, 68]], ['Pierre Cox', [5.8, 66]]]}}], [{'status': 'ok', 'value': {'__dict__': []}}, {'status': 'ok', 'value': {'__dict__': [['Cierra Vega', [6.2, 70]], ['Kierra Gentry', [6.0, 68]]]}}, {'status': 'ok', 'value': {'__dict__': [['Alden Cantrell', [5.9, 65]], ['Cierra Vega', [6.2, 70]], ['Kierra Gentry', [6.0, 68]], ['Pierre Cox', [5.8, 66]]]}}], [{'status': 'ok', 'value': {'__dict__': []}}, {'status': 'ok', 'value': {'__dict__': [['Cierra Vega', [6.2, 70]], ['Kierra Gentry', [6.0, 68]]]}}, {'status': 'ok', 'value': {'__dict__': [['Alden Cantrell', [5.9, 65]], ['Cierra Vega', [6.2, 70]], ['Kierra Gentry', [6.0, 68]], ['Pierre Cox', [5.8, 66]]]}}], [{'status': 'ok', 'value': {'__dict__': []}}, {'status': 'ok', 'value': {'__dict__': [['Cierra Vega', [6.2, 70]], ['Kierra Gentry', [6.0, 68]]]}}, {'status': 'ok', 'value': {'__dict__': [['Alden Cantrell', [5.9, 65]], ['Cierra Vega', [6.2, 70]], ['Kierra Gentry', [6.0, 68]], ['Pierre Cox', [5.8, 66]]]}}], [{'status': 'ok', 'value': {'__dict__': []}}, {'status': 'ok', 'value': {'__dict__': [['Cierra Vega', [6.2, 70]], ['Kierra Gentry', [6.0, 68]]]}}, {'status': 'ok', 'value': {'__dict__': [['Alden Cantrell', [5.9, 65]], ['Cierra Vega', [6.2, 70]], ['Kierra Gentry', [6.0, 68]], ['Pierre Cox', [5.8, 66]]]}}]]",0.0,Mbpp/722,0,0.01185813112823153,1,0.020792513403395656,1,0.025401770576764033
3,0910972e2ee4a1a50c33463d1a1c43bdfd3dc58e0f24c198d695863e279a8a16,prompt_plus_base_inputs,0.0,1,0.0,0.0,0.0,0.9851171000009344,"[0.24630029999752878, 0.1703008000004047, 0.15927500000179862, 0.15825930000210064, 0.17912710000018706]","[[{'status': 'ok', 'value': 'Python'}, {'status': 'ok', 'value': 'PythonProgrammingExamples'}, {'status': 'ok', 'value': 'GetReadyToBeCodingFreak'}], [{'status': 'ok', 'value': 'Python'}, {'status': 'ok', 'value': 'PythonProgrammingExamples'}, {'status': 'ok', 'value': 'GetReadyToBeCodingFreak'}], [{'status': 'ok', 'value': 'Python'}, {'status': 'ok', 'value': 'PythonProgrammingExamples'}, {'status': 'ok', 'value': 'GetReadyToBeCodingFreak'}], [{'status': 'ok', 'value': 'Python'}, {'status': 'ok', 'value': 'PythonProgrammingExamples'}, {'status': 'ok', 'value': 'GetReadyToBeCodingFreak'}], [{'status': 'ok', 'value': 'Python'}, {'status': 'ok', 'value': 'PythonProgrammingExamples'}, {'status': 'ok', 'value': 'GetReadyToBeCodingFreak'}]]",0.0,0.42821390696084205,5,0.66,0.6,0.24,1.0671868999997969,"[3.8833711999977822, 4.98621970000022, 1.7054036000008637, 2.4353550000014366, 2.881558600001881]","[[{'exception': 'IndexError', 'status': 'exception'}, {'exception': 'IndexError', 'status': 'exception'}, {'exception': 'IndexError', 'status': 'exception'}], [{'exception': 'IndexError', 'status': 'exception'}, {'exception': 'IndexError', 'status': 'exception'}, {'exception': 'IndexError', 'status': 'exception'}], [{'status': 'ok', 'value': 'Python'}, {'status': 'ok', 'value': 'Python Programming Examples'}, {'status': 'ok', 'value': 'Get Ready To Be Coding Freak'}], [{'status': 'ok', 'value': 'Python'}, {'status': 'ok', 'value': 'Python Programming Examples'}, {'status': 'ok', 'value': 'Get Ready To Be Coding Freak'}], [{'status': 'ok', 'value': 'Python'}, {'status': 'ok', 'value': 'Python Programming Examples'}, {'status': 'ok', 'value': 'Get Ready To Be Coding Freak'}]]",0.24600000000000002,0.2645196215401512,4,0.021593144065072543,0.2,0.16,1.1469230000002426,"[3.2093388000030245, 3.113640600000508, 1.4748768999997992, 3.115876300002128, 3.1796751000001677]","[[{'status': 'ok', 'value': 'P ython'}, {'status': 'ok', 'value': 'P ythonP rogrammingE xamples'}, {'status': 'ok', 'value': 'G etR eadyT oB eC odingF reak'}], [{'status': 'ok', 'value': 'P ython'}, {'status': 'ok', 'value': 'P ythonP rogrammingE xamples'}, {'status': 'ok', 'value': 'G etR eadyT oB eC odingF reak'}], [{'status': 'ok', 'value': 'Python'}, {'status': 'ok', 'value': 'Python Programming Examples'}, {'status': 'ok', 'value': 'Get Ready To Be Coding Freak'}], [{'status': 'ok', 'value': 'P ython'}, {'status': 'ok', 'value': 'P ythonP rogrammingE xamples'}, {'status': 'ok', 'value': 'G etR eadyT oB eC odingF reak'}], [{'status': 'ok', 'value': 'P ython'}, {'status': 'ok', 'value': 'P ythonP rogrammingE xamples'}, {'status': 'ok', 'value': 'G etR eadyT oB eC odingF reak'}]]",0.017274515252058035,Mbpp/748,1,0.01370055628348344,1,0.08374336952681156,1,0.027414582232029205
3,8bf903072c8466a2b15830013f1024f7cb059d36e0539df458541c36c8b1af1a,prompt_plus_base_inputs,0.4436111228862887,5,0.0,0.0,0.0,0.9447422000012011,"[1.0808493000004091, 0.6823172999975213, 0.5364885999988473, 1.0475330999979633, 1.0389495999988867]","[[{'status': 'ok', 'value': [55, 5.5]}, {'status': 'ok', 'value': [120, 8.0]}, {'status': 'ok', 'value': [210, 10.5]}], [{'status': 'ok', 'value': [55, 5.5]}, {'status': 'ok', 'value': [120, 8.0]}, {'status': 'ok', 'value': [210, 10.5]}], [{'status': 'ok', 'value': [55, 5.5]}, {'status': 'ok', 'value': [120, 8.0]}, {'status': 'ok', 'value': [210, 10.5]}], [{'status': 'ok', 'value': [55, 5.5]}, {'status': 'ok', 'value': [120, 8.0]}, {'status': 'ok', 'value': [210, 10.5]}], [{'status': 'ok', 'value': [55, 5.5]}, {'status': 'ok', 'value': [120, 8.0]}, {'status': 'ok', 'value': [210, 10.5]}]]",0.0,0.32774658648751087,4,0.0,0.0,0.0,0.8668461000015668,"[2.3742549999988114, 1.7942151999995986, 1.8972037000021373, 2.009243199998309, 1.9717454000019643]","[[{'status': 'ok', 'value': [55, 5.5]}, {'status': 'ok', 'value': [120, 8.0]}, {'status': 'ok', 'value': [210, 10.5]}], [{'status': 'ok', 'value': [55, 5.5]}, {'status': 'ok', 'value': [120, 8.0]}, {'status': 'ok', 'value': [210, 10.5]}], [{'status': 'ok', 'value': [55, 5.5]}, {'status': 'ok', 'value': [120, 8.0]}, {'status': 'ok', 'value': [210, 10.5]}], [{'status': 'ok', 'value': [55, 5.5]}, {'status': 'ok', 'value': [120, 8.0]}, {'status': 'ok', 'value': [210, 10.5]}], [{'status': 'ok', 'value': [55, 5.5]}, {'status': 'ok', 'value': [120, 8.0]}, {'status': 'ok', 'value': [210, 10.5]}]]",0.0,0.11133447390932419,4,0.0,0.0,0.0,0.8880496000019775,"[3.49179130000266, 3.4068682999968587, 3.2623171000013826, 3.3714388000007602, 2.988574700000754]","[[{'status': 'ok', 'value': [55, 5.5]}, {'status': 'ok', 'value': [120, 8.0]}, {'status': 'ok', 'value': [210, 10.5]}], [{'status': 'ok', 'value': [55, 5.5]}, {'status': 'ok', 'value': [120, 8.0]}, {'status': 'ok', 'value': [210, 10.5]}], [{'status': 'ok', 'value': [55, 5.5]}, {'status': 'ok', 'value': [120, 8.0]}, {'status': 'ok', 'value': [210, 10.5]}], [{'status': 'ok', 'value': [55, 5.5]}, {'status': 'ok', 'value': [120, 8.0]}, {'status': 'ok', 'value': [210, 10.5]}], [{'status': 'ok', 'value': [55, 5.5]}, {'status': 'ok', 'value': [120, 8.0]}, {'status': 'ok', 'value': [210, 10.5]}]]",0.0,Mbpp/599,0,,0,0.013013672688756212,0,0.01754947947683542
5,bfc77e86b6bc8d4cb7b577d4c779c1de40c84cad6594fac2eef6b8a2784a5291,prompt_plus_base_inputs,0.8213584188008444,4,0.12000000000000001,0.12000000000000001,0.048,0.859062499999709,"[3.219654399999854, 0.39041960000031395, 0.6032204000002821, 0.34869659999822034, 0.31069700000080047]","[[{'status': 'ok', 'value': True}, {'status': 'ok', 'value': False}, {'status': 'ok', 'value': False}, {'status': 'ok', 'value': True}, {'status': 'ok', 'value': False}], [{'status': 'ok', 'value': True}, {'status': 'ok', 'value': False}, {'status': 'ok', 'value': True}, {'status': 'ok', 'value': True}, {'status': 'ok', 'value': False}], [{'status': 'ok', 'value': True}, {'status': 'ok', 'value': False}, {'status': 'ok', 'value': False}, {'status': 'ok', 'value': True}, {'status': 'ok', 'value': False}], [{'status': 'ok', 'value': True}, {'status': 'ok', 'value': False}, {'status': 'ok', 'value': True}, {'status': 'ok', 'value': True}, {'status': 'ok', 'value': False}], [{'status': 'ok', 'value': True}, {'status': 'ok', 'value': False}, {'status': 'ok', 'value': True}, {'status': 'ok', 'value': True}, {'status': 'ok', 'value': False}]]",0.048,0.8301286284709875,5,0.6,0.6,0.32,0.4405798000007053,"[2.2422659000003478, 6.919133999999758, 6.904002700001001, 7.464442800002871, 4.1605201000020315]","[[{'status': 'ok', 'value': True}, {'status': 'ok', 'value': False}, {'status': 'ok', 'value': False}, {'status': 'ok', 'value': True}, {'status': 'ok', 'value': False}], [{'exception': 'syntax_error:invalid syntax', 'status': 'parse_error'}, {'exception': 'syntax_error:invalid syntax', 'status': 'parse_error'}, {'exception': 'syntax_error:invalid syntax', 'status': 'parse_error'}, {'exception': 'syntax_error:invalid syntax', 'status': 'parse_error'}, {'exception': 'syntax_error:invalid syntax', 'status': 'parse_error'}], [{'exception': 'syntax_error:invalid syntax', 'status': 'parse_error'}, {'exception': 'syntax_error:invalid syntax', 'status': 'parse_error'}, {'exception': 'syntax_error:invalid syntax', 'status': 'parse_error'}, {'exception': 'syntax_error:invalid syntax', 'status': 'parse_error'}, {'exception': 'syntax_error:invalid syntax', 'status': 'parse_error'}], [{'exception': 'syntax_error:unterminated string literal (detected at line 45)', 'status': 'parse_error'}, {'exception': 'syntax_error:unterminated string literal (detected at line 45)', 'status': 'parse_error'}, {'exception': 'syntax_error:unterminated string literal (detected at line 45)', 'status': 'parse_error'}, {'exception': 'syntax_error:unterminated string literal (detected at line 45)', 'status': 'parse_error'}, {'exception': 'syntax_error:unterminated string literal (detected at line 45)', 'status': 'parse_error'}], [{'status': 'ok', 'value': True}, {'status': 'ok', 'value': False}, {'status': 'ok', 'value': False}, {'status': 'ok', 'value': True}, {'status': 'ok', 'value': False}]]",0.24,0.019157613857982758,5,0.0,0.0,0.0,1.0417747999999847,"[4.053374099999928, 4.2178706000013335, 3.5951662000006763, 3.94104470000093, 4.450674299998354]","[[{'status': 'ok', 'value': True}, {'status': 'ok', 'value': False}, {'status': 'ok', 'value': False}, {'status': 'ok', 'value': True}, {'status': 'ok', 'value': False}], [{'status': 'ok', 'value': True}, {'status': 'ok', 'value': False}, {'status': 'ok', 'value': False}, {'status': 'ok', 'value': True}, {'status': 'ok', 'value': False}], [{'status': 'ok', 'value': True}, {'status': 'ok', 'value': False}, {'status': 'ok', 'value': False}, {'status': 'ok', 'value': True}, {'status': 'ok', 'value': False}], [{'status': 'ok', 'value': True}, {'status': 'ok', 'value': False}, {'status': 'ok', 'value': False}, {'status': 'ok', 'value': True}, {'status': 'ok', 'value': False}], [{'status': 'ok', 'value': True}, {'status': 'ok', 'value': False}, {'status': 'ok', 'value': False}, {'status': 'ok', 'value': True}, {'status': 'ok', 'value': False}]]",0.0,Mbpp/759,1,,1,0.04094383855190513,1,0.02692672575793406
3,b34f123a85b9756604aa81332ef53690b20cb3fcedb3c60d76628f733b247e73,prompt_plus_base_inputs,0.29151854822901285,5,0.040691861578037905,0.13333333333333333,0.10666666666666666,1.1641699000028893,"[1.4460165000018605, 0.8960970000007364, 0.7434314999991329, 1.7772151999997732, 1.6200618000002578]","[[{'status': 'ok', 'value': [1, 4, 9, 16, 25]}, {'status': 'ok', 'value': [64, 81, 100]}, {'status': 'ok', 'value': [100, 121, 144, 169, 196]}], [{'status': 'ok', 'value': [1, 4, 9, 16, 25]}, {'status': 'ok', 'value': [64, 81, 100]}, {'status': 'ok', 'value': [100, 121, 144, 169, 196]}], [{'status': 'ok', 'value': [4, 9, 16, 25]}, {'status': 'ok', 'value': [64, 81, 100]}, {'status': 'ok', 'value': [121, 144, 169, 196]}], [{'status': 'ok', 'value': [1, 4, 9, 16, 25]}, {'status': 'ok', 'value': [64, 81, 100]}, {'status': 'ok', 'value': [100, 121, 144, 169, 196]}], [{'status': 'ok', 'value': [1, 4, 9, 16, 25]}, {'status': 'ok', 'value': [64, 81, 100]}, {'status': 'ok', 'value': [100, 121, 144, 169, 196]}]]",0.03255348926243032,0.41394839773068814,5,0.0,0.0,0.0,0.8544546000011906,"[2.873450999999477, 2.5954216999998607, 2.393838299998606, 1.979597300000023, 2.5460370000000694]","[[{'status': 'ok', 'value': [1, 4, 9, 16, 25]}, {'status': 'ok', 'value': [64, 81, 100]}, {'status': 'ok', 'value': [100, 121, 144, 169, 196]}], [{'status': 'ok', 'value': [1, 4, 9, 16, 25]}, {'status': 'ok', 'value': [64, 81, 100]}, {'status': 'ok', 'value': [100, 121, 144, 169, 196]}], [{'status': 'ok', 'value': [1, 4, 9, 16, 25]}, {'status': 'ok', 'value': [64, 81, 100]}, {'status': 'ok', 'value': [100, 121, 144, 169, 196]}], [{'status': 'ok', 'value': [1, 4, 9, 16, 25]}, {'status': 'ok', 'value': [64, 81, 100]}, {'status': 'ok', 'value': [100, 121, 144, 169, 196]}], [{'status': 'ok', 'value': [1, 4, 9, 16, 25]}, {'status': 'ok', 'value': [64, 81, 100]}, {'status': 'ok', 'value': [100, 121, 144, 169, 196]}]]",0.0,0.45266521625147044,5,0.0,0.0,0.0,0.9578724999992119,"[3.1742760999986785, 1.9618068000017956, 2.256613899997319, 3.3944894000014756, 3.2997551999978896]","[[{'status': 'ok', 'value': [1, 4, 9, 16, 25]}, {'status': 'ok', 'value': [64, 81, 100]}, {'status': 'ok', 'value': [100, 121, 144, 169, 196]}], [{'status': 'ok', 'value': [1, 4, 9, 16, 25]}, {'status': 'ok', 'value': [64, 81, 100]}, {'status': 'ok', 'value': [100, 121, 144, 169, 196]}], [{'status': 'ok', 'value': [1, 4, 9, 16, 25]}, {'status': 'ok', 'value': [64, 81, 100]}, {'status': 'ok', 'value': [100, 121, 144, 169, 196]}], [{'status': 'ok', 'value': [1, 4, 9, 16, 25]}, {'status': 'ok', 'value': [64, 81, 100]}, {'status': 'ok', 'value': [100, 121, 144, 169, 196]}], [{'status': 'ok', 'value': [1, 4, 9, 16, 25]}, {'status': 'ok', 'value': [64, 81, 100]}, {'status': 'ok', 'value': [100, 121, 144, 169, 196]}]]",0.0,Mbpp/589,1,0.03853301950343383,1,0.04251073890616946,1,0.056956239848088744
3,6fab30a87123b91e61685a0683fdaae1559a17a387bb2ee548b7a4d274115066,prompt_plus_base_inputs,0.008094900314551345,5,0.0,0.0,0.0,1.0700851000001421,"[1.2062986999990244, 1.1161624999986088, 1.0682526000018697, 1.0999231999994663, 1.0490320999997493]","[[{'status': 'ok', 'value': 20}, {'status': 'ok', 'value': 5}, {'status': 'ok', 'value': 84}], [{'status': 'ok', 'value': 20}, {'status': 'ok', 'value': 5}, {'status': 'ok', 'value': 84}], [{'status': 'ok', 'value': 20}, {'status': 'ok', 'value': 5}, {'status': 'ok', 'value': 84}], [{'status': 'ok', 'value': 20}, {'status': 'ok', 'value': 5}, {'status': 'ok', 'value': 84}], [{'status': 'ok', 'value': 20}, {'status': 'ok', 'value': 5}, {'status': 'ok', 'value': 84}]]",0.0,0.10036098525335005,5,0.0,0.0,0.0,0.880307499999617,"[1.2863796000019647, 1.9337622999992163, 1.7490512000003946, 1.1083595999989484, 1.2903674000008323]","[[{'status': 'ok', 'value': 20}, {'status': 'ok', 'value': 5}, {'status': 'ok', 'value': 84}], [{'status': 'ok', 'value': 20}, {'status': 'ok', 'value': 5}, {'status': 'ok', 'value': 84}], [{'status': 'ok', 'value': 20}, {'status': 'ok', 'value': 5}, {'status': 'ok', 'value': 84}], [{'status': 'ok', 'value': 20}, {'status': 'ok', 'value': 5}, {'status': 'ok', 'value': 84}], [{'status': 'ok', 'value': 20}, {'status': 'ok', 'value': 5}, {'status': 'ok', 'value': 84}]]",0.0,0.002013422818791938,3,0.0,0.0,0.0,0.9060156999985338,"[1.7069224000006216, 1.65176650000285, 1.647636199999397, 1.7272954000000027, 1.710571899999195]","[[{'status': 'ok', 'value': 20}, {'status': 'ok', 'value': 5}, {'status': 'ok', 'value': 84}], [{'status': 'ok', 'value': 20}, {'status': 'ok', 'value': 5}, {'status': 'ok', 'value': 84}], [{'status': 'ok', 'value': 20}, {'status': 'ok', 'value': 5}, {'status': 'ok', 'value': 84}], [{'status': 'ok', 'value': 20}, {'status': 'ok', 'value': 5}, {'status': 'ok', 'value': 84}], [{'status': 'ok', 'value': 20}, {'status': 'ok', 'value': 5}, {'status': 'ok', 'value': 84}]]",0.0,Mbpp/734,0,0.06696946463455815,0,0.02115847555133555,0,0.01767131174724936
3,26b37e657cf44358a151977d968ffccf7e7249ed1fbffc84cd6824c5bd9dcc7a,prompt_plus_base_inputs,0.6266537775074081,5,0.2,0.2,0.16,0.8859993000005488,"[2.3415223000010883, 5.580032300000312, 4.89159970000037, 5.095163300000422, 1.579490199997963]","[[{'status': 'ok', 'value': 2.0}, {'status': 'ok', 'value': 6.0}, {'status': 'ok', 'value': 20.0}], [{'exception': 'syntax_error:invalid syntax', 'status': 'parse_error'}, {'exception': 'syntax_error:invalid syntax', 'status': 'parse_error'}, {'exception': 'syntax_error:invalid syntax', 'status': 'parse_error'}], [{'status': 'ok', 'value': 2.0}, {'status': 'ok', 'value': 6}, {'status': 'ok', 'value': 20}], [{'status': 'ok', 'value': 2.0}, {'status': 'ok', 'value': 6.0}, {'status': 'ok', 'value': 20.0}], [{'status': 'ok', 'value': 2.0}, {'status': 'ok', 'value': 6.0}, {'status': 'ok', 'value': 20.0}]]",0.16,0.21033913417433284,5,0.0,0.0,0.0,0.889842900000076,"[4.783484799998405, 4.137242500000866, 4.208882999999332, 4.534081199999491, 4.486359300000913]","[[{'status': 'ok', 'value': 2.0}, {'status': 'ok', 'value': 6.0}, {'status': 'ok', 'value': 20.0}], [{'status': 'ok', 'value': 2.0}, {'status': 'ok', 'value': 6.0}, {'status': 'ok', 'value': 20.0}], [{'status': 'ok', 'value': 2.0}, {'status': 'ok', 'value': 6.0}, {'status': 'ok', 'value': 20.0}], [{'status': 'ok', 'value': 2.0}, {'status': 'ok', 'value': 6.0}, {'status': 'ok', 'value': 20.0}], [{'status': 'ok', 'value': 2.0}, {'status': 'ok', 'value': 6.0}, {'status': 'ok', 'value': 20.0}]]",0.0,0.1853535016025076,5,0.0,0.0,0.0,1.0677475999982562,"[5.853155900000274, 5.791691999998875, 5.92696849999993, 5.826097799999843, 6.274547300003178]","[[{'status': 'ok', 'value': 2.0}, {'status': 'ok', 'value': 6.0}, {'status': 'ok', 'value': 20.0}], [{'status': 'ok', 'value': 2}, {'status': 'ok', 'value': 6}, {'status': 'ok', 'value': 20}], [{'status': 'ok', 'value': 2.0}, {'status': 'ok', 'value': 6.0}, {'status': 'ok', 'value': 20.0}], [{'status': 'ok', 'value': 2.0}, {'status': 'ok', 'value': 6.0}, {'status': 'ok', 'value': 20.0}], [{'status': 'ok', 'value': 2.0}, {'status': 'ok', 'value': 6.0}, {'status': 'ok', 'value': 20.0}]]",0.0,Mbpp/300,1,0.12455668297682776,1,0.04649611154318879,1,0.049289784299917996
3,73880210fd5841d9cb89ec50f50138ca3dbe20b2f5f1898a02ac0464bb373390,prompt_plus_base_inputs,0.0,1,0.0,0.0,0.0,1.0963149000017438,"[0.3580748999993375, 0.3043735999999626, 0.309585099999822, 0.3083950000000186, 0.29455249999955413]","[[{'status': 'ok', 'value': 1570.7963267948967}, {'status': 'ok', 'value': 251.32741228718345}, {'status': 'ok', 'value': 502.6548245743669}], [{'status': 'ok', 'value': 1570.7963267948967}, {'status': 'ok', 'value': 251.32741228718345}, {'status': 'ok', 'value': 502.6548245743669}], [{'status': 'ok', 'value': 1570.7963267948967}, {'status': 'ok', 'value': 251.32741228718345}, {'status': 'ok', 'value': 502.6548245743669}], [{'status': 'ok', 'value': 1570.7963267948967}, {'status': 'ok', 'value': 251.32741228718345}, {'status': 'ok', 'value': 502.6548245743669}], [{'status': 'ok', 'value': 1570.7963267948967}, {'status': 'ok', 'value': 251.32741228718345}, {'status': 'ok', 'value': 502.6548245743669}]]",0.0,0.12810707456978968,2,0.0,0.0,0.0,1.1353874000014912,"[1.1908710999996401, 1.1318996000009065, 0.5952149000004283, 1.1336617000015394, 1.157393100002082]","[[{'status': 'ok', 'value': 1570.7963267948967}, {'status': 'ok', 'value': 251.32741228718345}, {'status': 'ok', 'value': 502.6548245743669}], [{'status': 'ok', 'value': 1570.7963267948967}, {'status': 'ok', 'value': 251.32741228718345}, {'status': 'ok', 'value': 502.6548245743669}], [{'status': 'ok', 'value': 1570.7963267948967}, {'status': 'ok', 'value': 251.32741228718345}, {'status': 'ok', 'value': 502.6548245743669}], [{'status': 'ok', 'value': 1570.7963267948967}, {'status': 'ok', 'value': 251.32741228718345}, {'status': 'ok', 'value': 502.6548245743669}], [{'status': 'ok', 'value': 1570.7963267948967}, {'status': 'ok', 'value': 251.32741228718345}, {'status': 'ok', 'value': 502.6548245743669}]]",0.0,0.2888002132540699,5,0.0,0.0,0.0,0.8872699999992619,"[0.9556109000004653, 2.168362000000343, 0.5908558000010089, 1.6615161999980046, 1.6972045000002254]","[[{'status': 'ok', 'value': 1570.7963267948967}, {'status': 'ok', 'value': 251.32741228718345}, {'status': 'ok', 'value': 502.6548245743669}], [{'status': 'ok', 'value': 1570.7963267948967}, {'status': 'ok', 'value': 251.32741228718345}, {'status': 'ok', 'value': 502.6548245743669}], [{'status': 'ok', 'value': 1570.7963267948967}, {'status': 'ok', 'value': 251.32741228718345}, {'status': 'ok', 'value': 502.6548245743669}], [{'status': 'ok', 'value': 1570.7963267948967}, {'status': 'ok', 'value': 251.32741228718345}, {'status': 'ok', 'value': 502.6548245743669}], [{'status': 'ok', 'value': 1570.7963267948967}, {'status': 'ok', 'value': 251.32741228718345}, {'status': 'ok', 'value': 502.6548245743669}]]",0.0,Mbpp/276,0,0.004521270106502685,0,0.01003058617730955,0,0.037502326875716176
3,68bab7a4d1522fd9bca6ab8efd58a0eb1c3f18d51e233fc538ea7d8c061b93f0,prompt_plus_base_inputs,0.13372281821929644,4,0.0,0.0,0.0,1.067140200000722,"[1.081558900001255, 1.0616190999971877, 0.9007740999986709, 1.0218886000002385, 1.3048114000011992]","[[{'status': 'ok', 'value': 35}, {'status': 'ok', 'value': 56}, {'status': 'ok', 'value': 84}], [{'status': 'ok', 'value': 35}, {'status': 'ok', 'value': 56}, {'status': 'ok', 'value': 84}], [{'status': 'ok', 'value': 35}, {'status': 'ok', 'value': 56}, {'status': 'ok', 'value': 84}], [{'status': 'ok', 'value': 35}, {'status': 'ok', 'value': 56}, {'status': 'ok', 'value': 84}], [{'status': 'ok', 'value': 35}, {'status': 'ok', 'value': 56}, {'status': 'ok', 'value': 84}]]",0.0,0.2629253659441456,3,0.0,0.0,0.0,0.9102433000007295,"[1.9279271999985212, 1.7567629000004672, 2.217393800001446, 1.9711713999968197, 1.8958705999975791]","[[{'status': 'ok', 'value': 35}, {'status': 'ok', 'value': 56}, {'status': 'ok', 'value': 84}], [{'status': 'ok', 'value': 35}, {'status': 'ok', 'value': 56}, {'status': 'ok', 'value': 84}], [{'status': 'ok', 'value': 35}, {'status': 'ok', 'value': 56}, {'status': 'ok', 'value': 84}], [{'status': 'ok', 'value': 35}, {'status': 'ok', 'value': 56}, {'status': 'ok', 'value': 84}], [{'status': 'ok', 'value': 35}, {'status': 'ok', 'value': 56}, {'status': 'ok', 'value': 84}]]",0.0,0.012790730698659047,4,0.0,0.0,0.0,0.87182109999776,"[2.7876229000030435, 2.732765400000062, 2.904916299998149, 2.8196252999987337, 2.9265120000018214]","[[{'status': 'ok', 'value': 35}, {'status': 'ok', 'value': 56}, {'status': 'ok', 'value': 84}], [{'status': 'ok', 'value': 35}, {'status': 'ok', 'value': 56}, {'status': 'ok', 'value': 84}], [{'status': 'ok', 'value': 35}, {'status': 'ok', 'value': 56}, {'status': 'ok', 'value': 84}], [{'status': 'ok', 'value': 35}, {'status': 'ok', 'value': 56}, {'status': 'ok', 'value': 84}], [{'status': 'ok', 'value': 35}, {'status': 'ok', 'value': 56}, {'status': 'ok', 'value': 84}]]",0.0,Mbpp/80,0,,0,0.019730540453223894,0,0.015021747835701642
3,3f27c4ae9cf662353f10910437dadff1bc0e347ad7163041e5c516540db13e14,prompt_plus_base_inputs,0.9247909228134452,5,0.243984375,0.8,0.28,0.830013400001917,"[5.820040300000983, 5.291966299999331, 1.0564625000006345, 0.8155470999990939, 0.9448983000002045]","[[{'status': 'ok', 'value': [[6, 7], [4, 5], [2, 9], [7, 3]]}, {'status': 'ok', 'value': [[7, 8], [5, 6], [3, 10], [8, 4]]}, {'status': 'ok', 'value': [[8, 9], [6, 7], [4, 11], [9, 5]]}], [{'exception': 'syntax_error:invalid syntax', 'status': 'parse_error'}, {'exception': 'syntax_error:invalid syntax', 'status': 'parse_error'}, {'exception': 'syntax_error:invalid syntax', 'status': 'parse_error'}], [{'status': 'ok', 'value': [[6, 7], [4, 9], [2, 9], [7, 10]]}, {'status': 'ok', 'value': [[7, 8], [5, 10], [3, 10], [8, 11]]}, {'status': 'ok', 'value': [[8, 9], [6, 11], [4, 11], [9, 12]]}], [{'status': 'ok', 'value': [[6, 7], [4, 9], [2, 9], [7, 10]]}, {'status': 'ok', 'value': [[7, 8], [5, 10], [3, 10], [8, 11]]}, {'status': 'ok', 'value': [[8, 9], [6, 11], [4, 11], [9, 12]]}], [{'status': 'ok', 'value': [[6, 7], [4, 9], [2, 9], [7, 10]]}, {'status': 'ok', 'value': [[7, 8], [5, 10], [3, 10], [8, 11]]}, {'status': 'ok', 'value': [[8, 9], [6, 11], [4, 11], [9, 12]]}]]",0.16879687499999999,0.20503600726941457,4,0.0,0.0,0.0,1.0215562000012142,"[2.580978400001186, 2.128047100002732, 2.1079324999991513, 2.0562850999995135, 1.9366159999990487]","[[{'status': 'ok', 'value': [[6, 7], [4, 9], [2, 9], [7, 10]]}, {'status': 'ok', 'value': [[7, 8], [5, 10], [3, 10], [8, 11]]}, {'status': 'ok', 'value': [[8, 9], [6, 11], [4, 11], [9, 12]]}], [{'status': 'ok', 'value': [[6, 7], [4, 9], [2, 9], [7, 10]]}, {'status': 'ok', 'value': [[7, 8], [5, 10], [3, 10], [8, 11]]}, {'status': 'ok', 'value': [[8, 9], [6, 11], [4, 11], [9, 12]]}], [{'status': 'ok', 'value': [[6, 7], [4, 9], [2, 9], [7, 10]]}, {'status': 'ok', 'value': [[7, 8], [5, 10], [3, 10], [8, 11]]}, {'status': 'ok', 'value': [[8, 9], [6, 11], [4, 11], [9, 12]]}], [{'status': 'ok', 'value': [[6, 7], [4, 9], [2, 9], [7, 10]]}, {'status': 'ok', 'value': [[7, 8], [5, 10], [3, 10], [8, 11]]}, {'status': 'ok', 'value': [[8, 9], [6, 11], [4, 11], [9, 12]]}], [{'status': 'ok', 'value': [[6, 7], [4, 9], [2, 9], [7, 10]]}, {'status': 'ok', 'value': [[7, 8], [5, 10], [3, 10], [8, 11]]}, {'status': 'ok', 'value': [[8, 9], [6, 11], [4, 11], [9, 12]]}]]",0.0,0.2873252137976748,5,0.0,0.0,0.0,1.0891546999991988,"[2.971412099999725, 2.5982270000022254, 2.5747033000006923, 2.646887800001423, 3.1542363000007754]","[[{'status': 'ok', 'value': [[6, 7], [4, 9], [2, 9], [7, 10]]}, {'status': 'ok', 'value': [[7, 8], [5, 10], [3, 10], [8, 11]]}, {'status': 'ok', 'value': [[8, 9], [6, 11], [4, 11], [9, 12]]}], [{'status': 'ok', 'value': [[6, 7], [4, 9], [2, 9], [7, 10]]}, {'status': 'ok', 'value': [[7, 8], [5, 10], [3, 10], [8, 11]]}, {'status': 'ok', 'value': [[8, 9], [6, 11], [4, 11], [9, 12]]}], [{'status': 'ok', 'value': [[6, 7], [4, 9], [2, 9], [7, 10]]}, {'status': 'ok', 'value': [[7, 8], [5, 10], [3, 10], [8, 11]]}, {'status': 'ok', 'value': [[8, 9], [6, 11], [4, 11], [9, 12]]}], [{'status': 'ok', 'value': [[6, 7], [4, 9], [2, 9], [7, 10]]}, {'status': 'ok', 'value': [[7, 8], [5, 10], [3, 10], [8, 11]]}, {'status': 'ok', 'value': [[8, 9], [6, 11], [4, 11], [9, 12]]}], [{'status': 'ok', 'value': [[6, 7], [4, 9], [2, 9], [7, 10]]}, {'status': 'ok', 'value': [[7, 8], [5, 10], [3, 10], [8, 11]]}, {'status': 'ok', 'value': [[8, 9], [6, 11], [4, 11], [9, 12]]}]]",0.0,Mbpp/259,1,,0,0.034544607756083555,0,0.05226543320173558
3,4340ce8e4b9135a3bfcef4ff5696a4529116b527486b5c68d6c982567d2c0bb9,prompt_plus_base_inputs,0.28467316839485546,4,0.0,0.0,0.0,1.1555302999986452,"[1.0116835000007995, 0.9656661000008171, 0.7708463999988453, 1.0124374000006355, 1.4586490000001504]","[[{'status': 'ok', 'value': 36}, {'status': 'ok', 'value': 9}, {'status': 'ok', 'value': 16}], [{'status': 'ok', 'value': 36}, {'status': 'ok', 'value': 9}, {'status': 'ok', 'value': 16}], [{'status': 'ok', 'value': 36}, {'status': 'ok', 'value': 9}, {'status': 'ok', 'value': 16}], [{'status': 'ok', 'value': 36}, {'status': 'ok', 'value': 9}, {'status': 'ok', 'value': 16}], [{'status': 'ok', 'value': 36}, {'status': 'ok', 'value': 9}, {'status': 'ok', 'value': 16}]]",0.0,0.3753849436641781,5,0.029166666666666667,0.06666666666666667,0.05333333333333333,0.8617818000020634,"[1.9846022999990964, 1.8994502999994438, 2.0286120000018855, 1.9222407000015664, 1.5445677999996406]","[[{'status': 'ok', 'value': 36}, {'status': 'ok', 'value': 9}, {'status': 'ok', 'value': 9}], [{'status': 'ok', 'value': 36}, {'status': 'ok', 'value': 9}, {'status': 'ok', 'value': 9}], [{'status': 'ok', 'value': 36}, {'status': 'ok', 'value': 9}, {'status': 'ok', 'value': 16}], [{'status': 'ok', 'value': 36}, {'status': 'ok', 'value': 9}, {'status': 'ok', 'value': 9}], [{'status': 'ok', 'value': 36}, {'status': 'ok', 'value': 9}, {'status': 'ok', 'value': 9}]]",0.023333333333333334,0.46799468812814116,4,0.058333333333333334,0.13333333333333333,0.07999999999999999,0.8395175999976345,"[3.1485237999986566, 2.4598141999995278, 2.3231927000015276, 2.3394241000023612, 2.459027100001549]","[[{'status': 'ok', 'value': 36}, {'status': 'ok', 'value': 9}, {'status': 'ok', 'value': 16}], [{'status': 'ok', 'value': 36}, {'status': 'ok', 'value': 9}, {'status': 'ok', 'value': 16}], [{'status': 'ok', 'value': 36}, {'status': 'ok', 'value': 9}, {'status': 'ok', 'value': 9}], [{'status': 'ok', 'value': 36}, {'status': 'ok', 'value': 9}, {'status': 'ok', 'value': 9}], [{'status': 'ok', 'value': 36}, {'status': 'ok', 'value': 9}, {'status': 'ok', 'value': 16}]]",0.035,Mbpp/244,1,0.03762716020818539,1,0.04843692361801338,0,0.02071403497206905
3,b636325cb488eae71cd6427c99221f57932f04745adc16ffa6b450d3e8818738,prompt_plus_base_inputs,0.042452830188679236,2,0.0,0.0,0.0,1.0142650999987382,"[0.3297798999992665, 0.2823860999997123, 0.26512189999994007, 0.28159710000181803, 0.2759136999993643]","[[{'status': 'ok', 'value': ['deR', 'neerG', 'eulB', 'etihW', 'kcalB']}, {'status': 'ok', 'value': ['nhoj', 'lama', 'leoj', 'egroeg']}, {'status': 'ok', 'value': ['kcaj', 'nhoj', 'yram']}], [{'status': 'ok', 'value': ['deR', 'neerG', 'eulB', 'etihW', 'kcalB']}, {'status': 'ok', 'value': ['nhoj', 'lama', 'leoj', 'egroeg']}, {'status': 'ok', 'value': ['kcaj', 'nhoj', 'yram']}], [{'status': 'ok', 'value': ['deR', 'neerG', 'eulB', 'etihW', 'kcalB']}, {'status': 'ok', 'value': ['nhoj', 'lama', 'leoj', 'egroeg']}, {'status': 'ok', 'value': ['kcaj', 'nhoj', 'yram']}], [{'status': 'ok', 'value': ['deR', 'neerG', 'eulB', 'etihW', 'kcalB']}, {'status': 'ok', 'value': ['nhoj', 'lama', 'leoj', 'egroeg']}, {'status': 'ok', 'value': ['kcaj', 'nhoj', 'yram']}], [{'status': 'ok', 'value': ['deR', 'neerG', 'eulB', 'etihW', 'kcalB']}, {'status': 'ok', 'value': ['nhoj', 'lama', 'leoj', 'egroeg']}, {'status': 'ok', 'value': ['kcaj', 'nhoj', 'yram']}]]",0.0,0.02988599079119378,4,0.0,0.0,0.0,1.1667876999999862,"[1.0137876000007964, 0.9662707000024966, 1.0032629999986966, 1.1297488000018348, 0.9530325999985507]","[[{'status': 'ok', 'value': ['deR', 'neerG', 'eulB', 'etihW', 'kcalB']}, {'status': 'ok', 'value': ['nhoj', 'lama', 'leoj', 'egroeg']}, {'status': 'ok', 'value': ['kcaj', 'nhoj', 'yram']}], [{'status': 'ok', 'value': ['deR', 'neerG', 'eulB', 'etihW', 'kcalB']}, {'status': 'ok', 'value': ['nhoj', 'lama', 'leoj', 'egroeg']}, {'status': 'ok', 'value': ['kcaj', 'nhoj', 'yram']}], [{'status': 'ok', 'value': ['deR', 'neerG', 'eulB', 'etihW', 'kcalB']}, {'status': 'ok', 'value': ['nhoj', 'lama', 'leoj', 'egroeg']}, {'status': 'ok', 'value': ['kcaj', 'nhoj', 'yram']}], [{'status': 'ok', 'value': ['deR', 'neerG', 'eulB', 'etihW', 'kcalB']}, {'status': 'ok', 'value': ['nhoj', 'lama', 'leoj', 'egroeg']}, {'status': 'ok', 'value': ['kcaj', 'nhoj', 'yram']}], [{'status': 'ok', 'value': ['deR', 'neerG', 'eulB', 'etihW', 'kcalB']}, {'status': 'ok', 'value': ['nhoj', 'lama', 'leoj', 'egroeg']}, {'status': 'ok', 'value': ['kcaj', 'nhoj', 'yram']}]]",0.0,0.13153121375330312,5,0.0,0.0,0.0,0.9029698999984248,"[1.5065888999997696, 2.4311777999973856, 2.4488532000032137, 2.473659100000077, 1.472210299998551]","[[{'status': 'ok', 'value': ['deR', 'neerG', 'eulB', 'etihW', 'kcalB']}, {'status': 'ok', 'value': ['nhoj', 'lama', 'leoj', 'egroeg']}, {'status': 'ok', 'value': ['kcaj', 'nhoj', 'yram']}], [{'status': 'ok', 'value': ['deR', 'neerG', 'eulB', 'etihW', 'kcalB']}, {'status': 'ok', 'value': ['nhoj', 'lama', 'leoj', 'egroeg']}, {'status': 'ok', 'value': ['kcaj', 'nhoj', 'yram']}], [{'status': 'ok', 'value': ['deR', 'neerG', 'eulB', 'etihW', 'kcalB']}, {'status': 'ok', 'value': ['nhoj', 'lama', 'leoj', 'egroeg']}, {'status': 'ok', 'value': ['kcaj', 'nhoj', 'yram']}], [{'status': 'ok', 'value': ['deR', 'neerG', 'eulB', 'etihW', 'kcalB']}, {'status': 'ok', 'value': ['nhoj', 'lama', 'leoj', 'egroeg']}, {'status': 'ok', 'value': ['kcaj', 'nhoj', 'yram']}], [{'status': 'ok', 'value': ['deR', 'neerG', 'eulB', 'etihW', 'kcalB']}, {'status': 'ok', 'value': ['nhoj', 'lama', 'leoj', 'egroeg']}, {'status': 'ok', 'value': ['kcaj', 'nhoj', 'yram']}]]",0.0,Mbpp/456,0,0.02121522756753734,0,0.01701265154925765,0,0.019905880297011843
3,cd48a0aaddbaa16203081b7ac4943eff8d2b663e04dc4a7ab53a2b0998a0bbf6,prompt_plus_base_inputs,0.0,1,0.0,0.0,0.0,1.0242660000003525,"[0.6918293999988236, 0.6023978999983228, 0.5967120999994222, 0.5798833000008017, 0.5997668000018166]","[[{'status': 'ok', 'value': [1, 10, 100, 2, 20, 200, 3, 30, 300, 4, 40, 400, 5, 50, 500, 6, 60, 600, 7, 70, 700]}, {'status': 'ok', 'value': [10, 15, 5, 20, 2, 10]}, {'status': 'ok', 'value': [11, 10, 20, 44, 15, 5]}], [{'status': 'ok', 'value': [1, 10, 100, 2, 20, 200, 3, 30, 300, 4, 40, 400, 5, 50, 500, 6, 60, 600, 7, 70, 700]}, {'status': 'ok', 'value': [10, 15, 5, 20, 2, 10]}, {'status': 'ok', 'value': [11, 10, 20, 44, 15, 5]}], [{'status': 'ok', 'value': [1, 10, 100, 2, 20, 200, 3, 30, 300, 4, 40, 400, 5, 50, 500, 6, 60, 600, 7, 70, 700]}, {'status': 'ok', 'value': [10, 15, 5, 20, 2, 10]}, {'status': 'ok', 'value': [11, 10, 20, 44, 15, 5]}], [{'status': 'ok', 'value': [1, 10, 100, 2, 20, 200, 3, 30, 300, 4, 40, 400, 5, 50, 500, 6, 60, 600, 7, 70, 700]}, {'status': 'ok', 'value': [10, 15, 5, 20, 2, 10]}, {'status': 'ok', 'value': [11, 10, 20, 44, 15, 5]}], [{'status': 'ok', 'value': [1, 10, 100, 2, 20, 200, 3, 30, 300, 4, 40, 400, 5, 50, 500, 6, 60, 600, 7, 70, 700]}, {'status': 'ok', 'value': [10, 15, 5, 20, 2, 10]}, {'status': 'ok', 'value': [11, 10, 20, 44, 15, 5]}]]",0.0,0.03479411870718077,5,0.0,0.0,0.0,0.8530745999996725,"[2.1578888000003644, 1.6831859999983863, 1.6879708000014944, 2.359261500001594, 1.9965477000005194]","[[{'status': 'ok', 'value': [1, 10, 100, 2, 20, 200, 3, 30, 300, 4, 40, 400, 5, 50, 500, 6, 60, 600, 7, 70, 700]}, {'status': 'ok', 'value': [10, 15, 5, 20, 2, 10]}, {'status': 'ok', 'value': [11, 10, 20, 44, 15, 5]}], [{'status': 'ok', 'value': [1, 10, 100, 2, 20, 200, 3, 30, 300, 4, 40, 400, 5, 50, 500, 6, 60, 600, 7, 70, 700]}, {'status': 'ok', 'value': [10, 15, 5, 20, 2, 10]}, {'status': 'ok', 'value': [11, 10, 20, 44, 15, 5]}], [{'status': 'ok', 'value': [1, 10, 100, 2, 20, 200, 3, 30, 300, 4, 40, 400, 5, 50, 500, 6, 60, 600, 7, 70, 700]}, {'status': 'ok', 'value': [10, 15, 5, 20, 2, 10]}, {'status': 'ok', 'value': [11, 10, 20, 44, 15, 5]}], [{'status': 'ok', 'value': [1, 10, 100, 2, 20, 200, 3, 30, 300, 4, 40, 400, 5, 50, 500, 6, 60, 600, 7, 70, 700]}, {'status': 'ok', 'value': [10, 15, 5, 20, 2, 10]}, {'status': 'ok', 'value': [11, 10, 20, 44, 15, 5]}], [{'status': 'ok', 'value': [1, 10, 100, 2, 20, 200, 3, 30, 300, 4, 40, 400, 5, 50, 500, 6, 60, 600, 7, 70, 700]}, {'status': 'ok', 'value': [10, 15, 5, 20, 2, 10]}, {'status': 'ok', 'value': [11, 10, 20, 44, 15, 5]}]]",0.0,0.023589980701390262,5,0.0,0.0,0.0,1.0438426000000618,"[3.277784599998995, 2.5206896999989112, 3.1377828999975463, 2.544123799998488, 3.1290684999985388]","[[{'status': 'ok', 'value': [1, 10, 100, 2, 20, 200, 3, 30, 300, 4, 40, 400, 5, 50, 500, 6, 60, 600, 7, 70, 700]}, {'status': 'ok', 'value': [10, 15, 5, 20, 2, 10]}, {'status': 'ok', 'value': [11, 10, 20, 44, 15, 5]}], [{'status': 'ok', 'value': [1, 10, 100, 2, 20, 200, 3, 30, 300, 4, 40, 400, 5, 50, 500, 6, 60, 600, 7, 70, 700]}, {'status': 'ok', 'value': [10, 15, 5, 20, 2, 10]}, {'status': 'ok', 'value': [11, 10, 20, 44, 15, 5]}], [{'status': 'ok', 'value': [1, 10, 100, 2, 20, 200, 3, 30, 300, 4, 40, 400, 5, 50, 500, 6, 60, 600, 7, 70, 700]}, {'status': 'ok', 'value': [10, 15, 5, 20, 2, 10]}, {'status': 'ok', 'value': [11, 10, 20, 44, 15, 5]}], [{'status': 'ok', 'value': [1, 10, 100, 2, 20, 200, 3, 30, 300, 4, 40, 400, 5, 50, 500, 6, 60, 600, 7, 70, 700]}, {'status': 'ok', 'value': [10, 15, 5, 20, 2, 10]}, {'status': 'ok', 'value': [11, 10, 20, 44, 15, 5]}], [{'status': 'ok', 'value': [1, 10, 100, 2, 20, 200, 3, 30, 300, 4, 40, 400, 5, 50, 500, 6, 60, 600, 7, 70, 700]}, {'status': 'ok', 'value': [10, 15, 5, 20, 2, 10]}, {'status': 'ok', 'value': [11, 10, 20, 44, 15, 5]}]]",0.0,Mbpp/578,0,0.001214265057722232,0,0.019700903396097504,0,0.019381823382006894
3,8bf903072c8466a2b15830013f1024f7cb059d36e0539df458541c36c8b1af1a,prompt_plus_base_inputs,0.54292343387471,2,0.0,0.0,0.0,0.9842185000015888,"[0.8176543000008678, 0.2814701999996032, 0.2941724999982398, 0.28730559999894467, 0.29767530000026454]","[[{'status': 'ok', 'value': 1256.6370614359173}, {'status': 'ok', 'value': 2827.4333882308138}, {'status': 'ok', 'value': 5026.548245743669}], [{'status': 'ok', 'value': 1256.6370614359173}, {'status': 'ok', 'value': 2827.4333882308138}, {'status': 'ok', 'value': 5026.548245743669}], [{'status': 'ok', 'value': 1256.6370614359173}, {'status': 'ok', 'value': 2827.4333882308138}, {'status': 'ok', 'value': 5026.548245743669}], [{'status': 'ok', 'value': 1256.6370614359173}, {'status': 'ok', 'value': 2827.4333882308138}, {'status': 'ok', 'value': 5026.548245743669}], [{'status': 'ok', 'value': 1256.6370614359173}, {'status': 'ok', 'value': 2827.4333882308138}, {'status': 'ok', 'value': 5026.548245743669}]]",0.0,0.2912966252220248,2,0.0,0.0,0.0,0.9795883000006143,"[1.2633228000013332, 0.9646212000006926, 0.974823299999116, 0.9742345999984536, 0.9729679999982181]","[[{'status': 'ok', 'value': 1256.6370614359173}, {'status': 'ok', 'value': 2827.4333882308138}, {'status': 'ok', 'value': 5026.548245743669}], [{'status': 'ok', 'value': 1256.6370614359173}, {'status': 'ok', 'value': 2827.4333882308138}, {'status': 'ok', 'value': 5026.548245743669}], [{'status': 'ok', 'value': 1256.6370614359173}, {'status': 'ok', 'value': 2827.4333882308138}, {'status': 'ok', 'value': 5026.548245743669}], [{'status': 'ok', 'value': 1256.6370614359173}, {'status': 'ok', 'value': 2827.4333882308138}, {'status': 'ok', 'value': 5026.548245743669}], [{'status': 'ok', 'value': 1256.6370614359173}, {'status': 'ok', 'value': 2827.4333882308138}, {'status': 'ok', 'value': 5026.548245743669}]]",0.0,0.1330749354005168,2,0.0,0.0,0.0,0.9659853000011935,"[1.7640197000000626, 1.7460504999980913, 1.6765537000028417, 1.7071934000014153, 1.7240653999979259]","[[{'status': 'ok', 'value': 1256.6370614359173}, {'status': 'ok', 'value': 2827.4333882308138}, {'status': 'ok', 'value': 5026.548245743669}], [{'status': 'ok', 'value': 1256.6370614359173}, {'status': 'ok', 'value': 2827.4333882308138}, {'status': 'ok', 'value': 5026.548245743669}], [{'status': 'ok', 'value': 1256.6370614359173}, {'status': 'ok', 'value': 2827.4333882308138}, {'status': 'ok', 'value': 5026.548245743669}], [{'status': 'ok', 'value': 1256.6370614359173}, {'status': 'ok', 'value': 2827.4333882308138}, {'status': 'ok', 'value': 5026.548245743669}], [{'status': 'ok', 'value': 1256.6370614359173}, {'status': 'ok', 'value': 2827.4333882308138}, {'status': 'ok', 'value': 5026.548245743669}]]",0.0,Mbpp/85,0,0.014601096379679705,0,0.020422700444756293,0,0.007622070500283289
3,378e52d1c248ce625bd4481fde926594dfa2248d08c6bcd6badef755752e524a,prompt_plus_base_inputs,0.26573384926900634,4,0.0,0.0,0.0,1.0239619000021776,"[0.529844900000171, 0.5084920999979659, 0.5137438999990991, 0.5149553999981435, 0.5297104000019317]","[[{'status': 'ok', 'value': [0, 4, 5, 1]}, {'status': 'ok', 'value': [5, 5, 6, 1]}, {'status': 'ok', 'value': [5, 6, 7, 1]}], [{'status': 'ok', 'value': [0, 4, 5, 1]}, {'status': 'ok', 'value': [5, 5, 6, 1]}, {'status': 'ok', 'value': [5, 6, 7, 1]}], [{'status': 'ok', 'value': [0, 4, 5, 1]}, {'status': 'ok', 'value': [5, 5, 6, 1]}, {'status': 'ok', 'value': [5, 6, 7, 1]}], [{'status': 'ok', 'value': [0, 4, 5, 1]}, {'status': 'ok', 'value': [5, 5, 6, 1]}, {'status': 'ok', 'value': [5, 6, 7, 1]}], [{'status': 'ok', 'value': [0, 4, 5, 1]}, {'status': 'ok', 'value': [5, 5, 6, 1]}, {'status': 'ok', 'value': [5, 6, 7, 1]}]]",0.0,0.008100028727266423,3,0.0,0.0,0.0,1.1383402999999817,"[0.6886550999988685, 0.670439700003044, 0.6762348000011116, 0.6341756000001624, 0.6520762000000104]","[[{'status': 'ok', 'value': [0, 4, 5, 1]}, {'status': 'ok', 'value': [5, 5, 6, 1]}, {'status': 'ok', 'value': [5, 6, 7, 1]}], [{'status': 'ok', 'value': [0, 4, 5, 1]}, {'status': 'ok', 'value': [5, 5, 6, 1]}, {'status': 'ok', 'value': [5, 6, 7, 1]}], [{'status': 'ok', 'value': [0, 4, 5, 1]}, {'status': 'ok', 'value': [5, 5, 6, 1]}, {'status': 'ok', 'value': [5, 6, 7, 1]}], [{'status': 'ok', 'value': [0, 4, 5, 1]}, {'status': 'ok', 'value': [5, 5, 6, 1]}, {'status': 'ok', 'value': [5, 6, 7, 1]}], [{'status': 'ok', 'value': [0, 4, 5, 1]}, {'status': 'ok', 'value': [5, 5, 6, 1]}, {'status': 'ok', 'value': [5, 6, 7, 1]}]]",0.0,0.15464450817992237,4,0.0,0.0,0.0,0.988953500000207,"[2.110995200000616, 2.079406699998799, 3.3129967999993823, 1.0216479999980947, 0.9956975999994029]","[[{'status': 'ok', 'value': [0, 4, 5, 1]}, {'status': 'ok', 'value': [5, 5, 6, 1]}, {'status': 'ok', 'value': [5, 6, 7, 1]}], [{'status': 'ok', 'value': [0, 4, 5, 1]}, {'status': 'ok', 'value': [5, 5, 6, 1]}, {'status': 'ok', 'value': [5, 6, 7, 1]}], [{'status': 'ok', 'value': [0, 4, 5, 1]}, {'status': 'ok', 'value': [5, 5, 6, 1]}, {'status': 'ok', 'value': [5, 6, 7, 1]}], [{'status': 'ok', 'value': [0, 4, 5, 1]}, {'status': 'ok', 'value': [5, 5, 6, 1]}, {'status': 'ok', 'value': [5, 6, 7, 1]}], [{'status': 'ok', 'value': [0, 4, 5, 1]}, {'status': 'ok', 'value': [5, 5, 6, 1]}, {'status': 'ok', 'value': [5, 6, 7, 1]}]]",0.0,Mbpp/616,0,0.05802905636387587,0,0.03308147547464498,0,0.024838642718397495
3,936cae93c1c48168b0e2c9f870f7579084b5ce1f0c96b9e18645eeb0a31a8571,prompt_plus_base_inputs,0.5489900381899664,4,0.5210957792207792,0.8,0.36,1.0208841999992728,"[0.594873700003518, 0.8010022999987996, 0.7189452000020538, 0.7144205999975384, 1.1223538999984157]","[[{'status': 'ok', 'value': [0, 1, 2, 3]}, {'status': 'ok', 'value': [0, 1, 2, 3]}, {'status': 'ok', 'value': [0, 1, 2, 3]}], [{'status': 'ok', 'value': [7, 3, 4, 6]}, {'status': 'ok', 'value': [-2, -2, -2, -2]}, {'status': 'ok', 'value': [7, -2, -2, -3]}], [{'status': 'ok', 'value': [[10, 5], [4, 2], [6, 3], [9, 3]]}, {'status': 'ok', 'value': [[1, 5], [2, 6], [3, 7], [4, 8]]}, {'status': 'ok', 'value': [[8, 7], [9, 13], [11, 14], [12, 17]]}], [{'status': 'ok', 'value': [[10, 5], [4, 2], [6, 3], [9, 3]]}, {'status': 'ok', 'value': [[1, 5], [2, 6], [3, 7], [4, 8]]}, {'status': 'ok', 'value': [[8, 7], [9, 13], [11, 14], [12, 17]]}], [{'status': 'ok', 'value': [5, 3, 3, 6]}, {'status': 'ok', 'value': [3, 4, 5, 6]}, {'status': 'ok', 'value': [4, 11, 12, 6]}]]",0.23666161616161613,0.5727932070186098,5,0.13999999999999999,0.2,0.16,0.7586967999995977,"[2.585681900000054, 1.6582947000024433, 3.815344800001185, 7.0741467000007106, 2.1996884000000136]","[[{'exception': 'wsl_worker_exit_1', 'status': 'runner_error'}, {'exception': 'wsl_worker_exit_1', 'status': 'runner_error'}, {'exception': 'wsl_worker_exit_1', 'status': 'runner_error'}], [{'exception': 'wsl_worker_exit_1', 'status': 'runner_error'}, {'exception': 'wsl_worker_exit_1', 'status': 'runner_error'}, {'exception': 'wsl_worker_exit_1', 'status': 'runner_error'}], [{'exception': 'wsl_worker_exit_1', 'status': 'runner_error'}, {'exception': 'wsl_worker_exit_1', 'status': 'runner_error'}, {'exception': 'wsl_worker_exit_1', 'status': 'runner_error'}], [{'exception': 'syntax_error:unterminated triple-quoted string literal (detected at line 46)', 'status': 'parse_error'}, {'exception': 'syntax_error:unterminated triple-quoted string literal (detected at line 46)', 'status': 'parse_error'}, {'exception': 'syntax_error:unterminated triple-quoted string literal (detected at line 46)', 'status': 'parse_error'}], [{'exception': 'wsl_worker_exit_1', 'status': 'runner_error'}, {'exception': 'wsl_worker_exit_1', 'status': 'runner_error'}, {'exception': 'wsl_worker_exit_1', 'status': 'runner_error'}]]",0.11199999999999999,0.4691442657976146,5,0.0,0.0,0.0,0.8977212999998301,"[3.014551599997503, 2.2959804000020085, 3.8968902000015078, 3.4115160000001197, 3.931232499999169]","[[{'exception': 'wsl_worker_exit_1', 'status': 'runner_error'}, {'exception': 'wsl_worker_exit_1', 'status': 'runner_error'}, {'exception': 'wsl_worker_exit_1', 'status': 'runner_error'}], [{'exception': 'wsl_worker_exit_1', 'status': 'runner_error'}, {'exception': 'wsl_worker_exit_1', 'status': 'runner_error'}, {'exception': 'wsl_worker_exit_1', 'status': 'runner_error'}], [{'exception': 'wsl_worker_exit_1', 'status': 'runner_error'}, {'exception': 'wsl_worker_exit_1', 'status': 'runner_error'}, {'exception': 'wsl_worker_exit_1', 'status': 'runner_error'}], [{'exception': 'wsl_worker_exit_1', 'status': 'runner_error'}, {'exception': 'wsl_worker_exit_1', 'status': 'runner_error'}, {'exception': 'wsl_worker_exit_1', 'status': 'runner_error'}], [{'exception': 'wsl_worker_exit_1', 'status': 'runner_error'}, {'exception': 'wsl_worker_exit_1', 'status': 'runner_error'}, {'exception': 'wsl_worker_exit_1', 'status': 'runner_error'}]]",0.0,Mbpp/429,1,0.06574809605030386,1,,1,0.026212680056306836
3,595d4de50af2a4d53e8b69d567e33056859d84fb2e8aca5758b7b4a250c2c800,prompt_plus_base_inputs,0.8209253038204347,5,0.7037582401938285,0.8,0.4,0.8216092000002391,"[3.182838900000206, 5.3203168000000005, 1.1774042999968515, 2.1704308000007586, 1.4491938999999547]","[[{'status': 'ok', 'value': 4453}, {'status': 'ok', 'value': 43}, {'status': 'ok', 'value': 9}], [{'exception': 'syntax_error:invalid syntax', 'status': 'parse_error'}, {'exception': 'syntax_error:invalid syntax', 'status': 'parse_error'}, {'exception': 'syntax_error:invalid syntax', 'status': 'parse_error'}], [{'status': 'ok', 'value': 1}, {'status': 'ok', 'value': 1}, {'status': 'ok', 'value': 2}], [{'status': 'ok', 'value': -164}, {'status': 'ok', 'value': -32}, {'status': 'ok', 'value': 0}], [{'status': 'ok', 'value': 27}, {'status': 'ok', 'value': 19}, {'status': 'ok', 'value': 12}]]",0.37733384427008476,0.9937022004346493,4,0.8,0.8,0.16,0.6704640999996627,"[7.304322500000126, 3.4965492999981507, 5.128944799998862, 3.1565652999997837, 3.1445352000009734]","[[{'exception': 'syntax_error:invalid syntax', 'status': 'parse_error'}, {'exception': 'syntax_error:invalid syntax', 'status': 'parse_error'}, {'exception': 'syntax_error:invalid syntax', 'status': 'parse_error'}], [{'status': 'ok', 'value': 41}, {'status': 'ok', 'value': 20}, {'status': 'ok', 'value': 7}], [{'status': 'ok', 'value': 41}, {'status': 'ok', 'value': 20}, {'status': 'ok', 'value': 7}], [{'status': 'ok', 'value': 41}, {'status': 'ok', 'value': 20}, {'status': 'ok', 'value': 7}], [{'status': 'ok', 'value': 41}, {'status': 'ok', 'value': 20}, {'status': 'ok', 'value': 7}]]",0.16,0.1405168070381247,5,0.21370176797006063,0.8,0.26666666666666666,1.104505400002381,"[6.2705192000030365, 5.5190418000020145, 5.495644099999481, 6.362226699999155, 5.775278000000981]","[[{'status': 'ok', 'value': 40}, {'status': 'ok', 'value': 21}, {'status': 'ok', 'value': 9}], [{'status': 'ok', 'value': 41}, {'status': 'ok', 'value': 20}, {'status': 'ok', 'value': 7}], [{'status': 'ok', 'value': 35}, {'status': 'ok', 'value': 20}, {'status': 'ok', 'value': 7}], [{'status': 'ok', 'value': 0}, {'status': 'ok', 'value': 0}, {'status': 'ok', 'value': 7}], [{'status': 'ok', 'value': 41}, {'status': 'ok', 'value': 20}, {'status': 'ok', 'value': 7}]]",0.12664279261840236,Mbpp/638,1,0.35396631288720765,1,0.1933824273617599,1,0.04229847421677256
3,16981cd9703b11465217756d4608cc70e34b3790b81ea296ee62313042008e4e,prompt_plus_base_inputs,0.032222222222222235,2,0.0,0.0,0.0,0.9386799999992945,"[0.2617288000001281, 0.20823899999959394, 0.20279440000012983, 0.20673969999916153, 0.1904711999995925]","[[{'status': 'ok', 'value': 200}, {'status': 'ok', 'value': 50}, {'status': 'ok', 'value': 8}], [{'status': 'ok', 'value': 200}, {'status': 'ok', 'value': 50}, {'status': 'ok', 'value': 8}], [{'status': 'ok', 'value': 200}, {'status': 'ok', 'value': 50}, {'status': 'ok', 'value': 8}], [{'status': 'ok', 'value': 200}, {'status': 'ok', 'value': 50}, {'status': 'ok', 'value': 8}], [{'status': 'ok', 'value': 200}, {'status': 'ok', 'value': 50}, {'status': 'ok', 'value': 8}]]",0.0,0.1325722273998136,2,0.0,0.0,0.0,0.9213012999971397,"[1.0738779000021168, 1.0359042000018235, 1.200797199999215, 1.0427254000023822, 1.0415670999973372]","[[{'status': 'ok', 'value': 200}, {'status': 'ok', 'value': 50}, {'status': 'ok', 'value': 8}], [{'status': 'ok', 'value': 200}, {'status': 'ok', 'value': 50}, {'status': 'ok', 'value': 8}], [{'status': 'ok', 'value': 200}, {'status': 'ok', 'value': 50}, {'status': 'ok', 'value': 8}], [{'status': 'ok', 'value': 200}, {'status': 'ok', 'value': 50}, {'status': 'ok', 'value': 8}], [{'status': 'ok', 'value': 200}, {'status': 'ok', 'value': 50}, {'status': 'ok', 'value': 8}]]",0.0,0.06475820333559268,3,0.0,0.0,0.0,1.0079332999994222,"[1.9107059000016307, 1.4886517000013555, 1.5151318999996874, 1.5565301999995427, 1.9029124000007869]","[[{'status': 'ok', 'value': 200}, {'status': 'ok', 'value': 50}, {'status': 'ok', 'value': 8}], [{'status': 'ok', 'value': 200}, {'status': 'ok', 'value': 50}, {'status': 'ok', 'value': 8}], [{'status': 'ok', 'value': 200}, {'status': 'ok', 'value': 50}, {'status': 'ok', 'value': 8}], [{'status': 'ok', 'value': 200}, {'status': 'ok', 'value': 50}, {'status': 'ok', 'value': 8}], [{'status': 'ok', 'value': 200}, {'status': 'ok', 'value': 50}, {'status': 'ok', 'value': 8}]]",0.0,Mbpp/458,0,0.022722340918030506,0,0.007211458983655141,0,0.017362198357986518
3,623da46e0ec3439c8c4f0244d9304a49e2413f3d426dae4f0f2517d747baaadd,prompt_plus_base_inputs,0.0,1,0.0,0.0,0.0,0.8666604999998526,"[0.8992144000003464, 0.8417849999968894, 0.8635744999992312, 0.8512675999991188, 0.8753139000000374]","[[{'status': 'ok', 'value': True}, {'status': 'ok', 'value': True}, {'status': 'ok', 'value': False}], [{'status': 'ok', 'value': True}, {'status': 'ok', 'value': True}, {'status': 'ok', 'value': False}], [{'status': 'ok', 'value': True}, {'status': 'ok', 'value': True}, {'status': 'ok', 'value': False}], [{'status': 'ok', 'value': True}, {'status': 'ok', 'value': True}, {'status': 'ok', 'value': False}], [{'status': 'ok', 'value': True}, {'status': 'ok', 'value': True}, {'status': 'ok', 'value': False}]]",0.0,0.003326796337030341,3,0.0,0.0,0.0,0.992227599999751,"[2.4173230999986117, 2.304579999999987, 2.5012081999993825, 2.3546760999997787, 2.257150499997806]","[[{'status': 'ok', 'value': True}, {'status': 'ok', 'value': True}, {'status': 'ok', 'value': False}], [{'status': 'ok', 'value': True}, {'status': 'ok', 'value': True}, {'status': 'ok', 'value': False}], [{'status': 'ok', 'value': True}, {'status': 'ok', 'value': True}, {'status': 'ok', 'value': False}], [{'status': 'ok', 'value': True}, {'status': 'ok', 'value': True}, {'status': 'ok', 'value': False}], [{'status': 'ok', 'value': True}, {'status': 'ok', 'value': True}, {'status': 'ok', 'value': False}]]",0.0,0.0,2,0.0,0.0,0.0,0.9216083999999682,"[3.3846054000023287, 3.413833100003103, 3.4175004999997327, 3.3631453000016336, 3.4113567999993393]","[[{'status': 'ok', 'value': True}, {'status': 'ok', 'value': True}, {'status': 'ok', 'value': False}], [{'status': 'ok', 'value': True}, {'status': 'ok', 'value': True}, {'status': 'ok', 'value': False}], [{'status': 'ok', 'value': True}, {'status': 'ok', 'value': True}, {'status': 'ok', 'value': False}], [{'status': 'ok', 'value': True}, {'status': 'ok', 'value': True}, {'status': 'ok', 'value': False}], [{'status': 'ok', 'value': True}, {'status': 'ok', 'value': True}, {'status': 'ok', 'value': False}]]",0.0,Mbpp/605,0,0.00035901068366307157,0,0.0074027380157460675,0,0.004341877607384462
3,22e9110a0422bc6f49bd1ed8828f2c9ae2224b9e3c41ef7367aa04d2bdbe3d31,prompt_plus_base_inputs,0.39831996438273537,4,0.0,0.0,0.0,1.1642658000018855,"[0.8811997000011615, 0.6956612000030873, 0.4187848000001395, 0.5138641000012285, 0.5015171000013652]","[[{'status': 'ok', 'value': {'__dict__': [[1, 1], [2, 3], [3, 1], [4, 1], [5, 2], [6, 1], [7, 1], [8, 1], [9, 1]]}}, {'status': 'ok', 'value': {'__dict__': [[1, 1], [10, 1], [11, 1], [12, 1], [2, 1], [3, 1], [4, 1], [5, 1], [6, 1], [7, 1], [8, 1], [9, 1]]}}, {'status': 'ok', 'value': {'__dict__': [[10, 1], [13, 1], [14, 1], [16, 1], [17, 1], [18, 1], [20, 2], [30, 2], [40, 2]]}}], [{'status': 'ok', 'value': {'__dict__': [[1, 1], [2, 3], [3, 1], [4, 1], [5, 2], [6, 1], [7, 1], [8, 1], [9, 1]]}}, {'status': 'ok', 'value': {'__dict__': [[1, 1], [10, 1], [11, 1], [12, 1], [2, 1], [3, 1], [4, 1], [5, 1], [6, 1], [7, 1], [8, 1], [9, 1]]}}, {'status': 'ok', 'value': {'__dict__': [[10, 1], [13, 1], [14, 1], [16, 1], [17, 1], [18, 1], [20, 2], [30, 2], [40, 2]]}}], [{'status': 'ok', 'value': {'__dict__': [[1, 1], [2, 3], [3, 1], [4, 1], [5, 2], [6, 1], [7, 1], [8, 1], [9, 1]]}}, {'status': 'ok', 'value': {'__dict__': [[1, 1], [10, 1], [11, 1], [12, 1], [2, 1], [3, 1], [4, 1], [5, 1], [6, 1], [7, 1], [8, 1], [9, 1]]}}, {'status': 'ok', 'value': {'__dict__': [[10, 1], [13, 1], [14, 1], [16, 1], [17, 1], [18, 1], [20, 2], [30, 2], [40, 2]]}}], [{'status': 'ok', 'value': {'__dict__': [[1, 1], [2, 3], [3, 1], [4, 1], [5, 2], [6, 1], [7, 1], [8, 1], [9, 1]]}}, {'status': 'ok', 'value': {'__dict__': [[1, 1], [10, 1], [11, 1], [12, 1], [2, 1], [3, 1], [4, 1], [5, 1], [6, 1], [7, 1], [8, 1], [9, 1]]}}, {'status': 'ok', 'value': {'__dict__': [[10, 1], [13, 1], [14, 1], [16, 1], [17, 1], [18, 1], [20, 2], [30, 2], [40, 2]]}}], [{'status': 'ok', 'value': {'__dict__': [[1, 1], [2, 3], [3, 1], [4, 1], [5, 2], [6, 1], [7, 1], [8, 1], [9, 1]]}}, {'status': 'ok', 'value': {'__dict__': [[1, 1], [10, 1], [11, 1], [12, 1], [2, 1], [3, 1], [4, 1], [5, 1], [6, 1], [7, 1], [8, 1], [9, 1]]}}, {'status': 'ok', 'value': {'__dict__': [[10, 1], [13, 1], [14, 1], [16, 1], [17, 1], [18, 1], [20, 2], [30, 2], [40, 2]]}}]]",0.0,0.04769618430525557,2,0.0,0.0,0.0,0.8689594999996189,"[0.757057499999064, 0.6547672999986389, 1.2778951000000234, 0.6411661999991338, 0.6594594000016514]","[[{'status': 'ok', 'value': {'__dict__': [[1, 1], [2, 3], [3, 1], [4, 1], [5, 2], [6, 1], [7, 1], [8, 1], [9, 1]]}}, {'status': 'ok', 'value': {'__dict__': [[1, 1], [10, 1], [11, 1], [12, 1], [2, 1], [3, 1], [4, 1], [5, 1], [6, 1], [7, 1], [8, 1], [9, 1]]}}, {'status': 'ok', 'value': {'__dict__': [[10, 1], [13, 1], [14, 1], [16, 1], [17, 1], [18, 1], [20, 2], [30, 2], [40, 2]]}}], [{'status': 'ok', 'value': {'__dict__': [[1, 1], [2, 3], [3, 1], [4, 1], [5, 2], [6, 1], [7, 1], [8, 1], [9, 1]]}}, {'status': 'ok', 'value': {'__dict__': [[1, 1], [10, 1], [11, 1], [12, 1], [2, 1], [3, 1], [4, 1], [5, 1], [6, 1], [7, 1], [8, 1], [9, 1]]}}, {'status': 'ok', 'value': {'__dict__': [[10, 1], [13, 1], [14, 1], [16, 1], [17, 1], [18, 1], [20, 2], [30, 2], [40, 2]]}}], [{'status': 'ok', 'value': {'__dict__': [[1, 1], [2, 3], [3, 1], [4, 1], [5, 2], [6, 1], [7, 1], [8, 1], [9, 1]]}}, {'status': 'ok', 'value': {'__dict__': [[1, 1], [10, 1], [11, 1], [12, 1], [2, 1], [3, 1], [4, 1], [5, 1], [6, 1], [7, 1], [8, 1], [9, 1]]}}, {'status': 'ok', 'value': {'__dict__': [[10, 1], [13, 1], [14, 1], [16, 1], [17, 1], [18, 1], [20, 2], [30, 2], [40, 2]]}}], [{'status': 'ok', 'value': {'__dict__': [[1, 1], [2, 3], [3, 1], [4, 1], [5, 2], [6, 1], [7, 1], [8, 1], [9, 1]]}}, {'status': 'ok', 'value': {'__dict__': [[1, 1], [10, 1], [11, 1], [12, 1], [2, 1], [3, 1], [4, 1], [5, 1], [6, 1], [7, 1], [8, 1], [9, 1]]}}, {'status': 'ok', 'value': {'__dict__': [[10, 1], [13, 1], [14, 1], [16, 1], [17, 1], [18, 1], [20, 2], [30, 2], [40, 2]]}}], [{'status': 'ok', 'value': {'__dict__': [[1, 1], [2, 3], [3, 1], [4, 1], [5, 2], [6, 1], [7, 1], [8, 1], [9, 1]]}}, {'status': 'ok', 'value': {'__dict__': [[1, 1], [10, 1], [11, 1], [12, 1], [2, 1], [3, 1], [4, 1], [5, 1], [6, 1], [7, 1], [8, 1], [9, 1]]}}, {'status': 'ok', 'value': {'__dict__': [[10, 1], [13, 1], [14, 1], [16, 1], [17, 1], [18, 1], [20, 2], [30, 2], [40, 2]]}}]]",0.0,0.0,1,0.0,0.0,0.0,0.8702718000022287,"[1.0477557000012894, 0.991548399997555, 0.9683750000003783, 0.9495479999968666, 0.9596230000024661]","[[{'status': 'ok', 'value': {'__dict__': [[1, 1], [2, 3], [3, 1], [4, 1], [5, 2], [6, 1], [7, 1], [8, 1], [9, 1]]}}, {'status': 'ok', 'value': {'__dict__': [[1, 1], [10, 1], [11, 1], [12, 1], [2, 1], [3, 1], [4, 1], [5, 1], [6, 1], [7, 1], [8, 1], [9, 1]]}}, {'status': 'ok', 'value': {'__dict__': [[10, 1], [13, 1], [14, 1], [16, 1], [17, 1], [18, 1], [20, 2], [30, 2], [40, 2]]}}], [{'status': 'ok', 'value': {'__dict__': [[1, 1], [2, 3], [3, 1], [4, 1], [5, 2], [6, 1], [7, 1], [8, 1], [9, 1]]}}, {'status': 'ok', 'value': {'__dict__': [[1, 1], [10, 1], [11, 1], [12, 1], [2, 1], [3, 1], [4, 1], [5, 1], [6, 1], [7, 1], [8, 1], [9, 1]]}}, {'status': 'ok', 'value': {'__dict__': [[10, 1], [13, 1], [14, 1], [16, 1], [17, 1], [18, 1], [20, 2], [30, 2], [40, 2]]}}], [{'status': 'ok', 'value': {'__dict__': [[1, 1], [2, 3], [3, 1], [4, 1], [5, 2], [6, 1], [7, 1], [8, 1], [9, 1]]}}, {'status': 'ok', 'value': {'__dict__': [[1, 1], [10, 1], [11, 1], [12, 1], [2, 1], [3, 1], [4, 1], [5, 1], [6, 1], [7, 1], [8, 1], [9, 1]]}}, {'status': 'ok', 'value': {'__dict__': [[10, 1], [13, 1], [14, 1], [16, 1], [17, 1], [18, 1], [20, 2], [30, 2], [40, 2]]}}], [{'status': 'ok', 'value': {'__dict__': [[1, 1], [2, 3], [3, 1], [4, 1], [5, 2], [6, 1], [7, 1], [8, 1], [9, 1]]}}, {'status': 'ok', 'value': {'__dict__': [[1, 1], [10, 1], [11, 1], [12, 1], [2, 1], [3, 1], [4, 1], [5, 1], [6, 1], [7, 1], [8, 1], [9, 1]]}}, {'status': 'ok', 'value': {'__dict__': [[10, 1], [13, 1], [14, 1], [16, 1], [17, 1], [18, 1], [20, 2], [30, 2], [40, 2]]}}], [{'status': 'ok', 'value': {'__dict__': [[1, 1], [2, 3], [3, 1], [4, 1], [5, 2], [6, 1], [7, 1], [8, 1], [9, 1]]}}, {'status': 'ok', 'value': {'__dict__': [[1, 1], [10, 1], [11, 1], [12, 1], [2, 1], [3, 1], [4, 1], [5, 1], [6, 1], [7, 1], [8, 1], [9, 1]]}}, {'status': 'ok', 'value': {'__dict__': [[10, 1], [13, 1], [14, 1], [16, 1], [17, 1], [18, 1], [20, 2], [30, 2], [40, 2]]}}]]",0.0,Mbpp/97,0,0.023177443160450506,0,0.005619603885808969,0,0.0023795171704250606
3,5baeec10280724ae52ea2a7881823e6cfcf2ea66b49377bbd27e571511429306,prompt_plus_base_inputs,0.25967171848204906,4,0.0,0.0,0.0,0.8445742999974755,"[1.027410400001827, 1.0036116000010225, 0.6402277999986836, 1.1277587999975367, 1.0267764999989595]","[[{'status': 'ok', 'value': []}, {'status': 'ok', 'value': []}, {'status': 'ok', 'value': []}], [{'status': 'ok', 'value': []}, {'status': 'ok', 'value': []}, {'status': 'ok', 'value': []}], [{'status': 'ok', 'value': []}, {'status': 'ok', 'value': []}, {'status': 'ok', 'value': []}], [{'status': 'ok', 'value': []}, {'status': 'ok', 'value': []}, {'status': 'ok', 'value': []}], [{'status': 'ok', 'value': []}, {'status': 'ok', 'value': []}, {'status': 'ok', 'value': []}]]",0.0,0.022175607683170895,4,0.0,0.0,0.0,0.958981899999344,"[1.8825680000009015, 1.833416199999192, 1.4822864000016125, 1.8224014999977953, 1.812524700002541]","[[{'status': 'ok', 'value': ['python', 'programming', 'language']}, {'status': 'ok', 'value': ['writing', 'program']}, {'status': 'ok', 'value': ['sorting']}], [{'status': 'ok', 'value': ['python', 'programming', 'language']}, {'status': 'ok', 'value': ['writing', 'program']}, {'status': 'ok', 'value': ['sorting']}], [{'status': 'ok', 'value': ['python', 'programming', 'language']}, {'status': 'ok', 'value': ['writing', 'program']}, {'status': 'ok', 'value': ['sorting']}], [{'status': 'ok', 'value': ['python', 'programming', 'language']}, {'status': 'ok', 'value': ['writing', 'program']}, {'status': 'ok', 'value': ['sorting']}], [{'status': 'ok', 'value': ['python', 'programming', 'language']}, {'status': 'ok', 'value': ['writing', 'program']}, {'status': 'ok', 'value': ['sorting']}]]",0.0,0.05004135510693211,5,0.0,0.0,0.0,0.9025786999991396,"[2.3247463000006974, 2.2890489999990677, 2.288111800000479, 2.2601654999998573, 2.169212900000275]","[[{'status': 'ok', 'value': ['python', 'programming', 'language']}, {'status': 'ok', 'value': ['writing', 'program']}, {'status': 'ok', 'value': ['sorting']}], [{'status': 'ok', 'value': ['python', 'programming', 'language']}, {'status': 'ok', 'value': ['writing', 'program']}, {'status': 'ok', 'value': ['sorting']}], [{'status': 'ok', 'value': ['python', 'programming', 'language']}, {'status': 'ok', 'value': ['writing', 'program']}, {'status': 'ok', 'value': ['sorting']}], [{'status': 'ok', 'value': ['python', 'programming', 'language']}, {'status': 'ok', 'value': ['writing', 'program']}, {'status': 'ok', 'value': ['sorting']}], [{'status': 'ok', 'value': ['python', 'programming', 'language']}, {'status': 'ok', 'value': ['writing', 'program']}, {'status': 'ok', 'value': ['sorting']}]]",0.0,Mbpp/128,1,0.031534167161923476,0,0.020258269029113554,0,0.019437311653719647
