panel,role,task_id,precision,error,fusion_oof
qwen_mbpp,development,Mbpp/100,q4,0,0.3969040084090608
qwen_mbpp,development,Mbpp/101,q4,0,0.12373594722780672
qwen_mbpp,development,Mbpp/102,q4,0,0.1366659383054189
qwen_mbpp,development,Mbpp/103,q4,1,0.8495520880708106
qwen_mbpp,development,Mbpp/104,q4,0,0.22694769093750383
qwen_mbpp,development,Mbpp/105,q4,0,0.20998705334079362
qwen_mbpp,development,Mbpp/106,q4,1,0.754341064262692
qwen_mbpp,development,Mbpp/108,q4,0,0.11220894975637312
qwen_mbpp,development,Mbpp/109,q4,1,0.9462022816778373
qwen_mbpp,development,Mbpp/11,q4,1,0.859149504458401
qwen_mbpp,development,Mbpp/111,q4,0,0.6750131141942456
qwen_mbpp,development,Mbpp/113,q4,1,0.10691407672853108
qwen_mbpp,development,Mbpp/116,q4,0,0.12846730599881878
qwen_mbpp,development,Mbpp/118,q4,1,0.13614372601887517
qwen_mbpp,development,Mbpp/119,q4,1,0.6437810707110958
qwen_mbpp,development,Mbpp/12,q4,0,0.18451396460125918
qwen_mbpp,development,Mbpp/120,q4,0,0.1620858732652118
qwen_mbpp,development,Mbpp/123,q4,1,0.9412585128413771
qwen_mbpp,development,Mbpp/124,q4,1,0.4364383002741324
qwen_mbpp,development,Mbpp/125,q4,1,0.9286101434043242
qwen_mbpp,development,Mbpp/126,q4,1,0.15041818087418085
qwen_mbpp,development,Mbpp/127,q4,0,0.10901796609895395
qwen_mbpp,development,Mbpp/128,q4,1,0.08738600740175909
qwen_mbpp,development,Mbpp/129,q4,1,0.752794320916813
qwen_mbpp,development,Mbpp/130,q4,0,0.24184175265061741
qwen_mbpp,development,Mbpp/131,q4,0,0.1560329298544077
qwen_mbpp,development,Mbpp/132,q4,0,0.09896344253607256
qwen_mbpp,development,Mbpp/133,q4,0,0.11560992812702642
qwen_mbpp,development,Mbpp/135,q4,1,0.40261141520298543
qwen_mbpp,development,Mbpp/137,q4,1,0.3123546237780511
qwen_mbpp,development,Mbpp/138,q4,1,0.1952246741085935
qwen_mbpp,development,Mbpp/139,q4,0,0.12315862792901944
qwen_mbpp,development,Mbpp/14,q4,1,0.4871942520403194
qwen_mbpp,development,Mbpp/140,q4,0,0.35281264635885934
qwen_mbpp,development,Mbpp/141,q4,1,0.9156069584697493
qwen_mbpp,development,Mbpp/142,q4,1,0.13918725782956068
qwen_mbpp,development,Mbpp/145,q4,0,0.6956729781852543
qwen_mbpp,development,Mbpp/16,q4,1,0.6288092430334705
qwen_mbpp,development,Mbpp/160,q4,0,0.30479088651364117
qwen_mbpp,development,Mbpp/161,q4,0,0.25188040494177294
qwen_mbpp,development,Mbpp/162,q4,0,0.19269003183932315
qwen_mbpp,development,Mbpp/165,q4,0,0.29119863033555177
qwen_mbpp,development,Mbpp/166,q4,0,0.37843942498346383
qwen_mbpp,development,Mbpp/167,q4,1,0.6950435770987384
qwen_mbpp,development,Mbpp/168,q4,0,0.16577122342212625
qwen_mbpp,development,Mbpp/17,q4,0,0.10821200586190274
qwen_mbpp,development,Mbpp/170,q4,0,0.1430207625174935
qwen_mbpp,development,Mbpp/171,q4,0,0.14010518297756142
qwen_mbpp,development,Mbpp/172,q4,0,0.10630260820332608
qwen_mbpp,development,Mbpp/18,q4,0,0.2197149032093053
qwen_mbpp,development,Mbpp/19,q4,0,0.19035467707062367
qwen_mbpp,development,Mbpp/2,q4,0,0.09985148610782205
qwen_mbpp,development,Mbpp/20,q4,1,0.6163769186445407
qwen_mbpp,development,Mbpp/222,q4,0,0.2142692243643843
qwen_mbpp,development,Mbpp/223,q4,1,0.11740489508370586
qwen_mbpp,development,Mbpp/224,q4,0,0.12273708307193303
qwen_mbpp,development,Mbpp/226,q4,0,0.20807392714548167
qwen_mbpp,development,Mbpp/227,q4,0,0.10624994173831911
qwen_mbpp,development,Mbpp/230,q4,0,0.1604428907884186
qwen_mbpp,development,Mbpp/232,q4,0,0.1359142749983994
qwen_mbpp,development,Mbpp/233,q4,0,0.9327519842076617
qwen_mbpp,development,Mbpp/234,q4,0,0.10343098372422391
qwen_mbpp,development,Mbpp/235,q4,1,0.9824480481207605
qwen_mbpp,development,Mbpp/237,q4,1,0.36316582554088683
qwen_mbpp,development,Mbpp/238,q4,0,0.1200982543034558
qwen_mbpp,development,Mbpp/239,q4,1,0.9769469775997637
qwen_mbpp,development,Mbpp/240,q4,1,0.15665454707313853
qwen_mbpp,development,Mbpp/242,q4,0,0.10586682319508063
qwen_mbpp,development,Mbpp/244,q4,1,0.5192333218465164
qwen_mbpp,development,Mbpp/245,q4,0,0.6659816317841198
qwen_mbpp,development,Mbpp/247,q4,0,0.4731489544894055
qwen_mbpp,development,Mbpp/250,q4,0,0.16777630192559878
qwen_mbpp,development,Mbpp/251,q4,1,0.11320256448963553
qwen_mbpp,development,Mbpp/252,q4,0,0.17476379195866976
qwen_mbpp,development,Mbpp/253,q4,0,0.2426789394125922
qwen_mbpp,development,Mbpp/255,q4,1,0.2078585330616062
qwen_mbpp,development,Mbpp/256,q4,0,0.14788734070743334
qwen_mbpp,development,Mbpp/257,q4,0,0.11426922621231754
qwen_mbpp,development,Mbpp/259,q4,1,0.9165906092586343
qwen_mbpp,development,Mbpp/260,q4,1,0.8869365748510443
qwen_mbpp,development,Mbpp/261,q4,0,0.14843018451771306
qwen_mbpp,development,Mbpp/262,q4,0,0.110344897226296
qwen_mbpp,development,Mbpp/264,q4,0,0.5942703104676984
qwen_mbpp,development,Mbpp/265,q4,0,0.27224181026813404
qwen_mbpp,development,Mbpp/266,q4,0,0.1683106390083891
qwen_mbpp,development,Mbpp/267,q4,1,0.3862850589650174
qwen_mbpp,development,Mbpp/268,q4,1,0.407291663554339
qwen_mbpp,development,Mbpp/269,q4,0,0.13144225153546357
qwen_mbpp,development,Mbpp/270,q4,0,0.13790378702777392
qwen_mbpp,development,Mbpp/271,q4,0,0.3589091328943677
qwen_mbpp,development,Mbpp/272,q4,0,0.15390339444444553
qwen_mbpp,development,Mbpp/273,q4,0,0.10366572855766576
qwen_mbpp,development,Mbpp/274,q4,1,0.2962336776432631
qwen_mbpp,development,Mbpp/276,q4,0,0.09583758654482287
qwen_mbpp,development,Mbpp/277,q4,0,0.09288466581583385
qwen_mbpp,development,Mbpp/278,q4,1,0.8361892152103902
qwen_mbpp,development,Mbpp/279,q4,1,0.9769246004376525
qwen_mbpp,development,Mbpp/280,q4,0,0.17298614102969817
qwen_mbpp,development,Mbpp/281,q4,0,0.09692193263818452
qwen_mbpp,development,Mbpp/282,q4,0,0.13985359172700457
qwen_mbpp,development,Mbpp/283,q4,1,0.99535898751977
qwen_mbpp,development,Mbpp/284,q4,0,0.1171742431171849
qwen_mbpp,development,Mbpp/285,q4,1,0.40068267561686666
qwen_mbpp,development,Mbpp/286,q4,1,0.8740447255966348
qwen_mbpp,development,Mbpp/287,q4,1,0.5509031715688916
qwen_mbpp,development,Mbpp/290,q4,1,0.8683522592583268
qwen_mbpp,development,Mbpp/292,q4,0,0.15239740333330962
qwen_mbpp,development,Mbpp/293,q4,0,0.1529542713141569
qwen_mbpp,development,Mbpp/294,q4,1,0.9110722161098256
qwen_mbpp,development,Mbpp/296,q4,0,0.4832419133472131
qwen_mbpp,development,Mbpp/297,q4,0,0.11881301719681248
qwen_mbpp,development,Mbpp/299,q4,1,0.26672590104131955
qwen_mbpp,development,Mbpp/3,q4,0,0.1581900709726844
qwen_mbpp,development,Mbpp/300,q4,1,0.9763089104709884
qwen_mbpp,development,Mbpp/301,q4,1,0.5636558087752331
qwen_mbpp,development,Mbpp/305,q4,1,0.8735145242754527
qwen_mbpp,development,Mbpp/306,q4,1,0.9741015950869458
qwen_mbpp,development,Mbpp/308,q4,1,0.8219369748882052
qwen_mbpp,development,Mbpp/309,q4,0,0.12342222839890435
qwen_mbpp,development,Mbpp/310,q4,1,0.10065600279165252
qwen_mbpp,development,Mbpp/311,q4,1,0.9206397194697425
qwen_mbpp,development,Mbpp/312,q4,0,0.17511214780208878
qwen_mbpp,development,Mbpp/388,q4,0,0.8784282399280702
qwen_mbpp,development,Mbpp/389,q4,0,0.18731380959375646
qwen_mbpp,development,Mbpp/390,q4,0,0.18853532636125686
qwen_mbpp,development,Mbpp/391,q4,1,0.7924616563606359
qwen_mbpp,development,Mbpp/392,q4,1,0.4217479091284617
qwen_mbpp,development,Mbpp/394,q4,0,0.12241977096745689
qwen_mbpp,development,Mbpp/395,q4,0,0.10653425193767374
qwen_mbpp,development,Mbpp/397,q4,0,0.3616039941941843
qwen_mbpp,development,Mbpp/398,q4,1,0.6113649963433377
qwen_mbpp,development,Mbpp/4,q4,1,0.8874159536212382
qwen_mbpp,development,Mbpp/404,q4,0,0.15005794729107738
qwen_mbpp,development,Mbpp/405,q4,0,0.15564769759096403
qwen_mbpp,development,Mbpp/406,q4,0,0.22530154906302635
qwen_mbpp,development,Mbpp/409,q4,0,0.3340105457112238
qwen_mbpp,development,Mbpp/410,q4,1,0.5186890928524842
qwen_mbpp,development,Mbpp/412,q4,0,0.12561290577869513
qwen_mbpp,development,Mbpp/413,q4,0,0.34148992949374984
qwen_mbpp,development,Mbpp/414,q4,0,0.1740770065229166
qwen_mbpp,development,Mbpp/415,q4,1,0.7666890609447592
qwen_mbpp,development,Mbpp/418,q4,0,0.3871423838987721
qwen_mbpp,development,Mbpp/419,q4,0,0.1816982174778075
qwen_mbpp,development,Mbpp/420,q4,0,0.15867503536908326
qwen_mbpp,development,Mbpp/421,q4,1,0.7060446584927942
qwen_mbpp,development,Mbpp/422,q4,0,0.2579080389020199
qwen_mbpp,development,Mbpp/424,q4,0,0.13660490161344668
qwen_mbpp,development,Mbpp/425,q4,0,0.17679717888530566
qwen_mbpp,development,Mbpp/426,q4,0,0.10621829108846961
qwen_mbpp,development,Mbpp/427,q4,1,0.9492671798745771
qwen_mbpp,development,Mbpp/428,q4,0,0.35626986714848674
qwen_mbpp,development,Mbpp/429,q4,1,0.9802959432802535
qwen_mbpp,development,Mbpp/430,q4,1,0.9507590553285578
qwen_mbpp,development,Mbpp/432,q4,1,0.359209700205749
qwen_mbpp,development,Mbpp/433,q4,0,0.5372987125976841
qwen_mbpp,development,Mbpp/435,q4,1,0.14817612638206276
qwen_mbpp,development,Mbpp/436,q4,0,0.11971280387280883
qwen_mbpp,development,Mbpp/437,q4,1,0.945644041493696
qwen_mbpp,development,Mbpp/439,q4,0,0.19020424255928187
qwen_mbpp,development,Mbpp/440,q4,1,0.837683813946615
qwen_mbpp,development,Mbpp/441,q4,0,0.1710888211181739
qwen_mbpp,development,Mbpp/445,q4,1,0.6391851640872408
qwen_mbpp,development,Mbpp/446,q4,0,0.5130922600792529
qwen_mbpp,development,Mbpp/447,q4,0,0.18350304404485024
qwen_mbpp,development,Mbpp/448,q4,1,0.980707423600873
qwen_mbpp,development,Mbpp/450,q4,0,0.5595690827481155
qwen_mbpp,development,Mbpp/451,q4,0,0.16401355271715998
qwen_mbpp,development,Mbpp/453,q4,0,0.2838686991870548
qwen_mbpp,development,Mbpp/454,q4,1,0.4309385270105328
qwen_mbpp,development,Mbpp/455,q4,0,0.16345909572484513
qwen_mbpp,development,Mbpp/456,q4,0,0.12695555237112593
qwen_mbpp,development,Mbpp/457,q4,0,0.21587645958432883
qwen_mbpp,development,Mbpp/458,q4,0,0.12164301422433373
qwen_mbpp,development,Mbpp/459,q4,0,0.1618320848341764
qwen_mbpp,development,Mbpp/460,q4,0,0.2234813783053317
qwen_mbpp,development,Mbpp/462,q4,1,0.7997723684651697
qwen_mbpp,development,Mbpp/463,q4,0,0.11388562049060622
qwen_mbpp,development,Mbpp/465,q4,0,0.1042540092973141
qwen_mbpp,development,Mbpp/468,q4,1,0.8819753711843299
qwen_mbpp,development,Mbpp/470,q4,0,0.2122148838681736
qwen_mbpp,development,Mbpp/471,q4,0,0.15559206302215856
qwen_mbpp,development,Mbpp/472,q4,0,0.30999587472760404
qwen_mbpp,development,Mbpp/473,q4,1,0.5607789810554449
qwen_mbpp,development,Mbpp/474,q4,0,0.1504587314321173
qwen_mbpp,development,Mbpp/475,q4,0,0.14167882501637272
qwen_mbpp,development,Mbpp/476,q4,0,0.14141436970522758
qwen_mbpp,development,Mbpp/477,q4,0,0.1273540986259799
qwen_mbpp,development,Mbpp/478,q4,0,0.19136130055630912
qwen_mbpp,development,Mbpp/479,q4,0,0.1721363379898243
qwen_mbpp,development,Mbpp/554,q4,0,0.13452717016101476
qwen_mbpp,development,Mbpp/555,q4,1,0.9316293039460216
qwen_mbpp,development,Mbpp/556,q4,0,0.12584174068020815
qwen_mbpp,development,Mbpp/557,q4,0,0.18737907033585535
qwen_mbpp,development,Mbpp/558,q4,0,0.568829169389606
qwen_mbpp,development,Mbpp/559,q4,1,0.7348881142686555
qwen_mbpp,development,Mbpp/56,q4,0,0.350249690360086
qwen_mbpp,development,Mbpp/560,q4,1,0.21565084574445015
qwen_mbpp,development,Mbpp/562,q4,0,0.31005746038618515
qwen_mbpp,development,Mbpp/563,q4,1,0.6611084300400196
qwen_mbpp,development,Mbpp/564,q4,0,0.23029094441669634
qwen_mbpp,development,Mbpp/565,q4,0,0.1289864981226056
qwen_mbpp,development,Mbpp/566,q4,0,0.10374233049618342
qwen_mbpp,development,Mbpp/567,q4,0,0.21020404810734733
qwen_mbpp,development,Mbpp/568,q4,0,0.1181958720797972
qwen_mbpp,development,Mbpp/569,q4,0,0.3069695495291482
qwen_mbpp,development,Mbpp/57,q4,0,0.19673602745630522
qwen_mbpp,development,Mbpp/572,q4,1,0.9136728290395144
qwen_mbpp,development,Mbpp/573,q4,1,0.9894922456690136
qwen_mbpp,development,Mbpp/576,q4,1,0.8372535270276753
qwen_mbpp,development,Mbpp/577,q4,1,0.8636929236831119
qwen_mbpp,development,Mbpp/578,q4,0,0.1940416333971326
qwen_mbpp,development,Mbpp/579,q4,0,0.25495983497147545
qwen_mbpp,development,Mbpp/58,q4,0,0.1950145830596421
qwen_mbpp,development,Mbpp/580,q4,1,0.8199607048760452
qwen_mbpp,development,Mbpp/581,q4,0,0.9627839527899023
qwen_mbpp,development,Mbpp/583,q4,0,0.6241886272495556
qwen_mbpp,development,Mbpp/585,q4,0,0.14571308286083046
qwen_mbpp,development,Mbpp/586,q4,0,0.21426693042254014
qwen_mbpp,development,Mbpp/587,q4,0,0.11438663100192255
qwen_mbpp,development,Mbpp/588,q4,0,0.11762287682209885
qwen_mbpp,development,Mbpp/589,q4,1,0.5502040807055046
qwen_mbpp,development,Mbpp/59,q4,1,0.9910288112010134
qwen_mbpp,development,Mbpp/590,q4,1,0.6717985355937695
qwen_mbpp,development,Mbpp/591,q4,0,0.10817968826328625
qwen_mbpp,development,Mbpp/592,q4,0,0.5397074559897583
qwen_mbpp,development,Mbpp/593,q4,1,0.3093174566423161
qwen_mbpp,development,Mbpp/594,q4,0,0.16649826822331798
qwen_mbpp,development,Mbpp/596,q4,0,0.15001503449692474
qwen_mbpp,development,Mbpp/597,q4,1,0.6676161068898461
qwen_mbpp,development,Mbpp/598,q4,1,0.295541639556937
qwen_mbpp,development,Mbpp/599,q4,0,0.2867229826493215
qwen_mbpp,development,Mbpp/6,q4,1,0.4153228933495117
qwen_mbpp,development,Mbpp/600,q4,0,0.1395531189936646
qwen_mbpp,development,Mbpp/602,q4,0,0.09860654959804857
qwen_mbpp,development,Mbpp/603,q4,1,0.8700364324484056
qwen_mbpp,development,Mbpp/604,q4,0,0.14698548978798748
qwen_mbpp,development,Mbpp/605,q4,0,0.10817215243317366
qwen_mbpp,development,Mbpp/606,q4,0,0.1831939594755306
qwen_mbpp,development,Mbpp/607,q4,0,0.1193251284435968
qwen_mbpp,development,Mbpp/608,q4,1,0.9655858880804031
qwen_mbpp,development,Mbpp/61,q4,0,0.18798228261322958
qwen_mbpp,development,Mbpp/610,q4,1,0.09543781826454562
qwen_mbpp,development,Mbpp/611,q4,0,0.110222289058499
qwen_mbpp,development,Mbpp/612,q4,0,0.30684765176368756
qwen_mbpp,development,Mbpp/614,q4,0,0.2603571633849101
qwen_mbpp,development,Mbpp/615,q4,1,0.2463141687224145
qwen_mbpp,development,Mbpp/616,q4,0,0.12507918207054752
qwen_mbpp,development,Mbpp/618,q4,0,0.15445081622815496
qwen_mbpp,development,Mbpp/619,q4,0,0.508550690731816
qwen_mbpp,development,Mbpp/62,q4,0,0.15052702875067273
qwen_mbpp,development,Mbpp/620,q4,1,0.9561529977117365
qwen_mbpp,development,Mbpp/622,q4,1,0.7479856555276554
qwen_mbpp,development,Mbpp/623,q4,0,0.16558570167977352
qwen_mbpp,development,Mbpp/624,q4,1,0.7088933258756159
qwen_mbpp,development,Mbpp/626,q4,1,0.4312473779956642
qwen_mbpp,development,Mbpp/628,q4,0,0.13841144253350413
qwen_mbpp,development,Mbpp/629,q4,0,0.1199535356445883
qwen_mbpp,development,Mbpp/63,q4,1,0.9323358933584849
qwen_mbpp,development,Mbpp/630,q4,1,0.14083255584171242
qwen_mbpp,development,Mbpp/631,q4,1,0.15301865892124006
qwen_mbpp,development,Mbpp/632,q4,0,0.5120317504807554
qwen_mbpp,development,Mbpp/633,q4,0,0.34177455665193074
qwen_mbpp,development,Mbpp/635,q4,0,0.3414091668192093
qwen_mbpp,development,Mbpp/637,q4,0,0.1482343408635539
qwen_mbpp,development,Mbpp/638,q4,0,0.6469758691716103
qwen_mbpp,development,Mbpp/639,q4,1,0.9588982524836884
qwen_mbpp,development,Mbpp/64,q4,0,0.609239174557907
qwen_mbpp,development,Mbpp/641,q4,1,0.9881292171199434
qwen_mbpp,development,Mbpp/643,q4,1,0.5258509157917167
qwen_mbpp,development,Mbpp/644,q4,0,0.23678259562611922
qwen_mbpp,development,Mbpp/65,q4,1,0.8516706856383551
qwen_mbpp,development,Mbpp/66,q4,0,0.15843981750255218
qwen_mbpp,development,Mbpp/67,q4,1,0.9166417438873952
qwen_mbpp,development,Mbpp/68,q4,0,0.16722165689300236
qwen_mbpp,development,Mbpp/69,q4,1,0.14905840729776396
qwen_mbpp,development,Mbpp/7,q4,1,0.22122926711265722
qwen_mbpp,development,Mbpp/70,q4,0,0.5944536315776009
qwen_mbpp,development,Mbpp/71,q4,1,0.72597599243044
qwen_mbpp,development,Mbpp/72,q4,1,0.8949532776469689
qwen_mbpp,development,Mbpp/720,q4,0,0.2351389672246552
qwen_mbpp,development,Mbpp/721,q4,1,0.4654002151699121
qwen_mbpp,development,Mbpp/722,q4,1,0.8100204214770844
qwen_mbpp,development,Mbpp/723,q4,0,0.1464226798124082
qwen_mbpp,development,Mbpp/724,q4,0,0.4110792331659538
qwen_mbpp,development,Mbpp/725,q4,1,0.6748986004441682
qwen_mbpp,development,Mbpp/726,q4,0,0.16151851942375467
qwen_mbpp,development,Mbpp/728,q4,0,0.2371346898965357
qwen_mbpp,development,Mbpp/730,q4,0,0.18062813558663982
qwen_mbpp,development,Mbpp/731,q4,1,0.2607989195103853
qwen_mbpp,development,Mbpp/732,q4,0,0.20778169709668295
qwen_mbpp,development,Mbpp/733,q4,0,0.12869820389419118
qwen_mbpp,development,Mbpp/734,q4,1,0.8809132690755833
qwen_mbpp,development,Mbpp/735,q4,1,0.9961772516768441
qwen_mbpp,development,Mbpp/736,q4,0,0.21369472370050296
qwen_mbpp,development,Mbpp/737,q4,0,0.36864041614651705
qwen_mbpp,development,Mbpp/739,q4,1,0.9958557390938146
qwen_mbpp,development,Mbpp/74,q4,1,0.2820654138112792
qwen_mbpp,development,Mbpp/740,q4,0,0.2548993662575631
qwen_mbpp,development,Mbpp/741,q4,1,0.1813945194379326
qwen_mbpp,development,Mbpp/742,q4,1,0.6719406893601432
qwen_mbpp,development,Mbpp/743,q4,0,0.14065089128562777
qwen_mbpp,development,Mbpp/744,q4,0,0.2953747102814791
qwen_mbpp,development,Mbpp/745,q4,0,0.398806251741936
qwen_mbpp,development,Mbpp/748,q4,1,0.32611855294074477
qwen_mbpp,development,Mbpp/749,q4,1,0.3596247412399946
qwen_mbpp,development,Mbpp/75,q4,0,0.28578493484120715
qwen_mbpp,development,Mbpp/750,q4,0,0.8690326333015603
qwen_mbpp,development,Mbpp/751,q4,1,0.9696587161375216
qwen_mbpp,development,Mbpp/752,q4,1,0.5320743320372088
qwen_mbpp,development,Mbpp/753,q4,0,0.3018499028080641
qwen_mbpp,development,Mbpp/754,q4,1,0.2332511266090087
qwen_mbpp,development,Mbpp/755,q4,1,0.7803020652119914
qwen_mbpp,development,Mbpp/757,q4,0,0.23892298548538812
qwen_mbpp,development,Mbpp/758,q4,0,0.25653209284700423
qwen_mbpp,development,Mbpp/759,q4,1,0.7218304838064704
qwen_mbpp,development,Mbpp/760,q4,0,0.17098415078153742
qwen_mbpp,development,Mbpp/762,q4,0,0.16794928771183598
qwen_mbpp,development,Mbpp/763,q4,1,0.7102446846472895
qwen_mbpp,development,Mbpp/764,q4,0,0.23542582027354153
qwen_mbpp,development,Mbpp/765,q4,1,0.9516068901746859
qwen_mbpp,development,Mbpp/766,q4,0,0.13596927066338804
qwen_mbpp,development,Mbpp/767,q4,0,0.09620680627146849
qwen_mbpp,development,Mbpp/769,q4,1,0.19087104022847892
qwen_mbpp,development,Mbpp/77,q4,0,0.915334130327734
qwen_mbpp,development,Mbpp/770,q4,0,0.8132843073245715
qwen_mbpp,development,Mbpp/771,q4,1,0.5767008649586912
qwen_mbpp,development,Mbpp/772,q4,0,0.12667973996703702
qwen_mbpp,development,Mbpp/773,q4,1,0.8788469656452109
qwen_mbpp,development,Mbpp/775,q4,0,0.5095959392615824
qwen_mbpp,development,Mbpp/777,q4,0,0.547699962551729
qwen_mbpp,development,Mbpp/778,q4,1,0.8537167619131287
qwen_mbpp,development,Mbpp/780,q4,1,0.9934859416948543
qwen_mbpp,development,Mbpp/781,q4,1,0.0894378695011896
qwen_mbpp,development,Mbpp/782,q4,0,0.4602199854259477
qwen_mbpp,development,Mbpp/784,q4,1,0.9717971563088946
qwen_mbpp,development,Mbpp/785,q4,1,0.6739327941157736
qwen_mbpp,development,Mbpp/786,q4,1,0.13821779269548642
qwen_mbpp,development,Mbpp/787,q4,1,0.7071951259872804
qwen_mbpp,development,Mbpp/788,q4,0,0.9707462634551633
qwen_mbpp,development,Mbpp/79,q4,0,0.09455652048065366
qwen_mbpp,development,Mbpp/790,q4,1,0.3657118053670738
qwen_mbpp,development,Mbpp/791,q4,0,0.20174111661749788
qwen_mbpp,development,Mbpp/792,q4,1,0.13051738722887565
qwen_mbpp,development,Mbpp/793,q4,0,0.154497350390616
qwen_mbpp,development,Mbpp/794,q4,1,0.7604671799294473
qwen_mbpp,development,Mbpp/796,q4,0,0.18130500571523106
qwen_mbpp,development,Mbpp/797,q4,0,0.10489560396182666
qwen_mbpp,development,Mbpp/798,q4,0,0.13791551526323134
qwen_mbpp,development,Mbpp/799,q4,0,0.17470506771914707
qwen_mbpp,development,Mbpp/8,q4,0,0.1867755676761616
qwen_mbpp,development,Mbpp/80,q4,0,0.10873286201605574
qwen_mbpp,development,Mbpp/800,q4,0,0.16990903212369948
qwen_mbpp,development,Mbpp/801,q4,1,0.5017204949597845
qwen_mbpp,development,Mbpp/803,q4,1,0.2025894586822194
qwen_mbpp,development,Mbpp/804,q4,1,0.6146279595648818
qwen_mbpp,development,Mbpp/805,q4,0,0.278409548323624
qwen_mbpp,development,Mbpp/806,q4,1,0.390174543400745
qwen_mbpp,development,Mbpp/807,q4,0,0.12892969358103015
qwen_mbpp,development,Mbpp/808,q4,0,0.5708045562892937
qwen_mbpp,development,Mbpp/809,q4,1,0.40293558912977206
qwen_mbpp,development,Mbpp/82,q4,0,0.13793591015854773
qwen_mbpp,development,Mbpp/84,q4,1,0.6663714541873854
qwen_mbpp,development,Mbpp/85,q4,0,0.1140267978383559
qwen_mbpp,development,Mbpp/86,q4,0,0.5314063055597893
qwen_mbpp,development,Mbpp/87,q4,0,0.09808969652297682
qwen_mbpp,development,Mbpp/88,q4,0,0.24298815816180053
qwen_mbpp,development,Mbpp/89,q4,0,0.1498808221391
qwen_mbpp,development,Mbpp/9,q4,1,0.9906002874829929
qwen_mbpp,development,Mbpp/90,q4,0,0.16926283295692915
qwen_mbpp,development,Mbpp/91,q4,1,0.7494534881946525
qwen_mbpp,development,Mbpp/92,q4,1,0.9816380074687732
qwen_mbpp,development,Mbpp/93,q4,0,0.12174997840500064
qwen_mbpp,development,Mbpp/94,q4,0,0.9313045464978806
qwen_mbpp,development,Mbpp/95,q4,0,0.153409853980983
qwen_mbpp,development,Mbpp/96,q4,0,0.09225802698839587
qwen_mbpp,development,Mbpp/97,q4,1,0.9570905924564865
qwen_mbpp,development,Mbpp/98,q4,0,0.7529484538546304
qwen_mbpp,development,Mbpp/99,q4,1,0.31914537236702056
qwen_mbpp,development,Mbpp/100,q8,0,0.2044390281024624
qwen_mbpp,development,Mbpp/101,q8,0,0.12431937721598554
qwen_mbpp,development,Mbpp/102,q8,0,0.12340815174546951
qwen_mbpp,development,Mbpp/103,q8,1,0.8480722908758654
qwen_mbpp,development,Mbpp/104,q8,0,0.5480285982873159
qwen_mbpp,development,Mbpp/105,q8,0,0.1530845236205488
qwen_mbpp,development,Mbpp/106,q8,1,0.8361316260042327
qwen_mbpp,development,Mbpp/108,q8,0,0.16656067554870616
qwen_mbpp,development,Mbpp/109,q8,1,0.71895631350056
qwen_mbpp,development,Mbpp/11,q8,1,0.32679217680554473
qwen_mbpp,development,Mbpp/111,q8,0,0.49347682011666605
qwen_mbpp,development,Mbpp/113,q8,1,0.10386790925199563
qwen_mbpp,development,Mbpp/116,q8,0,0.17376251430667594
qwen_mbpp,development,Mbpp/118,q8,1,0.13979275434679334
qwen_mbpp,development,Mbpp/119,q8,1,0.4339951634775421
qwen_mbpp,development,Mbpp/12,q8,0,0.23465291576368638
qwen_mbpp,development,Mbpp/120,q8,0,0.27140419813400196
qwen_mbpp,development,Mbpp/123,q8,1,0.8813548614501988
qwen_mbpp,development,Mbpp/124,q8,1,0.7941726819828279
qwen_mbpp,development,Mbpp/125,q8,1,0.8292538480707847
qwen_mbpp,development,Mbpp/126,q8,1,0.17551928893831756
qwen_mbpp,development,Mbpp/127,q8,0,0.09843964497306965
qwen_mbpp,development,Mbpp/128,q8,1,0.07352515765746011
qwen_mbpp,development,Mbpp/129,q8,1,0.9565643280682534
qwen_mbpp,development,Mbpp/130,q8,0,0.5579103296975562
qwen_mbpp,development,Mbpp/131,q8,0,0.19939442849192937
qwen_mbpp,development,Mbpp/132,q8,0,0.0855515304462883
qwen_mbpp,development,Mbpp/133,q8,0,0.10319187894988477
qwen_mbpp,development,Mbpp/135,q8,1,0.28775275863229216
qwen_mbpp,development,Mbpp/137,q8,1,0.6892099667770214
qwen_mbpp,development,Mbpp/138,q8,1,0.3430194549044323
qwen_mbpp,development,Mbpp/139,q8,0,0.11056891811360395
qwen_mbpp,development,Mbpp/14,q8,1,0.4180015385764668
qwen_mbpp,development,Mbpp/140,q8,0,0.6632071054233725
qwen_mbpp,development,Mbpp/141,q8,1,0.9075808779478896
qwen_mbpp,development,Mbpp/142,q8,1,0.18720247051269606
qwen_mbpp,development,Mbpp/145,q8,1,0.732330699264834
qwen_mbpp,development,Mbpp/16,q8,1,0.5068236653940311
qwen_mbpp,development,Mbpp/160,q8,1,0.4006362437149737
qwen_mbpp,development,Mbpp/161,q8,0,0.42021947055614567
qwen_mbpp,development,Mbpp/162,q8,0,0.25915376110778554
qwen_mbpp,development,Mbpp/165,q8,0,0.8686572820345289
qwen_mbpp,development,Mbpp/166,q8,0,0.22896851164013685
qwen_mbpp,development,Mbpp/167,q8,0,0.8433921524950619
qwen_mbpp,development,Mbpp/168,q8,0,0.1956435581982528
qwen_mbpp,development,Mbpp/17,q8,0,0.0905067162413399
qwen_mbpp,development,Mbpp/170,q8,0,0.14477941227952876
qwen_mbpp,development,Mbpp/171,q8,0,0.12583190365505587
qwen_mbpp,development,Mbpp/172,q8,0,0.10113184515117817
qwen_mbpp,development,Mbpp/18,q8,0,0.19088441531306372
qwen_mbpp,development,Mbpp/19,q8,0,0.2657787050415508
qwen_mbpp,development,Mbpp/2,q8,0,0.09169966566780798
qwen_mbpp,development,Mbpp/20,q8,1,0.8197463794228584
qwen_mbpp,development,Mbpp/222,q8,0,0.30068264526134514
qwen_mbpp,development,Mbpp/223,q8,1,0.20543359748924034
qwen_mbpp,development,Mbpp/224,q8,0,0.13017064222515415
qwen_mbpp,development,Mbpp/226,q8,0,0.2897302670658249
qwen_mbpp,development,Mbpp/227,q8,0,0.13119385496022878
qwen_mbpp,development,Mbpp/230,q8,0,0.17362948650434015
qwen_mbpp,development,Mbpp/232,q8,0,0.1871877905066895
qwen_mbpp,development,Mbpp/233,q8,1,0.2813583364533345
qwen_mbpp,development,Mbpp/234,q8,0,0.09186563103045432
qwen_mbpp,development,Mbpp/235,q8,1,0.9326982337645673
qwen_mbpp,development,Mbpp/237,q8,1,0.4204289175582277
qwen_mbpp,development,Mbpp/238,q8,0,0.15204457886080824
qwen_mbpp,development,Mbpp/239,q8,1,0.9769478548680451
qwen_mbpp,development,Mbpp/240,q8,0,0.16057417793449877
qwen_mbpp,development,Mbpp/242,q8,0,0.09178004356713297
qwen_mbpp,development,Mbpp/244,q8,1,0.31000587814139413
qwen_mbpp,development,Mbpp/245,q8,1,0.7875732190041131
qwen_mbpp,development,Mbpp/247,q8,1,0.9265882516131656
qwen_mbpp,development,Mbpp/250,q8,0,0.16800564456871614
qwen_mbpp,development,Mbpp/251,q8,1,0.11219562825194125
qwen_mbpp,development,Mbpp/252,q8,0,0.19509069981759647
qwen_mbpp,development,Mbpp/253,q8,0,0.229639904151861
qwen_mbpp,development,Mbpp/255,q8,1,0.14656819528632306
qwen_mbpp,development,Mbpp/256,q8,0,0.6489728497361572
qwen_mbpp,development,Mbpp/257,q8,0,0.11816405722688575
qwen_mbpp,development,Mbpp/259,q8,1,0.9099114493565239
qwen_mbpp,development,Mbpp/260,q8,1,0.4227100166819378
qwen_mbpp,development,Mbpp/261,q8,0,0.24340316164262696
qwen_mbpp,development,Mbpp/262,q8,0,0.1142475075590235
qwen_mbpp,development,Mbpp/264,q8,0,0.6703418959623948
qwen_mbpp,development,Mbpp/265,q8,0,0.2772511486392167
qwen_mbpp,development,Mbpp/266,q8,0,0.13283888652915637
qwen_mbpp,development,Mbpp/267,q8,1,0.12651017175130133
qwen_mbpp,development,Mbpp/268,q8,1,0.40359403573158187
qwen_mbpp,development,Mbpp/269,q8,0,0.12204112148386514
qwen_mbpp,development,Mbpp/270,q8,0,0.1616357998527688
qwen_mbpp,development,Mbpp/271,q8,0,0.22906184422072423
qwen_mbpp,development,Mbpp/272,q8,0,0.19142762612631037
qwen_mbpp,development,Mbpp/273,q8,0,0.11662867057211095
qwen_mbpp,development,Mbpp/274,q8,1,0.5754152646582946
qwen_mbpp,development,Mbpp/276,q8,0,0.08542991635705349
qwen_mbpp,development,Mbpp/277,q8,0,0.10868082560244789
qwen_mbpp,development,Mbpp/278,q8,1,0.4922352959795697
qwen_mbpp,development,Mbpp/279,q8,1,0.8570933488649292
qwen_mbpp,development,Mbpp/280,q8,0,0.1787255838508122
qwen_mbpp,development,Mbpp/281,q8,0,0.09305860645034797
qwen_mbpp,development,Mbpp/282,q8,0,0.15263922977081432
qwen_mbpp,development,Mbpp/283,q8,1,0.9819593681407206
qwen_mbpp,development,Mbpp/284,q8,0,0.0987203497778392
qwen_mbpp,development,Mbpp/285,q8,0,0.47184776267182765
qwen_mbpp,development,Mbpp/286,q8,1,0.8389934749391438
qwen_mbpp,development,Mbpp/287,q8,1,0.11520416746444835
qwen_mbpp,development,Mbpp/290,q8,0,0.46113020007639705
qwen_mbpp,development,Mbpp/292,q8,0,0.1548025480607263
qwen_mbpp,development,Mbpp/293,q8,0,0.17527970481870175
qwen_mbpp,development,Mbpp/294,q8,1,0.7180066356017705
qwen_mbpp,development,Mbpp/296,q8,0,0.46804835207926815
qwen_mbpp,development,Mbpp/297,q8,0,0.13412825655936905
qwen_mbpp,development,Mbpp/299,q8,1,0.2912346430990679
qwen_mbpp,development,Mbpp/3,q8,0,0.3825129562402313
qwen_mbpp,development,Mbpp/300,q8,1,0.9289695834796603
qwen_mbpp,development,Mbpp/301,q8,1,0.3425522264555448
qwen_mbpp,development,Mbpp/305,q8,1,0.6050996676392165
qwen_mbpp,development,Mbpp/306,q8,1,0.9644971305461674
qwen_mbpp,development,Mbpp/308,q8,1,0.772221506542268
qwen_mbpp,development,Mbpp/309,q8,0,0.1750033972852555
qwen_mbpp,development,Mbpp/310,q8,1,0.0899643624737066
qwen_mbpp,development,Mbpp/311,q8,1,0.8357088537993571
qwen_mbpp,development,Mbpp/312,q8,0,0.18781099357080358
qwen_mbpp,development,Mbpp/388,q8,1,0.8879616181731776
qwen_mbpp,development,Mbpp/389,q8,0,0.10078883002736608
qwen_mbpp,development,Mbpp/390,q8,0,0.1937411922204993
qwen_mbpp,development,Mbpp/391,q8,1,0.8640566292261322
qwen_mbpp,development,Mbpp/392,q8,1,0.9097623336197437
qwen_mbpp,development,Mbpp/394,q8,0,0.12484011658376268
qwen_mbpp,development,Mbpp/395,q8,0,0.11930930593758267
qwen_mbpp,development,Mbpp/397,q8,0,0.2737007964908991
qwen_mbpp,development,Mbpp/398,q8,1,0.21460717949811076
qwen_mbpp,development,Mbpp/4,q8,1,0.8918887560731232
qwen_mbpp,development,Mbpp/404,q8,0,0.17711183537925196
qwen_mbpp,development,Mbpp/405,q8,0,0.12652680746838532
qwen_mbpp,development,Mbpp/406,q8,0,0.24970780223726657
qwen_mbpp,development,Mbpp/409,q8,0,0.6129776732273235
qwen_mbpp,development,Mbpp/410,q8,1,0.5444395365396388
qwen_mbpp,development,Mbpp/412,q8,0,0.1393229279289549
qwen_mbpp,development,Mbpp/413,q8,0,0.2422789010422286
qwen_mbpp,development,Mbpp/414,q8,0,0.18897549202699565
qwen_mbpp,development,Mbpp/415,q8,1,0.7639644567990798
qwen_mbpp,development,Mbpp/418,q8,0,0.28066024484304125
qwen_mbpp,development,Mbpp/419,q8,0,0.1857847733207705
qwen_mbpp,development,Mbpp/420,q8,0,0.3078931211834671
qwen_mbpp,development,Mbpp/421,q8,1,0.7167643149295785
qwen_mbpp,development,Mbpp/422,q8,0,0.15934645782482307
qwen_mbpp,development,Mbpp/424,q8,0,0.12872423419667153
qwen_mbpp,development,Mbpp/425,q8,0,0.1499755621054913
qwen_mbpp,development,Mbpp/426,q8,0,0.10141499426153792
qwen_mbpp,development,Mbpp/427,q8,1,0.8564859115728496
qwen_mbpp,development,Mbpp/428,q8,0,0.12267545176954098
qwen_mbpp,development,Mbpp/429,q8,1,0.3261220204021033
qwen_mbpp,development,Mbpp/430,q8,1,0.8759147019075615
qwen_mbpp,development,Mbpp/432,q8,0,0.3913309767615646
qwen_mbpp,development,Mbpp/433,q8,0,0.5620505443214044
qwen_mbpp,development,Mbpp/435,q8,1,0.148029458988405
qwen_mbpp,development,Mbpp/436,q8,0,0.13080439591129428
qwen_mbpp,development,Mbpp/437,q8,1,0.7667647552516671
qwen_mbpp,development,Mbpp/439,q8,0,0.19535451784911986
qwen_mbpp,development,Mbpp/440,q8,1,0.7295253845680272
qwen_mbpp,development,Mbpp/441,q8,0,0.16232990684256945
qwen_mbpp,development,Mbpp/445,q8,1,0.699885166400879
qwen_mbpp,development,Mbpp/446,q8,0,0.7894429795682881
qwen_mbpp,development,Mbpp/447,q8,0,0.18735639868478407
qwen_mbpp,development,Mbpp/448,q8,1,0.7759548933232191
qwen_mbpp,development,Mbpp/450,q8,0,0.41443493325180736
qwen_mbpp,development,Mbpp/451,q8,0,0.16768647827487568
qwen_mbpp,development,Mbpp/453,q8,0,0.3063826368538094
qwen_mbpp,development,Mbpp/454,q8,1,0.23885096950603418
qwen_mbpp,development,Mbpp/455,q8,0,0.14396788549896217
qwen_mbpp,development,Mbpp/456,q8,0,0.1636806664552797
qwen_mbpp,development,Mbpp/457,q8,0,0.2639814717845198
qwen_mbpp,development,Mbpp/458,q8,0,0.09141393048501992
qwen_mbpp,development,Mbpp/459,q8,0,0.20204570229831406
qwen_mbpp,development,Mbpp/460,q8,0,0.1880720098998825
qwen_mbpp,development,Mbpp/462,q8,1,0.91082951494068
qwen_mbpp,development,Mbpp/463,q8,0,0.1612727065438836
qwen_mbpp,development,Mbpp/465,q8,0,0.12437511110171777
qwen_mbpp,development,Mbpp/468,q8,1,0.9847047061952932
qwen_mbpp,development,Mbpp/470,q8,0,0.3194780109389754
qwen_mbpp,development,Mbpp/471,q8,0,0.12916158222411395
qwen_mbpp,development,Mbpp/472,q8,0,0.22464179557997319
qwen_mbpp,development,Mbpp/473,q8,1,0.48409131419878193
qwen_mbpp,development,Mbpp/474,q8,0,0.13670723618158032
qwen_mbpp,development,Mbpp/475,q8,0,0.20803143147581782
qwen_mbpp,development,Mbpp/476,q8,0,0.1459755185389107
qwen_mbpp,development,Mbpp/477,q8,0,0.10961514709690015
qwen_mbpp,development,Mbpp/478,q8,0,0.1711072341466264
qwen_mbpp,development,Mbpp/479,q8,0,0.16792532471803423
qwen_mbpp,development,Mbpp/554,q8,0,0.14182639190680638
qwen_mbpp,development,Mbpp/555,q8,1,0.8864029594315784
qwen_mbpp,development,Mbpp/556,q8,0,0.14709569772845474
qwen_mbpp,development,Mbpp/557,q8,0,0.25550194841168006
qwen_mbpp,development,Mbpp/558,q8,0,0.33970023108109715
qwen_mbpp,development,Mbpp/559,q8,1,0.3858771132947517
qwen_mbpp,development,Mbpp/56,q8,0,0.6238961977240332
qwen_mbpp,development,Mbpp/560,q8,1,0.4513587695150611
qwen_mbpp,development,Mbpp/562,q8,0,0.2467495430536976
qwen_mbpp,development,Mbpp/563,q8,1,0.5579712666939807
qwen_mbpp,development,Mbpp/564,q8,0,0.16229690297991423
qwen_mbpp,development,Mbpp/565,q8,0,0.13220632121619955
qwen_mbpp,development,Mbpp/566,q8,0,0.12965302979413434
qwen_mbpp,development,Mbpp/567,q8,0,0.3552119280858243
qwen_mbpp,development,Mbpp/568,q8,0,0.1187478005759888
qwen_mbpp,development,Mbpp/569,q8,0,0.321188135489573
qwen_mbpp,development,Mbpp/57,q8,0,0.24712323738172914
qwen_mbpp,development,Mbpp/572,q8,1,0.7716471062093394
qwen_mbpp,development,Mbpp/573,q8,1,0.9863184909657015
qwen_mbpp,development,Mbpp/576,q8,1,0.8705622746912353
qwen_mbpp,development,Mbpp/577,q8,1,0.3135634489217651
qwen_mbpp,development,Mbpp/578,q8,0,0.16841548982363067
qwen_mbpp,development,Mbpp/579,q8,0,0.2551571726212643
qwen_mbpp,development,Mbpp/58,q8,0,0.2623831305878944
qwen_mbpp,development,Mbpp/580,q8,1,0.9401870816868343
qwen_mbpp,development,Mbpp/581,q8,0,0.8031285541427395
qwen_mbpp,development,Mbpp/583,q8,0,0.8319220997506112
qwen_mbpp,development,Mbpp/585,q8,0,0.1429481260315715
qwen_mbpp,development,Mbpp/586,q8,0,0.15196037864519468
qwen_mbpp,development,Mbpp/587,q8,0,0.09514784818327929
qwen_mbpp,development,Mbpp/588,q8,0,0.11769143984508727
qwen_mbpp,development,Mbpp/589,q8,1,0.48272479262574597
qwen_mbpp,development,Mbpp/59,q8,1,0.9588473683235337
qwen_mbpp,development,Mbpp/590,q8,1,0.4683472798206842
qwen_mbpp,development,Mbpp/591,q8,0,0.16836487520722693
qwen_mbpp,development,Mbpp/592,q8,0,0.8209941242388604
qwen_mbpp,development,Mbpp/593,q8,1,0.37218010618545994
qwen_mbpp,development,Mbpp/594,q8,0,0.24774175828038522
qwen_mbpp,development,Mbpp/596,q8,0,0.143630951262089
qwen_mbpp,development,Mbpp/597,q8,1,0.5946947176914994
qwen_mbpp,development,Mbpp/598,q8,1,0.41478331103829796
qwen_mbpp,development,Mbpp/599,q8,1,0.750750534046027
qwen_mbpp,development,Mbpp/6,q8,1,0.246064384962659
qwen_mbpp,development,Mbpp/600,q8,0,0.13302402428586105
qwen_mbpp,development,Mbpp/602,q8,0,0.08996952596154004
qwen_mbpp,development,Mbpp/603,q8,1,0.8239020622987596
qwen_mbpp,development,Mbpp/604,q8,0,0.17807165189575733
qwen_mbpp,development,Mbpp/605,q8,0,0.14541687407380752
qwen_mbpp,development,Mbpp/606,q8,0,0.20040574486326007
qwen_mbpp,development,Mbpp/607,q8,0,0.09978103611059287
qwen_mbpp,development,Mbpp/608,q8,1,0.9063103041095388
qwen_mbpp,development,Mbpp/61,q8,0,0.20705737751423783
qwen_mbpp,development,Mbpp/610,q8,1,0.07233242134016377
qwen_mbpp,development,Mbpp/611,q8,0,0.10283284518744369
qwen_mbpp,development,Mbpp/612,q8,1,0.7015992536172566
qwen_mbpp,development,Mbpp/614,q8,0,0.32316945952623455
qwen_mbpp,development,Mbpp/615,q8,1,0.2713697651229213
qwen_mbpp,development,Mbpp/616,q8,0,0.12821014279951765
qwen_mbpp,development,Mbpp/618,q8,0,0.17136772635712105
qwen_mbpp,development,Mbpp/619,q8,0,0.8800118843463745
qwen_mbpp,development,Mbpp/62,q8,0,0.1445912934836053
qwen_mbpp,development,Mbpp/620,q8,1,0.6753988603695451
qwen_mbpp,development,Mbpp/622,q8,1,0.25858169916417395
qwen_mbpp,development,Mbpp/623,q8,0,0.1499436832227324
qwen_mbpp,development,Mbpp/624,q8,0,0.26958216091555326
qwen_mbpp,development,Mbpp/626,q8,1,0.37032909926473095
qwen_mbpp,development,Mbpp/628,q8,0,0.1587571219466159
qwen_mbpp,development,Mbpp/629,q8,0,0.1262655185403017
qwen_mbpp,development,Mbpp/63,q8,1,0.4814643331928356
qwen_mbpp,development,Mbpp/630,q8,1,0.19613428195545007
qwen_mbpp,development,Mbpp/631,q8,1,0.21243533045803198
qwen_mbpp,development,Mbpp/632,q8,0,0.5319953840106609
qwen_mbpp,development,Mbpp/633,q8,0,0.23027978159959864
qwen_mbpp,development,Mbpp/635,q8,0,0.3933904512106993
qwen_mbpp,development,Mbpp/637,q8,0,0.17215488500683743
qwen_mbpp,development,Mbpp/638,q8,0,0.4626762517527757
qwen_mbpp,development,Mbpp/639,q8,1,0.9202324955513335
qwen_mbpp,development,Mbpp/64,q8,0,0.7082415584152452
qwen_mbpp,development,Mbpp/641,q8,1,0.9572723140459019
qwen_mbpp,development,Mbpp/643,q8,0,0.4907881653955658
qwen_mbpp,development,Mbpp/644,q8,0,0.31893672977572063
qwen_mbpp,development,Mbpp/65,q8,0,0.3764583351705117
qwen_mbpp,development,Mbpp/66,q8,0,0.12813185707137292
qwen_mbpp,development,Mbpp/67,q8,1,0.9416003368696335
qwen_mbpp,development,Mbpp/68,q8,0,0.3425951533014502
qwen_mbpp,development,Mbpp/69,q8,1,0.2886454360475697
qwen_mbpp,development,Mbpp/7,q8,1,0.28043351635490577
qwen_mbpp,development,Mbpp/70,q8,0,0.6166701002046041
qwen_mbpp,development,Mbpp/71,q8,0,0.9485386882261423
qwen_mbpp,development,Mbpp/72,q8,1,0.8489023188793345
qwen_mbpp,development,Mbpp/720,q8,0,0.22691159000611777
qwen_mbpp,development,Mbpp/721,q8,1,0.7809066667839757
qwen_mbpp,development,Mbpp/722,q8,1,0.9340292860693598
qwen_mbpp,development,Mbpp/723,q8,0,0.18846467051227128
qwen_mbpp,development,Mbpp/724,q8,0,0.28990522446005307
qwen_mbpp,development,Mbpp/725,q8,1,0.4749469829560716
qwen_mbpp,development,Mbpp/726,q8,0,0.2439029984583568
qwen_mbpp,development,Mbpp/728,q8,0,0.19675358458992234
qwen_mbpp,development,Mbpp/730,q8,0,0.26304533042647543
qwen_mbpp,development,Mbpp/731,q8,1,0.1680612601046678
qwen_mbpp,development,Mbpp/732,q8,0,0.25579767724112784
qwen_mbpp,development,Mbpp/733,q8,0,0.17967958821791793
qwen_mbpp,development,Mbpp/734,q8,1,0.5726911713493491
qwen_mbpp,development,Mbpp/735,q8,1,0.940109466946265
qwen_mbpp,development,Mbpp/736,q8,0,0.5275678422292769
qwen_mbpp,development,Mbpp/737,q8,0,0.40037812845485793
qwen_mbpp,development,Mbpp/739,q8,1,0.9868416885336592
qwen_mbpp,development,Mbpp/74,q8,1,0.4682676306655275
qwen_mbpp,development,Mbpp/740,q8,0,0.30901337259330874
qwen_mbpp,development,Mbpp/741,q8,0,0.19230057079041432
qwen_mbpp,development,Mbpp/742,q8,1,0.495560200956207
qwen_mbpp,development,Mbpp/743,q8,0,0.1773544252488271
qwen_mbpp,development,Mbpp/744,q8,0,0.572794491025106
qwen_mbpp,development,Mbpp/745,q8,0,0.25819939001648623
qwen_mbpp,development,Mbpp/748,q8,1,0.42803047760583024
qwen_mbpp,development,Mbpp/749,q8,1,0.6149253366167052
qwen_mbpp,development,Mbpp/75,q8,0,0.14171661299775487
qwen_mbpp,development,Mbpp/750,q8,0,0.8870641522234987
qwen_mbpp,development,Mbpp/751,q8,1,0.7647407873053489
qwen_mbpp,development,Mbpp/752,q8,1,0.19065500077596378
qwen_mbpp,development,Mbpp/753,q8,0,0.3710399425873529
qwen_mbpp,development,Mbpp/754,q8,1,0.7615861935504101
qwen_mbpp,development,Mbpp/755,q8,1,0.7049271698659167
qwen_mbpp,development,Mbpp/757,q8,0,0.17158488937822022
qwen_mbpp,development,Mbpp/758,q8,0,0.38257306142159325
qwen_mbpp,development,Mbpp/759,q8,1,0.5483452572637016
qwen_mbpp,development,Mbpp/760,q8,0,0.18080866920174474
qwen_mbpp,development,Mbpp/762,q8,0,0.20084600241098527
qwen_mbpp,development,Mbpp/763,q8,1,0.7216963785496696
qwen_mbpp,development,Mbpp/764,q8,0,0.2982318584652365
qwen_mbpp,development,Mbpp/765,q8,1,0.9487433514398222
qwen_mbpp,development,Mbpp/766,q8,0,0.1463190122672882
qwen_mbpp,development,Mbpp/767,q8,0,0.15652451556567654
qwen_mbpp,development,Mbpp/769,q8,1,0.17041093239510668
qwen_mbpp,development,Mbpp/77,q8,1,0.6957540977472461
qwen_mbpp,development,Mbpp/770,q8,0,0.49590125199281776
qwen_mbpp,development,Mbpp/771,q8,1,0.916078342151003
qwen_mbpp,development,Mbpp/772,q8,0,0.1359808013804909
qwen_mbpp,development,Mbpp/773,q8,1,0.9388671823397539
qwen_mbpp,development,Mbpp/775,q8,0,0.4611192600258359
qwen_mbpp,development,Mbpp/777,q8,0,0.6598468052137995
qwen_mbpp,development,Mbpp/778,q8,1,0.9033679559030702
qwen_mbpp,development,Mbpp/780,q8,1,0.9254156246103749
qwen_mbpp,development,Mbpp/781,q8,1,0.19696421261179897
qwen_mbpp,development,Mbpp/782,q8,0,0.30535029157243454
qwen_mbpp,development,Mbpp/784,q8,1,0.9447395297554554
qwen_mbpp,development,Mbpp/785,q8,1,0.6874894189341241
qwen_mbpp,development,Mbpp/786,q8,1,0.20220621451077325
qwen_mbpp,development,Mbpp/787,q8,1,0.6688321418180412
qwen_mbpp,development,Mbpp/788,q8,0,0.7865360404189381
qwen_mbpp,development,Mbpp/79,q8,0,0.07951144054820222
qwen_mbpp,development,Mbpp/790,q8,1,0.9512466937068702
qwen_mbpp,development,Mbpp/791,q8,0,0.522578068889902
qwen_mbpp,development,Mbpp/792,q8,1,0.116073639459872
qwen_mbpp,development,Mbpp/793,q8,0,0.3296901477597748
qwen_mbpp,development,Mbpp/794,q8,1,0.8609145793174886
qwen_mbpp,development,Mbpp/796,q8,0,0.22733076447198922
qwen_mbpp,development,Mbpp/797,q8,0,0.09847781311155178
qwen_mbpp,development,Mbpp/798,q8,0,0.10914908236298468
qwen_mbpp,development,Mbpp/799,q8,0,0.18404966390316305
qwen_mbpp,development,Mbpp/8,q8,0,0.17982647739999008
qwen_mbpp,development,Mbpp/80,q8,0,0.11133684768588874
qwen_mbpp,development,Mbpp/800,q8,0,0.1726589763508252
qwen_mbpp,development,Mbpp/801,q8,1,0.594970747136373
qwen_mbpp,development,Mbpp/803,q8,1,0.29139513667288763
qwen_mbpp,development,Mbpp/804,q8,1,0.7219734686809103
qwen_mbpp,development,Mbpp/805,q8,0,0.2526842796613228
qwen_mbpp,development,Mbpp/806,q8,1,0.13776436043670945
qwen_mbpp,development,Mbpp/807,q8,0,0.18872656371620575
qwen_mbpp,development,Mbpp/808,q8,0,0.6035238254371967
qwen_mbpp,development,Mbpp/809,q8,1,0.1214122627823443
qwen_mbpp,development,Mbpp/82,q8,0,0.17036101551233523
qwen_mbpp,development,Mbpp/84,q8,1,0.5028873820607178
qwen_mbpp,development,Mbpp/85,q8,0,0.12200687170063093
qwen_mbpp,development,Mbpp/86,q8,0,0.3117084049052183
qwen_mbpp,development,Mbpp/87,q8,0,0.09504333602131222
qwen_mbpp,development,Mbpp/88,q8,0,0.34881305311460736
qwen_mbpp,development,Mbpp/89,q8,0,0.14365997743154213
qwen_mbpp,development,Mbpp/9,q8,1,0.9597870548418435
qwen_mbpp,development,Mbpp/90,q8,0,0.14223204599664305
qwen_mbpp,development,Mbpp/91,q8,1,0.33159215217856386
qwen_mbpp,development,Mbpp/92,q8,1,0.9544480324751549
qwen_mbpp,development,Mbpp/93,q8,0,0.09217780838892893
qwen_mbpp,development,Mbpp/94,q8,0,0.8523996853791406
qwen_mbpp,development,Mbpp/95,q8,0,0.1694012816076293
qwen_mbpp,development,Mbpp/96,q8,0,0.08887935560246617
qwen_mbpp,development,Mbpp/97,q8,0,0.30175700829717733
qwen_mbpp,development,Mbpp/98,q8,0,0.42856675944103967
qwen_mbpp,development,Mbpp/99,q8,1,0.4639523521728816
deepseek_humaneval,development,HumanEval/0,q4,0,0.15584620664807947
deepseek_humaneval,development,HumanEval/1,q4,1,0.6291967386255739
deepseek_humaneval,development,HumanEval/10,q4,0,0.257395440151131
deepseek_humaneval,development,HumanEval/100,q4,1,0.5561698231633216
deepseek_humaneval,development,HumanEval/101,q4,1,0.42794833687414374
deepseek_humaneval,development,HumanEval/102,q4,1,0.9168160173311927
deepseek_humaneval,development,HumanEval/103,q4,0,0.26972171586571114
deepseek_humaneval,development,HumanEval/104,q4,0,0.23764865799414822
deepseek_humaneval,development,HumanEval/105,q4,1,0.7053058549503257
deepseek_humaneval,development,HumanEval/106,q4,0,0.355968292667434
deepseek_humaneval,development,HumanEval/107,q4,0,0.23354603816782857
deepseek_humaneval,development,HumanEval/108,q4,1,0.7652962434549144
deepseek_humaneval,development,HumanEval/109,q4,0,0.5155657266520631
deepseek_humaneval,development,HumanEval/11,q4,0,0.5750778610231659
deepseek_humaneval,development,HumanEval/110,q4,1,0.6771368315071471
deepseek_humaneval,development,HumanEval/111,q4,0,0.2917284494654263
deepseek_humaneval,development,HumanEval/112,q4,0,0.22797641012749983
deepseek_humaneval,development,HumanEval/113,q4,1,0.21978860078842005
deepseek_humaneval,development,HumanEval/114,q4,0,0.6284248609325941
deepseek_humaneval,development,HumanEval/115,q4,1,0.9484901147716356
deepseek_humaneval,development,HumanEval/116,q4,0,0.4149978207174606
deepseek_humaneval,development,HumanEval/117,q4,0,0.3141146432654992
deepseek_humaneval,development,HumanEval/118,q4,1,0.2824894166637536
deepseek_humaneval,development,HumanEval/119,q4,1,0.2775258457949087
deepseek_humaneval,development,HumanEval/12,q4,0,0.04229053432122457
deepseek_humaneval,development,HumanEval/120,q4,1,0.8923041025504329
deepseek_humaneval,development,HumanEval/121,q4,0,0.33999334353652955
deepseek_humaneval,development,HumanEval/122,q4,1,0.7210857448170094
deepseek_humaneval,development,HumanEval/123,q4,0,0.7806538483298242
deepseek_humaneval,development,HumanEval/124,q4,1,0.37952637139925616
deepseek_humaneval,development,HumanEval/125,q4,0,0.3107541088824739
deepseek_humaneval,development,HumanEval/126,q4,1,0.32486143600775136
deepseek_humaneval,development,HumanEval/127,q4,1,0.32414456258547925
deepseek_humaneval,development,HumanEval/128,q4,1,0.8442041931819759
deepseek_humaneval,development,HumanEval/129,q4,1,0.8606955426015166
deepseek_humaneval,development,HumanEval/13,q4,0,0.1610938885828693
deepseek_humaneval,development,HumanEval/130,q4,1,0.988247029312261
deepseek_humaneval,development,HumanEval/131,q4,1,0.1396025169870939
deepseek_humaneval,development,HumanEval/132,q4,1,0.2316440341925944
deepseek_humaneval,development,HumanEval/133,q4,0,0.2477670061931056
deepseek_humaneval,development,HumanEval/134,q4,1,0.45824724317255494
deepseek_humaneval,development,HumanEval/135,q4,1,0.20287857694800696
deepseek_humaneval,development,HumanEval/136,q4,0,0.24393885091178716
deepseek_humaneval,development,HumanEval/137,q4,1,0.6583908216930544
deepseek_humaneval,development,HumanEval/138,q4,1,0.7272944881925225
deepseek_humaneval,development,HumanEval/139,q4,1,0.892968226399055
deepseek_humaneval,development,HumanEval/14,q4,0,0.2582092229228034
deepseek_humaneval,development,HumanEval/140,q4,1,0.21865672718855333
deepseek_humaneval,development,HumanEval/141,q4,1,0.49650877279056005
deepseek_humaneval,development,HumanEval/142,q4,1,0.5145715776237652
deepseek_humaneval,development,HumanEval/143,q4,0,0.3577837293897499
deepseek_humaneval,development,HumanEval/144,q4,1,0.7400702529354926
deepseek_humaneval,development,HumanEval/145,q4,1,0.9052310043279986
deepseek_humaneval,development,HumanEval/146,q4,0,0.32777486461242733
deepseek_humaneval,development,HumanEval/147,q4,0,0.09503295028960837
deepseek_humaneval,development,HumanEval/148,q4,1,0.3411829722032636
deepseek_humaneval,development,HumanEval/149,q4,0,0.28462429623025526
deepseek_humaneval,development,HumanEval/15,q4,0,0.0986545131493407
deepseek_humaneval,development,HumanEval/150,q4,0,0.22369031574282117
deepseek_humaneval,development,HumanEval/151,q4,0,0.3975054928580909
deepseek_humaneval,development,HumanEval/152,q4,0,0.10999969236587641
deepseek_humaneval,development,HumanEval/153,q4,1,0.21832986191496082
deepseek_humaneval,development,HumanEval/154,q4,1,0.6685942436608732
deepseek_humaneval,development,HumanEval/155,q4,0,0.2506832805436815
deepseek_humaneval,development,HumanEval/156,q4,0,0.27605047033217844
deepseek_humaneval,development,HumanEval/157,q4,1,0.9706770577685401
deepseek_humaneval,development,HumanEval/158,q4,1,0.33775716861509225
deepseek_humaneval,development,HumanEval/159,q4,0,0.06467940563613049
deepseek_humaneval,development,HumanEval/16,q4,0,0.06202669577751513
deepseek_humaneval,development,HumanEval/160,q4,0,0.6790234269990579
deepseek_humaneval,development,HumanEval/161,q4,0,0.39761653046965134
deepseek_humaneval,development,HumanEval/162,q4,0,0.30820317090791793
deepseek_humaneval,development,HumanEval/163,q4,1,0.2700654036866733
deepseek_humaneval,development,HumanEval/17,q4,0,0.5878414227715866
deepseek_humaneval,development,HumanEval/18,q4,0,0.15180261642256357
deepseek_humaneval,development,HumanEval/19,q4,0,0.4920041339160167
deepseek_humaneval,development,HumanEval/2,q4,0,0.23767248909748181
deepseek_humaneval,development,HumanEval/20,q4,0,0.6138696972659295
deepseek_humaneval,development,HumanEval/21,q4,0,0.32203531074128355
deepseek_humaneval,development,HumanEval/22,q4,1,0.23478447519148887
deepseek_humaneval,development,HumanEval/23,q4,0,0.138504126803778
deepseek_humaneval,development,HumanEval/24,q4,0,0.05694362908182127
deepseek_humaneval,development,HumanEval/25,q4,1,0.9570299621331495
deepseek_humaneval,development,HumanEval/26,q4,0,0.5453404120591803
deepseek_humaneval,development,HumanEval/27,q4,0,0.15607566290708152
deepseek_humaneval,development,HumanEval/28,q4,0,0.07008083933999257
deepseek_humaneval,development,HumanEval/29,q4,0,0.10463492979276474
deepseek_humaneval,development,HumanEval/3,q4,0,0.06813986043347693
deepseek_humaneval,development,HumanEval/30,q4,0,0.13763261961335171
deepseek_humaneval,development,HumanEval/31,q4,0,0.22244795784621935
deepseek_humaneval,development,HumanEval/32,q4,1,0.9722569579049447
deepseek_humaneval,development,HumanEval/33,q4,0,0.7151450844502065
deepseek_humaneval,development,HumanEval/34,q4,0,0.15367951726539883
deepseek_humaneval,development,HumanEval/35,q4,0,0.18802268603481048
deepseek_humaneval,development,HumanEval/36,q4,0,0.28253126378218857
deepseek_humaneval,development,HumanEval/37,q4,1,0.8561598921067992
deepseek_humaneval,development,HumanEval/38,q4,1,0.3992561075412956
deepseek_humaneval,development,HumanEval/39,q4,1,0.9466603987057042
deepseek_humaneval,development,HumanEval/4,q4,1,0.5706777360745463
deepseek_humaneval,development,HumanEval/40,q4,0,0.3979608726755993
deepseek_humaneval,development,HumanEval/41,q4,1,0.6198116118878648
deepseek_humaneval,development,HumanEval/42,q4,0,0.16458781609216894
deepseek_humaneval,development,HumanEval/43,q4,0,0.23271137048540202
deepseek_humaneval,development,HumanEval/44,q4,0,0.4302419580580116
deepseek_humaneval,development,HumanEval/45,q4,0,0.05232199947679198
deepseek_humaneval,development,HumanEval/46,q4,0,0.397511790916368
deepseek_humaneval,development,HumanEval/47,q4,0,0.2940298391712045
deepseek_humaneval,development,HumanEval/48,q4,0,0.0661024658931412
deepseek_humaneval,development,HumanEval/49,q4,0,0.24816512316027603
deepseek_humaneval,development,HumanEval/5,q4,0,0.36925087551609204
deepseek_humaneval,development,HumanEval/50,q4,0,0.15261346235594567
deepseek_humaneval,development,HumanEval/51,q4,0,0.24108693107335039
deepseek_humaneval,development,HumanEval/52,q4,0,0.1475712657320943
deepseek_humaneval,development,HumanEval/53,q4,0,0.10157064139139145
deepseek_humaneval,development,HumanEval/54,q4,1,0.198688019428072
deepseek_humaneval,development,HumanEval/55,q4,0,0.2596502047171865
deepseek_humaneval,development,HumanEval/56,q4,0,0.2400597119234408
deepseek_humaneval,development,HumanEval/57,q4,1,0.42208599152970694
deepseek_humaneval,development,HumanEval/58,q4,0,0.25221042500508783
deepseek_humaneval,development,HumanEval/59,q4,0,0.9093855103466698
deepseek_humaneval,development,HumanEval/6,q4,1,0.7916020210621981
deepseek_humaneval,development,HumanEval/60,q4,0,0.24698423422596721
deepseek_humaneval,development,HumanEval/61,q4,0,0.2331534773880108
deepseek_humaneval,development,HumanEval/62,q4,0,0.2511205716071331
deepseek_humaneval,development,HumanEval/63,q4,0,0.25583129053308407
deepseek_humaneval,development,HumanEval/64,q4,1,0.7535688543367038
deepseek_humaneval,development,HumanEval/65,q4,1,0.26674691217812485
deepseek_humaneval,development,HumanEval/66,q4,0,0.17671423230402267
deepseek_humaneval,development,HumanEval/67,q4,1,0.9515947836644558
deepseek_humaneval,development,HumanEval/68,q4,0,0.2791552119355505
deepseek_humaneval,development,HumanEval/69,q4,1,0.19868368237250775
deepseek_humaneval,development,HumanEval/7,q4,0,0.06033973993419324
deepseek_humaneval,development,HumanEval/70,q4,0,0.2931086706343794
deepseek_humaneval,development,HumanEval/71,q4,0,0.2206474160250862
deepseek_humaneval,development,HumanEval/72,q4,0,0.24286591333573826
deepseek_humaneval,development,HumanEval/73,q4,0,0.34494134994639397
deepseek_humaneval,development,HumanEval/74,q4,0,0.26218695509224305
deepseek_humaneval,development,HumanEval/75,q4,1,0.2906258731757959
deepseek_humaneval,development,HumanEval/76,q4,1,0.2783603049647013
deepseek_humaneval,development,HumanEval/77,q4,1,0.5941753553152409
deepseek_humaneval,development,HumanEval/78,q4,0,0.9602674257989362
deepseek_humaneval,development,HumanEval/79,q4,0,0.2854587157520472
deepseek_humaneval,development,HumanEval/8,q4,0,0.3261689572835994
deepseek_humaneval,development,HumanEval/80,q4,1,0.0924109702623791
deepseek_humaneval,development,HumanEval/81,q4,0,0.08548413320932524
deepseek_humaneval,development,HumanEval/82,q4,0,0.24574891792866288
deepseek_humaneval,development,HumanEval/83,q4,1,0.12741786408688716
deepseek_humaneval,development,HumanEval/84,q4,1,0.5560134568800307
deepseek_humaneval,development,HumanEval/85,q4,0,0.19002453175160797
deepseek_humaneval,development,HumanEval/86,q4,0,0.06423131431047269
deepseek_humaneval,development,HumanEval/87,q4,0,0.2430494037668796
deepseek_humaneval,development,HumanEval/88,q4,1,0.9466528301821133
deepseek_humaneval,development,HumanEval/89,q4,1,0.8224629660742824
deepseek_humaneval,development,HumanEval/9,q4,1,0.4255761897711722
deepseek_humaneval,development,HumanEval/90,q4,1,0.23662784145545449
deepseek_humaneval,development,HumanEval/91,q4,1,0.9708415886776282
deepseek_humaneval,development,HumanEval/92,q4,0,0.40260957530728836
deepseek_humaneval,development,HumanEval/93,q4,1,0.7878355646800514
deepseek_humaneval,development,HumanEval/94,q4,0,0.2446944257776527
deepseek_humaneval,development,HumanEval/95,q4,1,0.9818106747931553
deepseek_humaneval,development,HumanEval/96,q4,0,0.23234534733388004
deepseek_humaneval,development,HumanEval/97,q4,1,0.9386364255629454
deepseek_humaneval,development,HumanEval/98,q4,0,0.24283751268783757
deepseek_humaneval,development,HumanEval/99,q4,0,0.6791654401984084
deepseek_humaneval,development,HumanEval/0,q8,0,0.10598547163877318
deepseek_humaneval,development,HumanEval/1,q8,1,0.7032421404464919
deepseek_humaneval,development,HumanEval/10,q8,0,0.1466243119805326
deepseek_humaneval,development,HumanEval/100,q8,1,0.9519207601786868
deepseek_humaneval,development,HumanEval/101,q8,1,0.327251084509934
deepseek_humaneval,development,HumanEval/102,q8,0,0.4250333782724319
deepseek_humaneval,development,HumanEval/103,q8,0,0.18581267164481877
deepseek_humaneval,development,HumanEval/104,q8,0,0.2511718551036353
deepseek_humaneval,development,HumanEval/105,q8,1,0.5525313863719435
deepseek_humaneval,development,HumanEval/106,q8,0,0.3218523656378081
deepseek_humaneval,development,HumanEval/107,q8,0,0.2220447417352728
deepseek_humaneval,development,HumanEval/108,q8,1,0.5945940218259916
deepseek_humaneval,development,HumanEval/109,q8,0,0.6717481387449278
deepseek_humaneval,development,HumanEval/11,q8,1,0.7697572763062719
deepseek_humaneval,development,HumanEval/110,q8,0,0.40861559180899476
deepseek_humaneval,development,HumanEval/111,q8,1,0.5283226650348926
deepseek_humaneval,development,HumanEval/112,q8,0,0.15380939351885298
deepseek_humaneval,development,HumanEval/113,q8,1,0.2367498343933528
deepseek_humaneval,development,HumanEval/114,q8,0,0.6202365596073546
deepseek_humaneval,development,HumanEval/115,q8,1,0.9111495577733791
deepseek_humaneval,development,HumanEval/116,q8,0,0.18360248974451046
deepseek_humaneval,development,HumanEval/117,q8,0,0.24352240019307708
deepseek_humaneval,development,HumanEval/118,q8,1,0.23923980140065168
deepseek_humaneval,development,HumanEval/119,q8,1,0.1958598692522933
deepseek_humaneval,development,HumanEval/12,q8,0,0.08109653810290593
deepseek_humaneval,development,HumanEval/120,q8,1,0.40665701228223855
deepseek_humaneval,development,HumanEval/121,q8,0,0.2957348675634226
deepseek_humaneval,development,HumanEval/122,q8,1,0.8357195885179566
deepseek_humaneval,development,HumanEval/123,q8,0,0.4980956563246425
deepseek_humaneval,development,HumanEval/124,q8,1,0.5892748014289563
deepseek_humaneval,development,HumanEval/125,q8,0,0.14597271264903536
deepseek_humaneval,development,HumanEval/126,q8,1,0.2814159774752009
deepseek_humaneval,development,HumanEval/127,q8,1,0.36294202159291006
deepseek_humaneval,development,HumanEval/128,q8,1,0.32665662222516323
deepseek_humaneval,development,HumanEval/129,q8,1,0.9232066797773049
deepseek_humaneval,development,HumanEval/13,q8,0,0.13492804577752704
deepseek_humaneval,development,HumanEval/130,q8,1,0.9248545174990316
deepseek_humaneval,development,HumanEval/131,q8,1,0.3104431567916931
deepseek_humaneval,development,HumanEval/132,q8,1,0.2038802533147551
deepseek_humaneval,development,HumanEval/133,q8,0,0.2983849591765627
deepseek_humaneval,development,HumanEval/134,q8,1,0.37379907690481146
deepseek_humaneval,development,HumanEval/135,q8,1,0.4056504613188155
deepseek_humaneval,development,HumanEval/136,q8,0,0.18391593388856584
deepseek_humaneval,development,HumanEval/137,q8,1,0.8958998083391855
deepseek_humaneval,development,HumanEval/138,q8,1,0.2616455892352766
deepseek_humaneval,development,HumanEval/139,q8,1,0.8191999571579061
deepseek_humaneval,development,HumanEval/14,q8,0,0.29706249658265044
deepseek_humaneval,development,HumanEval/140,q8,1,0.12419054293097768
deepseek_humaneval,development,HumanEval/141,q8,1,0.3490825448077855
deepseek_humaneval,development,HumanEval/142,q8,1,0.6761577284669251
deepseek_humaneval,development,HumanEval/143,q8,0,0.20533261465925873
deepseek_humaneval,development,HumanEval/144,q8,1,0.8019998675847269
deepseek_humaneval,development,HumanEval/145,q8,1,0.8947050726338686
deepseek_humaneval,development,HumanEval/146,q8,0,0.08159461959883117
deepseek_humaneval,development,HumanEval/147,q8,0,0.07241032448315385
deepseek_humaneval,development,HumanEval/148,q8,1,0.4596454325857584
deepseek_humaneval,development,HumanEval/149,q8,0,0.2627386882364577
deepseek_humaneval,development,HumanEval/15,q8,0,0.10561035723931875
deepseek_humaneval,development,HumanEval/150,q8,0,0.24008057639506114
deepseek_humaneval,development,HumanEval/151,q8,1,0.2969887194752997
deepseek_humaneval,development,HumanEval/152,q8,0,0.06769760569776612
deepseek_humaneval,development,HumanEval/153,q8,1,0.22507751376426915
deepseek_humaneval,development,HumanEval/154,q8,1,0.7429972637488071
deepseek_humaneval,development,HumanEval/155,q8,0,0.14263360939405487
deepseek_humaneval,development,HumanEval/156,q8,0,0.26421066472397914
deepseek_humaneval,development,HumanEval/157,q8,0,0.30117426072862685
deepseek_humaneval,development,HumanEval/158,q8,1,0.24249394044607558
deepseek_humaneval,development,HumanEval/159,q8,0,0.19688419561270737
deepseek_humaneval,development,HumanEval/16,q8,0,0.03782923144135704
deepseek_humaneval,development,HumanEval/160,q8,0,0.35892577471790116
deepseek_humaneval,development,HumanEval/161,q8,1,0.28526672143197507
deepseek_humaneval,development,HumanEval/162,q8,0,0.34685201687767175
deepseek_humaneval,development,HumanEval/163,q8,1,0.7312788973064599
deepseek_humaneval,development,HumanEval/17,q8,0,0.22421883488531233
deepseek_humaneval,development,HumanEval/18,q8,0,0.16862669404669364
deepseek_humaneval,development,HumanEval/19,q8,0,0.3248910003300346
deepseek_humaneval,development,HumanEval/2,q8,0,0.07375734085853661
deepseek_humaneval,development,HumanEval/20,q8,0,0.5264685979618957
deepseek_humaneval,development,HumanEval/21,q8,0,0.30919664922207574
deepseek_humaneval,development,HumanEval/22,q8,1,0.09692849142734244
deepseek_humaneval,development,HumanEval/23,q8,0,0.09639834812852897
deepseek_humaneval,development,HumanEval/24,q8,0,0.07711853550887583
deepseek_humaneval,development,HumanEval/25,q8,0,0.6688410696935143
deepseek_humaneval,development,HumanEval/26,q8,1,0.765121797217269
deepseek_humaneval,development,HumanEval/27,q8,0,0.353560815458267
deepseek_humaneval,development,HumanEval/28,q8,0,0.04978405178861197
deepseek_humaneval,development,HumanEval/29,q8,0,0.046456134981277465
deepseek_humaneval,development,HumanEval/3,q8,0,0.056255577446279126
deepseek_humaneval,development,HumanEval/30,q8,0,0.1590658929045974
deepseek_humaneval,development,HumanEval/31,q8,0,0.22184067170194388
deepseek_humaneval,development,HumanEval/32,q8,1,0.9846406214373248
deepseek_humaneval,development,HumanEval/33,q8,0,0.6866258556191902
deepseek_humaneval,development,HumanEval/34,q8,0,0.19278258632309206
deepseek_humaneval,development,HumanEval/35,q8,0,0.19044694911255391
deepseek_humaneval,development,HumanEval/36,q8,0,0.20079236934225864
deepseek_humaneval,development,HumanEval/37,q8,0,0.6442971815661868
deepseek_humaneval,development,HumanEval/38,q8,0,0.18305131442640918
deepseek_humaneval,development,HumanEval/39,q8,1,0.9333244258778539
deepseek_humaneval,development,HumanEval/4,q8,0,0.22830640031550448
deepseek_humaneval,development,HumanEval/40,q8,0,0.5156583177550932
deepseek_humaneval,development,HumanEval/41,q8,1,0.9069791023428031
deepseek_humaneval,development,HumanEval/42,q8,0,0.17387329765417353
deepseek_humaneval,development,HumanEval/43,q8,0,0.34510042065419794
deepseek_humaneval,development,HumanEval/44,q8,0,0.4513932138716954
deepseek_humaneval,development,HumanEval/45,q8,0,0.06309511065538197
deepseek_humaneval,development,HumanEval/46,q8,0,0.39955333156628436
deepseek_humaneval,development,HumanEval/47,q8,0,0.33842114813481927
deepseek_humaneval,development,HumanEval/48,q8,0,0.07167271888808227
deepseek_humaneval,development,HumanEval/49,q8,0,0.22665020088496207
deepseek_humaneval,development,HumanEval/5,q8,0,0.34260514220625354
deepseek_humaneval,development,HumanEval/50,q8,0,0.11776567124892168
deepseek_humaneval,development,HumanEval/51,q8,1,0.9978536988492076
deepseek_humaneval,development,HumanEval/52,q8,0,0.07504565574307051
deepseek_humaneval,development,HumanEval/53,q8,0,0.04824616880941935
deepseek_humaneval,development,HumanEval/54,q8,1,0.060185926736345687
deepseek_humaneval,development,HumanEval/55,q8,0,0.8054019495914266
deepseek_humaneval,development,HumanEval/56,q8,0,0.20728440540836734
deepseek_humaneval,development,HumanEval/57,q8,0,0.3202685036352972
deepseek_humaneval,development,HumanEval/58,q8,0,0.3616340380716197
deepseek_humaneval,development,HumanEval/59,q8,0,0.8594571678032592
deepseek_humaneval,development,HumanEval/6,q8,1,0.7883078574994482
deepseek_humaneval,development,HumanEval/60,q8,0,0.15475653260007843
deepseek_humaneval,development,HumanEval/61,q8,0,0.2002343837694712
deepseek_humaneval,development,HumanEval/62,q8,0,0.3946427609986544
deepseek_humaneval,development,HumanEval/63,q8,0,0.1934507233449757
deepseek_humaneval,development,HumanEval/64,q8,1,0.9932515677778582
deepseek_humaneval,development,HumanEval/65,q8,1,0.2587505633647503
deepseek_humaneval,development,HumanEval/66,q8,0,0.31865617587213724
deepseek_humaneval,development,HumanEval/67,q8,1,0.8926711469451808
deepseek_humaneval,development,HumanEval/68,q8,1,0.5341498127123476
deepseek_humaneval,development,HumanEval/69,q8,1,0.2921342653919406
deepseek_humaneval,development,HumanEval/7,q8,0,0.0679902651809343
deepseek_humaneval,development,HumanEval/70,q8,0,0.29783107941996745
deepseek_humaneval,development,HumanEval/71,q8,0,0.2638887659726935
deepseek_humaneval,development,HumanEval/72,q8,0,0.20975323342368565
deepseek_humaneval,development,HumanEval/73,q8,0,0.24045040009453444
deepseek_humaneval,development,HumanEval/74,q8,0,0.22022030299745055
deepseek_humaneval,development,HumanEval/75,q8,1,0.6656175809782556
deepseek_humaneval,development,HumanEval/76,q8,1,0.8684489130340006
deepseek_humaneval,development,HumanEval/77,q8,1,0.8691191758354634
deepseek_humaneval,development,HumanEval/78,q8,1,0.9189559649179969
deepseek_humaneval,development,HumanEval/79,q8,0,0.31486171418912207
deepseek_humaneval,development,HumanEval/8,q8,0,0.26576355028265825
deepseek_humaneval,development,HumanEval/80,q8,0,0.41784530857327323
deepseek_humaneval,development,HumanEval/81,q8,0,0.05351334240592283
deepseek_humaneval,development,HumanEval/82,q8,0,0.18460955629769832
deepseek_humaneval,development,HumanEval/83,q8,1,0.4764870375080489
deepseek_humaneval,development,HumanEval/84,q8,1,0.7135528183901331
deepseek_humaneval,development,HumanEval/85,q8,0,0.2682707901462634
deepseek_humaneval,development,HumanEval/86,q8,0,0.08998114045940098
deepseek_humaneval,development,HumanEval/87,q8,0,0.22271564880574632
deepseek_humaneval,development,HumanEval/88,q8,0,0.802102553489199
deepseek_humaneval,development,HumanEval/89,q8,1,0.42634773972971535
deepseek_humaneval,development,HumanEval/9,q8,1,0.5905612539140151
deepseek_humaneval,development,HumanEval/90,q8,1,0.37748856505658923
deepseek_humaneval,development,HumanEval/91,q8,1,0.3121003018441701
deepseek_humaneval,development,HumanEval/92,q8,0,0.2279158640358176
deepseek_humaneval,development,HumanEval/93,q8,1,0.7581370269863026
deepseek_humaneval,development,HumanEval/94,q8,0,0.22730394846990487
deepseek_humaneval,development,HumanEval/95,q8,0,0.5678867869945206
deepseek_humaneval,development,HumanEval/96,q8,0,0.1476165177672384
deepseek_humaneval,development,HumanEval/97,q8,1,0.95573405622001
deepseek_humaneval,development,HumanEval/98,q8,0,0.23661442739380756
deepseek_humaneval,development,HumanEval/99,q8,0,0.40806375984470405
qwen_humaneval,validation,HumanEval/0,q4,1,0.9588720067616924
qwen_humaneval,validation,HumanEval/1,q4,0,0.7342801137846174
qwen_humaneval,validation,HumanEval/10,q4,1,0.5632286665755835
qwen_humaneval,validation,HumanEval/100,q4,0,0.6715143687032393
qwen_humaneval,validation,HumanEval/101,q4,1,0.6929857375091621
qwen_humaneval,validation,HumanEval/102,q4,1,0.8885196765631651
qwen_humaneval,validation,HumanEval/103,q4,1,0.27525757604709533
qwen_humaneval,validation,HumanEval/104,q4,0,0.3106117293390851
qwen_humaneval,validation,HumanEval/105,q4,0,0.7105422273715238
qwen_humaneval,validation,HumanEval/106,q4,1,0.7341336423817068
qwen_humaneval,validation,HumanEval/107,q4,0,0.15857404930409344
qwen_humaneval,validation,HumanEval/108,q4,1,0.5465682534563232
qwen_humaneval,validation,HumanEval/109,q4,0,0.6581965661606906
qwen_humaneval,validation,HumanEval/11,q4,0,0.27751822338573684
qwen_humaneval,validation,HumanEval/110,q4,1,0.5720045577929163
qwen_humaneval,validation,HumanEval/111,q4,1,0.30802371287221664
qwen_humaneval,validation,HumanEval/112,q4,0,0.1291466539731912
qwen_humaneval,validation,HumanEval/113,q4,1,0.4192089816266802
qwen_humaneval,validation,HumanEval/114,q4,0,0.18464614896516005
qwen_humaneval,validation,HumanEval/115,q4,1,0.9245127721154454
qwen_humaneval,validation,HumanEval/116,q4,0,0.10475541924924388
qwen_humaneval,validation,HumanEval/117,q4,1,0.5602937406240244
qwen_humaneval,validation,HumanEval/118,q4,1,0.6235773590771515
qwen_humaneval,validation,HumanEval/119,q4,1,0.6092892903325213
qwen_humaneval,validation,HumanEval/12,q4,0,0.13782060180155972
qwen_humaneval,validation,HumanEval/120,q4,1,0.25528964140047883
qwen_humaneval,validation,HumanEval/121,q4,1,0.36955724357284586
qwen_humaneval,validation,HumanEval/122,q4,1,0.76396716001028
qwen_humaneval,validation,HumanEval/123,q4,0,0.6418658229169351
qwen_humaneval,validation,HumanEval/124,q4,1,0.2763130032268569
qwen_humaneval,validation,HumanEval/125,q4,0,0.0931124515158302
qwen_humaneval,validation,HumanEval/126,q4,1,0.19919241511134742
qwen_humaneval,validation,HumanEval/127,q4,1,0.4624393599969814
qwen_humaneval,validation,HumanEval/128,q4,1,0.7188547998140012
qwen_humaneval,validation,HumanEval/129,q4,1,0.962967857819675
qwen_humaneval,validation,HumanEval/13,q4,0,0.12765668904526387
qwen_humaneval,validation,HumanEval/130,q4,1,0.715152285842116
qwen_humaneval,validation,HumanEval/131,q4,0,0.15142144976710264
qwen_humaneval,validation,HumanEval/132,q4,1,0.369594987116223
qwen_humaneval,validation,HumanEval/133,q4,0,0.12860627577063788
qwen_humaneval,validation,HumanEval/134,q4,1,0.864969053323019
qwen_humaneval,validation,HumanEval/135,q4,1,0.45185656140490893
qwen_humaneval,validation,HumanEval/136,q4,0,0.3731859728816051
qwen_humaneval,validation,HumanEval/137,q4,1,0.47722809887436946
qwen_humaneval,validation,HumanEval/138,q4,0,0.6573023972872459
qwen_humaneval,validation,HumanEval/139,q4,1,0.9608283211445918
qwen_humaneval,validation,HumanEval/14,q4,0,0.14909401640747214
qwen_humaneval,validation,HumanEval/140,q4,0,0.32455078023197587
qwen_humaneval,validation,HumanEval/141,q4,1,0.9765822698732327
qwen_humaneval,validation,HumanEval/142,q4,0,0.549058826501402
qwen_humaneval,validation,HumanEval/143,q4,0,0.19603179042939173
qwen_humaneval,validation,HumanEval/144,q4,0,0.7480490450322183
qwen_humaneval,validation,HumanEval/145,q4,1,0.24636084935607272
qwen_humaneval,validation,HumanEval/146,q4,1,0.3896594832981053
qwen_humaneval,validation,HumanEval/147,q4,0,0.04221066013402952
qwen_humaneval,validation,HumanEval/148,q4,1,0.12509552916644368
qwen_humaneval,validation,HumanEval/149,q4,0,0.27004747183269984
qwen_humaneval,validation,HumanEval/15,q4,0,0.062362558143239634
qwen_humaneval,validation,HumanEval/150,q4,0,0.2877369944709652
qwen_humaneval,validation,HumanEval/151,q4,0,0.1627851531257817
qwen_humaneval,validation,HumanEval/152,q4,0,0.2819780564458464
qwen_humaneval,validation,HumanEval/153,q4,0,0.5929638887836826
qwen_humaneval,validation,HumanEval/154,q4,1,0.6369240225361132
qwen_humaneval,validation,HumanEval/155,q4,1,0.26985634676545406
qwen_humaneval,validation,HumanEval/156,q4,0,0.1751821478988604
qwen_humaneval,validation,HumanEval/157,q4,1,0.25101049480469495
qwen_humaneval,validation,HumanEval/158,q4,0,0.29396651039872534
qwen_humaneval,validation,HumanEval/159,q4,0,0.30438798933645217
qwen_humaneval,validation,HumanEval/16,q4,0,0.08946396109619573
qwen_humaneval,validation,HumanEval/160,q4,1,0.1867830881128647
qwen_humaneval,validation,HumanEval/161,q4,0,0.2271341929770813
qwen_humaneval,validation,HumanEval/162,q4,0,0.05914469855541593
qwen_humaneval,validation,HumanEval/163,q4,1,0.4589897049499087
qwen_humaneval,validation,HumanEval/17,q4,0,0.6686326403852092
qwen_humaneval,validation,HumanEval/18,q4,0,0.3106740422827413
qwen_humaneval,validation,HumanEval/19,q4,0,0.41922156661948684
qwen_humaneval,validation,HumanEval/2,q4,0,0.12105079485259133
qwen_humaneval,validation,HumanEval/20,q4,1,0.7793688532502928
qwen_humaneval,validation,HumanEval/21,q4,0,0.401700362738825
qwen_humaneval,validation,HumanEval/22,q4,1,0.1902790183164156
qwen_humaneval,validation,HumanEval/23,q4,0,0.04080326020373677
qwen_humaneval,validation,HumanEval/24,q4,0,0.39474340012341946
qwen_humaneval,validation,HumanEval/25,q4,0,0.647481726616184
qwen_humaneval,validation,HumanEval/26,q4,1,0.449207423306121
qwen_humaneval,validation,HumanEval/27,q4,0,0.15770189958572134
qwen_humaneval,validation,HumanEval/28,q4,0,0.07731382560246675
qwen_humaneval,validation,HumanEval/29,q4,0,0.07063408427880334
qwen_humaneval,validation,HumanEval/3,q4,0,0.2463407361115101
qwen_humaneval,validation,HumanEval/30,q4,0,0.05499620907742049
qwen_humaneval,validation,HumanEval/31,q4,0,0.13247500613847155
qwen_humaneval,validation,HumanEval/32,q4,1,0.7805496914795982
qwen_humaneval,validation,HumanEval/33,q4,1,0.9024993897241395
qwen_humaneval,validation,HumanEval/34,q4,0,0.06769170812712534
qwen_humaneval,validation,HumanEval/35,q4,0,0.11103144526648681
qwen_humaneval,validation,HumanEval/36,q4,0,0.07187662728106226
qwen_humaneval,validation,HumanEval/37,q4,0,0.6462735173111287
qwen_humaneval,validation,HumanEval/38,q4,0,0.42424004881064203
qwen_humaneval,validation,HumanEval/39,q4,1,0.6174528798293745
qwen_humaneval,validation,HumanEval/4,q4,0,0.35547146714576405
qwen_humaneval,validation,HumanEval/40,q4,0,0.18742653665625897
qwen_humaneval,validation,HumanEval/41,q4,0,0.774851667355542
qwen_humaneval,validation,HumanEval/42,q4,0,0.09087619621786189
qwen_humaneval,validation,HumanEval/43,q4,0,0.04707533104410764
qwen_humaneval,validation,HumanEval/44,q4,1,0.2625620148349542
qwen_humaneval,validation,HumanEval/45,q4,0,0.1527933120746488
qwen_humaneval,validation,HumanEval/46,q4,0,0.25628261083665377
qwen_humaneval,validation,HumanEval/47,q4,0,0.2650124736983249
qwen_humaneval,validation,HumanEval/48,q4,0,0.06577648248827214
qwen_humaneval,validation,HumanEval/49,q4,0,0.22104867382351254
qwen_humaneval,validation,HumanEval/5,q4,1,0.7010206192787801
qwen_humaneval,validation,HumanEval/50,q4,0,0.060882346740250434
qwen_humaneval,validation,HumanEval/51,q4,0,0.1616388445208001
qwen_humaneval,validation,HumanEval/52,q4,0,0.09804845058902298
qwen_humaneval,validation,HumanEval/53,q4,0,0.15480251975497678
qwen_humaneval,validation,HumanEval/54,q4,1,0.40531432398277933
qwen_humaneval,validation,HumanEval/55,q4,0,0.17106430756192734
qwen_humaneval,validation,HumanEval/56,q4,0,0.14373995627109387
qwen_humaneval,validation,HumanEval/57,q4,0,0.15098524270366082
qwen_humaneval,validation,HumanEval/58,q4,0,0.09756869257914495
qwen_humaneval,validation,HumanEval/59,q4,0,0.17557024088877418
qwen_humaneval,validation,HumanEval/6,q4,1,0.4287373745050059
qwen_humaneval,validation,HumanEval/60,q4,0,0.12003773873905169
qwen_humaneval,validation,HumanEval/61,q4,0,0.20466422320972102
qwen_humaneval,validation,HumanEval/62,q4,0,0.09960998326934623
qwen_humaneval,validation,HumanEval/63,q4,0,0.07792699659311635
qwen_humaneval,validation,HumanEval/64,q4,1,0.46161625878235
qwen_humaneval,validation,HumanEval/65,q4,0,0.34872536442789176
qwen_humaneval,validation,HumanEval/66,q4,0,0.055878531421101385
qwen_humaneval,validation,HumanEval/67,q4,1,0.9588788501211025
qwen_humaneval,validation,HumanEval/68,q4,0,0.5938435843720028
qwen_humaneval,validation,HumanEval/69,q4,1,0.6013709932606492
qwen_humaneval,validation,HumanEval/7,q4,0,0.24599144488382754
qwen_humaneval,validation,HumanEval/70,q4,1,0.8939506034694741
qwen_humaneval,validation,HumanEval/71,q4,0,0.07277368275575538
qwen_humaneval,validation,HumanEval/72,q4,0,0.063186722554181
qwen_humaneval,validation,HumanEval/73,q4,0,0.10879876716682604
qwen_humaneval,validation,HumanEval/74,q4,1,0.08536707671783815
qwen_humaneval,validation,HumanEval/75,q4,1,0.9284666683956233
qwen_humaneval,validation,HumanEval/76,q4,1,0.6180130386958164
qwen_humaneval,validation,HumanEval/77,q4,1,0.9297627543400993
qwen_humaneval,validation,HumanEval/78,q4,0,0.26608645971551087
qwen_humaneval,validation,HumanEval/79,q4,0,0.5494693629725856
qwen_humaneval,validation,HumanEval/8,q4,0,0.5608539554762303
qwen_humaneval,validation,HumanEval/80,q4,0,0.25607393384741706
qwen_humaneval,validation,HumanEval/81,q4,1,0.6276118896431434
qwen_humaneval,validation,HumanEval/82,q4,0,0.1523493777143308
qwen_humaneval,validation,HumanEval/83,q4,1,0.736271778114627
qwen_humaneval,validation,HumanEval/84,q4,0,0.06437365784025133
qwen_humaneval,validation,HumanEval/85,q4,0,0.034011613077637684
qwen_humaneval,validation,HumanEval/86,q4,1,0.3688761189834998
qwen_humaneval,validation,HumanEval/87,q4,0,0.6058700932794144
qwen_humaneval,validation,HumanEval/88,q4,1,0.9452945872980296
qwen_humaneval,validation,HumanEval/89,q4,0,0.7635049984842999
qwen_humaneval,validation,HumanEval/9,q4,0,0.7780805398839412
qwen_humaneval,validation,HumanEval/90,q4,1,0.18053024569923765
qwen_humaneval,validation,HumanEval/91,q4,1,0.8381814872287107
qwen_humaneval,validation,HumanEval/92,q4,0,0.14333265543412296
qwen_humaneval,validation,HumanEval/93,q4,1,0.6366078584819568
qwen_humaneval,validation,HumanEval/94,q4,0,0.22163326808903866
qwen_humaneval,validation,HumanEval/95,q4,0,0.1381037902869846
qwen_humaneval,validation,HumanEval/96,q4,0,0.22140225448052386
qwen_humaneval,validation,HumanEval/97,q4,1,0.2456658234279137
qwen_humaneval,validation,HumanEval/98,q4,0,0.25067875263243755
qwen_humaneval,validation,HumanEval/99,q4,0,0.8464665838833684
qwen_humaneval,validation,HumanEval/0,q8,0,0.31417736485945447
qwen_humaneval,validation,HumanEval/1,q8,0,0.35017334171949055
qwen_humaneval,validation,HumanEval/10,q8,0,0.39291303773936914
qwen_humaneval,validation,HumanEval/100,q8,0,0.8966199583762677
qwen_humaneval,validation,HumanEval/101,q8,1,0.5481976477891258
qwen_humaneval,validation,HumanEval/102,q8,1,0.6642998509573645
qwen_humaneval,validation,HumanEval/103,q8,1,0.3394416100514706
qwen_humaneval,validation,HumanEval/104,q8,0,0.3129413639225088
qwen_humaneval,validation,HumanEval/105,q8,0,0.8377337696517102
qwen_humaneval,validation,HumanEval/106,q8,1,0.7352853682966826
qwen_humaneval,validation,HumanEval/107,q8,0,0.30490453513393645
qwen_humaneval,validation,HumanEval/108,q8,1,0.38454178441047465
qwen_humaneval,validation,HumanEval/109,q8,0,0.5810153234054377
qwen_humaneval,validation,HumanEval/11,q8,0,0.6919438732940649
qwen_humaneval,validation,HumanEval/110,q8,1,0.22744350896850912
qwen_humaneval,validation,HumanEval/111,q8,1,0.6857731258823705
qwen_humaneval,validation,HumanEval/112,q8,0,0.16324464285938317
qwen_humaneval,validation,HumanEval/113,q8,1,0.8997292427043172
qwen_humaneval,validation,HumanEval/114,q8,0,0.19585204361914876
qwen_humaneval,validation,HumanEval/115,q8,1,0.776794217598501
qwen_humaneval,validation,HumanEval/116,q8,0,0.14688184147153266
qwen_humaneval,validation,HumanEval/117,q8,1,0.9417332841488613
qwen_humaneval,validation,HumanEval/118,q8,0,0.16879170945145958
qwen_humaneval,validation,HumanEval/119,q8,1,0.48949166487493045
qwen_humaneval,validation,HumanEval/12,q8,0,0.14496771366944633
qwen_humaneval,validation,HumanEval/120,q8,1,0.40914431439685134
qwen_humaneval,validation,HumanEval/121,q8,1,0.4826875073841855
qwen_humaneval,validation,HumanEval/122,q8,1,0.3233009929552715
qwen_humaneval,validation,HumanEval/123,q8,0,0.6329219821650371
qwen_humaneval,validation,HumanEval/124,q8,1,0.5556399015513891
qwen_humaneval,validation,HumanEval/125,q8,0,0.09575519986316691
qwen_humaneval,validation,HumanEval/126,q8,1,0.4539360432457267
qwen_humaneval,validation,HumanEval/127,q8,1,0.5560259078415032
qwen_humaneval,validation,HumanEval/128,q8,1,0.8745104233049477
qwen_humaneval,validation,HumanEval/129,q8,1,0.9515386385599797
qwen_humaneval,validation,HumanEval/13,q8,0,0.09289777798187443
qwen_humaneval,validation,HumanEval/130,q8,1,0.7639595715260543
qwen_humaneval,validation,HumanEval/131,q8,0,0.2551037885950077
qwen_humaneval,validation,HumanEval/132,q8,1,0.5673986264383937
qwen_humaneval,validation,HumanEval/133,q8,0,0.2845424339813227
qwen_humaneval,validation,HumanEval/134,q8,1,0.9301076362403202
qwen_humaneval,validation,HumanEval/135,q8,1,0.22849576124565493
qwen_humaneval,validation,HumanEval/136,q8,0,0.3063555696918096
qwen_humaneval,validation,HumanEval/137,q8,1,0.6664273504213211
qwen_humaneval,validation,HumanEval/138,q8,0,0.40489895319047753
qwen_humaneval,validation,HumanEval/139,q8,1,0.8365205710361876
qwen_humaneval,validation,HumanEval/14,q8,0,0.14602294118012354
qwen_humaneval,validation,HumanEval/140,q8,1,0.5749274979345803
qwen_humaneval,validation,HumanEval/141,q8,1,0.6342281042954607
qwen_humaneval,validation,HumanEval/142,q8,0,0.6850539306964487
qwen_humaneval,validation,HumanEval/143,q8,0,0.23700273201957778
qwen_humaneval,validation,HumanEval/144,q8,0,0.9517122497923319
qwen_humaneval,validation,HumanEval/145,q8,1,0.328243751517088
qwen_humaneval,validation,HumanEval/146,q8,1,0.519349691926409
qwen_humaneval,validation,HumanEval/147,q8,0,0.08557345867975777
qwen_humaneval,validation,HumanEval/148,q8,1,0.09304569016100964
qwen_humaneval,validation,HumanEval/149,q8,1,0.5348516020282208
qwen_humaneval,validation,HumanEval/15,q8,0,0.1171015745043967
qwen_humaneval,validation,HumanEval/150,q8,0,0.40485216169487925
qwen_humaneval,validation,HumanEval/151,q8,1,0.22014194463834308
qwen_humaneval,validation,HumanEval/152,q8,0,0.1357392960092648
qwen_humaneval,validation,HumanEval/153,q8,0,0.506218947771407
qwen_humaneval,validation,HumanEval/154,q8,1,0.696231498903211
qwen_humaneval,validation,HumanEval/155,q8,1,0.2873606406088353
qwen_humaneval,validation,HumanEval/156,q8,0,0.22621587876334873
qwen_humaneval,validation,HumanEval/157,q8,1,0.49576664222473726
qwen_humaneval,validation,HumanEval/158,q8,0,0.31231482879149464
qwen_humaneval,validation,HumanEval/159,q8,0,0.2574782744431358
qwen_humaneval,validation,HumanEval/16,q8,0,0.12358543366294257
qwen_humaneval,validation,HumanEval/160,q8,1,0.11244599712081796
qwen_humaneval,validation,HumanEval/161,q8,0,0.2704401202496502
qwen_humaneval,validation,HumanEval/162,q8,0,0.07874851166222362
qwen_humaneval,validation,HumanEval/163,q8,1,0.24742428488631374
qwen_humaneval,validation,HumanEval/17,q8,0,0.8452614975074833
qwen_humaneval,validation,HumanEval/18,q8,0,0.3099441990651342
qwen_humaneval,validation,HumanEval/19,q8,0,0.44560599534150747
qwen_humaneval,validation,HumanEval/2,q8,0,0.13930488209509373
qwen_humaneval,validation,HumanEval/20,q8,1,0.7808619970681164
qwen_humaneval,validation,HumanEval/21,q8,0,0.1647398776605295
qwen_humaneval,validation,HumanEval/22,q8,1,0.13369953394475392
qwen_humaneval,validation,HumanEval/23,q8,0,0.10755150550936557
qwen_humaneval,validation,HumanEval/24,q8,0,0.23888674039555408
qwen_humaneval,validation,HumanEval/25,q8,0,0.487180491761813
qwen_humaneval,validation,HumanEval/26,q8,1,0.13837619435164936
qwen_humaneval,validation,HumanEval/27,q8,0,0.18424175898671094
qwen_humaneval,validation,HumanEval/28,q8,0,0.07132781838613081
qwen_humaneval,validation,HumanEval/29,q8,0,0.0717300980551554
qwen_humaneval,validation,HumanEval/3,q8,0,0.065955549533983
qwen_humaneval,validation,HumanEval/30,q8,0,0.09069764283262481
qwen_humaneval,validation,HumanEval/31,q8,0,0.10010534520853964
qwen_humaneval,validation,HumanEval/32,q8,1,0.9219020986209052
qwen_humaneval,validation,HumanEval/33,q8,1,0.8910514199113864
qwen_humaneval,validation,HumanEval/34,q8,0,0.2007146359852395
qwen_humaneval,validation,HumanEval/35,q8,0,0.13755113306704
qwen_humaneval,validation,HumanEval/36,q8,0,0.10465726872579688
qwen_humaneval,validation,HumanEval/37,q8,1,0.9131988063229566
qwen_humaneval,validation,HumanEval/38,q8,0,0.20251097188656236
qwen_humaneval,validation,HumanEval/39,q8,1,0.8913125093947027
qwen_humaneval,validation,HumanEval/4,q8,0,0.17542439491203635
qwen_humaneval,validation,HumanEval/40,q8,0,0.21166350716651777
qwen_humaneval,validation,HumanEval/41,q8,0,0.48528027153552583
qwen_humaneval,validation,HumanEval/42,q8,0,0.09003143689565311
qwen_humaneval,validation,HumanEval/43,q8,0,0.0727163085348482
qwen_humaneval,validation,HumanEval/44,q8,1,0.22479855341233895
qwen_humaneval,validation,HumanEval/45,q8,0,0.15865772661366362
qwen_humaneval,validation,HumanEval/46,q8,0,0.25776852118962407
qwen_humaneval,validation,HumanEval/47,q8,0,0.22128349117499915
qwen_humaneval,validation,HumanEval/48,q8,0,0.12548802516556562
qwen_humaneval,validation,HumanEval/49,q8,1,0.6053279750875649
qwen_humaneval,validation,HumanEval/5,q8,1,0.3129754206691184
qwen_humaneval,validation,HumanEval/50,q8,0,0.202941524250099
qwen_humaneval,validation,HumanEval/51,q8,0,0.3101386887602114
qwen_humaneval,validation,HumanEval/52,q8,0,0.07931702062896084
qwen_humaneval,validation,HumanEval/53,q8,0,0.11483391021873339
qwen_humaneval,validation,HumanEval/54,q8,1,0.17226300968808456
qwen_humaneval,validation,HumanEval/55,q8,0,0.19052657106564616
qwen_humaneval,validation,HumanEval/56,q8,0,0.20943664237386223
qwen_humaneval,validation,HumanEval/57,q8,0,0.24829821009464442
qwen_humaneval,validation,HumanEval/58,q8,0,0.20798233774047495
qwen_humaneval,validation,HumanEval/59,q8,0,0.14864057513521828
qwen_humaneval,validation,HumanEval/6,q8,1,0.6759098149546079
qwen_humaneval,validation,HumanEval/60,q8,0,0.20924647171514849
qwen_humaneval,validation,HumanEval/61,q8,0,0.220513674913134
qwen_humaneval,validation,HumanEval/62,q8,0,0.16979328565157728
qwen_humaneval,validation,HumanEval/63,q8,0,0.13803189757221618
qwen_humaneval,validation,HumanEval/64,q8,0,0.13455474069775625
qwen_humaneval,validation,HumanEval/65,q8,0,0.29574033319974186
qwen_humaneval,validation,HumanEval/66,q8,0,0.07951019921392137
qwen_humaneval,validation,HumanEval/67,q8,1,0.9629154407261886
qwen_humaneval,validation,HumanEval/68,q8,0,0.3276298660252322
qwen_humaneval,validation,HumanEval/69,q8,1,0.4593386951766803
qwen_humaneval,validation,HumanEval/7,q8,0,0.06290018081700102
qwen_humaneval,validation,HumanEval/70,q8,1,0.929749349575396
qwen_humaneval,validation,HumanEval/71,q8,0,0.06255374851695264
qwen_humaneval,validation,HumanEval/72,q8,0,0.10946529070877412
qwen_humaneval,validation,HumanEval/73,q8,0,0.07963655301445047
qwen_humaneval,validation,HumanEval/74,q8,1,0.261933179910758
qwen_humaneval,validation,HumanEval/75,q8,1,0.8649406319410268
qwen_humaneval,validation,HumanEval/76,q8,1,0.7197927934822463
qwen_humaneval,validation,HumanEval/77,q8,1,0.8405504256022864
qwen_humaneval,validation,HumanEval/78,q8,0,0.2685109833228553
qwen_humaneval,validation,HumanEval/79,q8,0,0.7173174280813418
qwen_humaneval,validation,HumanEval/8,q8,0,0.25672298026999946
qwen_humaneval,validation,HumanEval/80,q8,0,0.48612285430258506
qwen_humaneval,validation,HumanEval/81,q8,1,0.6540867321082208
qwen_humaneval,validation,HumanEval/82,q8,0,0.24838915261981528
qwen_humaneval,validation,HumanEval/83,q8,1,0.37532130739478803
qwen_humaneval,validation,HumanEval/84,q8,0,0.12434950408562669
qwen_humaneval,validation,HumanEval/85,q8,0,0.09548117272606862
qwen_humaneval,validation,HumanEval/86,q8,1,0.8063065600823576
qwen_humaneval,validation,HumanEval/87,q8,0,0.6239824824530465
qwen_humaneval,validation,HumanEval/88,q8,0,0.8950761962751113
qwen_humaneval,validation,HumanEval/89,q8,1,0.7505571524305731
qwen_humaneval,validation,HumanEval/9,q8,0,0.5809497656338742
qwen_humaneval,validation,HumanEval/90,q8,1,0.11987538541099163
qwen_humaneval,validation,HumanEval/91,q8,1,0.661058817792474
qwen_humaneval,validation,HumanEval/92,q8,0,0.14650818774543997
qwen_humaneval,validation,HumanEval/93,q8,1,0.6154803401736217
qwen_humaneval,validation,HumanEval/94,q8,0,0.35280761898396873
qwen_humaneval,validation,HumanEval/95,q8,0,0.2125462233901604
qwen_humaneval,validation,HumanEval/96,q8,0,0.31291407808396815
qwen_humaneval,validation,HumanEval/97,q8,1,0.41458258643417506
qwen_humaneval,validation,HumanEval/98,q8,0,0.45522823951283664
qwen_humaneval,validation,HumanEval/99,q8,0,0.46699702528736414
deepseek_mbpp,validation,Mbpp/100,q4,1,0.9517906186573203
deepseek_mbpp,validation,Mbpp/101,q4,0,0.21724178085919568
deepseek_mbpp,validation,Mbpp/102,q4,1,0.553911972463076
deepseek_mbpp,validation,Mbpp/103,q4,1,0.9611675232856184
deepseek_mbpp,validation,Mbpp/104,q4,0,0.159729636680112
deepseek_mbpp,validation,Mbpp/105,q4,0,0.16431244413882448
deepseek_mbpp,validation,Mbpp/106,q4,1,0.7058426870072287
deepseek_mbpp,validation,Mbpp/108,q4,0,0.18804652492858245
deepseek_mbpp,validation,Mbpp/109,q4,1,0.32624020496275546
deepseek_mbpp,validation,Mbpp/11,q4,1,0.3274496862813291
deepseek_mbpp,validation,Mbpp/111,q4,1,0.9806265537177434
deepseek_mbpp,validation,Mbpp/113,q4,1,0.1118630503612347
deepseek_mbpp,validation,Mbpp/116,q4,0,0.15590780306145674
deepseek_mbpp,validation,Mbpp/118,q4,0,0.2189714990491892
deepseek_mbpp,validation,Mbpp/119,q4,0,0.9420743035988709
deepseek_mbpp,validation,Mbpp/12,q4,0,0.857141301793223
deepseek_mbpp,validation,Mbpp/120,q4,1,0.9428851806926873
deepseek_mbpp,validation,Mbpp/123,q4,1,0.9526441474005137
deepseek_mbpp,validation,Mbpp/124,q4,1,0.9528803045638456
deepseek_mbpp,validation,Mbpp/125,q4,1,0.8890865886473444
deepseek_mbpp,validation,Mbpp/126,q4,1,0.22412588426657837
deepseek_mbpp,validation,Mbpp/127,q4,0,0.16798543988664888
deepseek_mbpp,validation,Mbpp/128,q4,0,0.15769882921541029
deepseek_mbpp,validation,Mbpp/129,q4,1,0.7042796676976815
deepseek_mbpp,validation,Mbpp/130,q4,0,0.3366473728425828
deepseek_mbpp,validation,Mbpp/131,q4,0,0.26849720625469786
deepseek_mbpp,validation,Mbpp/132,q4,0,0.21949178789749446
deepseek_mbpp,validation,Mbpp/133,q4,0,0.1483236611234773
deepseek_mbpp,validation,Mbpp/135,q4,0,0.8248473976385394
deepseek_mbpp,validation,Mbpp/137,q4,1,0.5520600353015566
deepseek_mbpp,validation,Mbpp/138,q4,1,0.41796263616141793
deepseek_mbpp,validation,Mbpp/139,q4,0,0.1979553271289674
deepseek_mbpp,validation,Mbpp/14,q4,1,0.8054482131322095
deepseek_mbpp,validation,Mbpp/140,q4,0,0.31413012494294656
deepseek_mbpp,validation,Mbpp/141,q4,1,0.8848506724299512
deepseek_mbpp,validation,Mbpp/142,q4,1,0.14985685362477855
deepseek_mbpp,validation,Mbpp/145,q4,1,0.9174500439750517
deepseek_mbpp,validation,Mbpp/16,q4,1,0.7201284210056069
deepseek_mbpp,validation,Mbpp/160,q4,1,0.922587146696144
deepseek_mbpp,validation,Mbpp/161,q4,0,0.16408742091755674
deepseek_mbpp,validation,Mbpp/162,q4,0,0.18003558783504867
deepseek_mbpp,validation,Mbpp/165,q4,1,0.855290223713569
deepseek_mbpp,validation,Mbpp/166,q4,0,0.2920901147493004
deepseek_mbpp,validation,Mbpp/167,q4,1,0.9239236656242357
deepseek_mbpp,validation,Mbpp/168,q4,0,0.3046053503457333
deepseek_mbpp,validation,Mbpp/17,q4,0,0.18944381608639438
deepseek_mbpp,validation,Mbpp/170,q4,0,0.16469232622663857
deepseek_mbpp,validation,Mbpp/171,q4,0,0.17459934411677427
deepseek_mbpp,validation,Mbpp/172,q4,0,0.20475102547477797
deepseek_mbpp,validation,Mbpp/18,q4,0,0.21851804648393092
deepseek_mbpp,validation,Mbpp/19,q4,0,0.3075388840679489
deepseek_mbpp,validation,Mbpp/2,q4,0,0.34197776505512245
deepseek_mbpp,validation,Mbpp/20,q4,1,0.7875146794203138
deepseek_mbpp,validation,Mbpp/222,q4,0,0.2683773166833052
deepseek_mbpp,validation,Mbpp/223,q4,1,0.11681859377899122
deepseek_mbpp,validation,Mbpp/224,q4,0,0.17030976537776207
deepseek_mbpp,validation,Mbpp/226,q4,0,0.15100083927222244
deepseek_mbpp,validation,Mbpp/227,q4,0,0.16578090953884614
deepseek_mbpp,validation,Mbpp/230,q4,0,0.21464110819141768
deepseek_mbpp,validation,Mbpp/232,q4,0,0.20119647634512633
deepseek_mbpp,validation,Mbpp/233,q4,1,0.8635190761711027
deepseek_mbpp,validation,Mbpp/234,q4,0,0.1922570841085815
deepseek_mbpp,validation,Mbpp/235,q4,1,0.8878770786315572
deepseek_mbpp,validation,Mbpp/237,q4,1,0.6945687055122652
deepseek_mbpp,validation,Mbpp/238,q4,1,0.9457544763950712
deepseek_mbpp,validation,Mbpp/239,q4,1,0.9617858092515859
deepseek_mbpp,validation,Mbpp/240,q4,1,0.16359600259040935
deepseek_mbpp,validation,Mbpp/242,q4,1,0.564184937508651
deepseek_mbpp,validation,Mbpp/244,q4,1,0.9598763249361817
deepseek_mbpp,validation,Mbpp/245,q4,1,0.6134198919183397
deepseek_mbpp,validation,Mbpp/247,q4,0,0.3580070816799318
deepseek_mbpp,validation,Mbpp/250,q4,0,0.11555514324068845
deepseek_mbpp,validation,Mbpp/251,q4,1,0.5244646032114829
deepseek_mbpp,validation,Mbpp/252,q4,0,0.4585655501125888
deepseek_mbpp,validation,Mbpp/253,q4,0,0.2196625073837466
deepseek_mbpp,validation,Mbpp/255,q4,1,0.300427041755181
deepseek_mbpp,validation,Mbpp/256,q4,0,0.1301769937037413
deepseek_mbpp,validation,Mbpp/257,q4,0,0.19668185611034603
deepseek_mbpp,validation,Mbpp/259,q4,1,0.6193296774392746
deepseek_mbpp,validation,Mbpp/260,q4,1,0.9276117676075458
deepseek_mbpp,validation,Mbpp/261,q4,0,0.2767413518630252
deepseek_mbpp,validation,Mbpp/262,q4,0,0.2184439324187752
deepseek_mbpp,validation,Mbpp/264,q4,0,0.2664343909127928
deepseek_mbpp,validation,Mbpp/265,q4,1,0.1202477214972462
deepseek_mbpp,validation,Mbpp/266,q4,1,0.8954857903891034
deepseek_mbpp,validation,Mbpp/267,q4,1,0.2538908164847033
deepseek_mbpp,validation,Mbpp/268,q4,1,0.8019477580760274
deepseek_mbpp,validation,Mbpp/269,q4,0,0.15409049176471196
deepseek_mbpp,validation,Mbpp/270,q4,0,0.27848723818124277
deepseek_mbpp,validation,Mbpp/271,q4,0,0.4523769102113878
deepseek_mbpp,validation,Mbpp/272,q4,0,0.17578106883390504
deepseek_mbpp,validation,Mbpp/273,q4,0,0.2629021158312538
deepseek_mbpp,validation,Mbpp/274,q4,1,0.9890992630033677
deepseek_mbpp,validation,Mbpp/276,q4,0,0.33258334672209966
deepseek_mbpp,validation,Mbpp/277,q4,0,0.176522998094424
deepseek_mbpp,validation,Mbpp/278,q4,1,0.42889903857665584
deepseek_mbpp,validation,Mbpp/279,q4,1,0.8311309387347224
deepseek_mbpp,validation,Mbpp/280,q4,0,0.22963327573918318
deepseek_mbpp,validation,Mbpp/281,q4,0,0.6118189524212143
deepseek_mbpp,validation,Mbpp/282,q4,0,0.18714146414497249
deepseek_mbpp,validation,Mbpp/283,q4,0,0.7714225926671733
deepseek_mbpp,validation,Mbpp/284,q4,0,0.21070628022455257
deepseek_mbpp,validation,Mbpp/285,q4,1,0.5239157636799198
deepseek_mbpp,validation,Mbpp/286,q4,1,0.9274987228549205
deepseek_mbpp,validation,Mbpp/287,q4,1,0.29446853267504086
deepseek_mbpp,validation,Mbpp/290,q4,0,0.2738454212948011
deepseek_mbpp,validation,Mbpp/292,q4,0,0.20293718748171333
deepseek_mbpp,validation,Mbpp/293,q4,0,0.9852790525711498
deepseek_mbpp,validation,Mbpp/294,q4,1,0.8862349847451332
deepseek_mbpp,validation,Mbpp/296,q4,0,0.5241167371474764
deepseek_mbpp,validation,Mbpp/297,q4,0,0.12602661718520136
deepseek_mbpp,validation,Mbpp/299,q4,0,0.703089978480764
deepseek_mbpp,validation,Mbpp/3,q4,1,0.20015474856609566
deepseek_mbpp,validation,Mbpp/300,q4,1,0.9109683165250226
deepseek_mbpp,validation,Mbpp/301,q4,1,0.9749529762819126
deepseek_mbpp,validation,Mbpp/305,q4,1,0.9583881053035064
deepseek_mbpp,validation,Mbpp/306,q4,1,0.9542011169438611
deepseek_mbpp,validation,Mbpp/308,q4,1,0.7540108278117199
deepseek_mbpp,validation,Mbpp/309,q4,0,0.19692231228876733
deepseek_mbpp,validation,Mbpp/310,q4,1,0.8322479988201483
deepseek_mbpp,validation,Mbpp/311,q4,1,0.9425000629972813
deepseek_mbpp,validation,Mbpp/312,q4,0,0.21304899189037774
deepseek_mbpp,validation,Mbpp/388,q4,1,0.7562089888951872
deepseek_mbpp,validation,Mbpp/389,q4,1,0.7412668840062393
deepseek_mbpp,validation,Mbpp/390,q4,0,0.15205418681469213
deepseek_mbpp,validation,Mbpp/391,q4,1,0.7778856656160704
deepseek_mbpp,validation,Mbpp/392,q4,0,0.9733016766243482
deepseek_mbpp,validation,Mbpp/394,q4,0,0.19959151479587173
deepseek_mbpp,validation,Mbpp/395,q4,0,0.4176599119410251
deepseek_mbpp,validation,Mbpp/397,q4,0,0.22277977673731683
deepseek_mbpp,validation,Mbpp/398,q4,1,0.6535482296358237
deepseek_mbpp,validation,Mbpp/4,q4,1,0.8256977145024
deepseek_mbpp,validation,Mbpp/404,q4,0,0.2128541354971444
deepseek_mbpp,validation,Mbpp/405,q4,0,0.2170408343637531
deepseek_mbpp,validation,Mbpp/406,q4,0,0.2300131754403963
deepseek_mbpp,validation,Mbpp/409,q4,1,0.7712618279873557
deepseek_mbpp,validation,Mbpp/410,q4,1,0.8001245079794261
deepseek_mbpp,validation,Mbpp/412,q4,0,0.754544553191063
deepseek_mbpp,validation,Mbpp/413,q4,0,0.19300082871892746
deepseek_mbpp,validation,Mbpp/414,q4,0,0.6273867083132388
deepseek_mbpp,validation,Mbpp/415,q4,1,0.9807208637306661
deepseek_mbpp,validation,Mbpp/418,q4,0,0.23176917158765714
deepseek_mbpp,validation,Mbpp/419,q4,1,0.8239276979191363
deepseek_mbpp,validation,Mbpp/420,q4,0,0.5641938833122715
deepseek_mbpp,validation,Mbpp/421,q4,1,0.7627946087108531
deepseek_mbpp,validation,Mbpp/422,q4,1,0.756460486232485
deepseek_mbpp,validation,Mbpp/424,q4,0,0.19893521439286138
deepseek_mbpp,validation,Mbpp/425,q4,0,0.2852351729281439
deepseek_mbpp,validation,Mbpp/426,q4,0,0.14375576245263963
deepseek_mbpp,validation,Mbpp/427,q4,1,0.16752269765630176
deepseek_mbpp,validation,Mbpp/428,q4,0,0.17749738115637886
deepseek_mbpp,validation,Mbpp/429,q4,0,0.30992061423167155
deepseek_mbpp,validation,Mbpp/430,q4,1,0.9778513670841573
deepseek_mbpp,validation,Mbpp/432,q4,1,0.45196529604074553
deepseek_mbpp,validation,Mbpp/433,q4,1,0.1411774572980628
deepseek_mbpp,validation,Mbpp/435,q4,0,0.3062305370365778
deepseek_mbpp,validation,Mbpp/436,q4,0,0.209574343514969
deepseek_mbpp,validation,Mbpp/437,q4,1,0.23665448977529951
deepseek_mbpp,validation,Mbpp/439,q4,0,0.16258122581908946
deepseek_mbpp,validation,Mbpp/440,q4,1,0.9598528825299558
deepseek_mbpp,validation,Mbpp/441,q4,0,0.17199794345252434
deepseek_mbpp,validation,Mbpp/445,q4,1,0.2599692811897595
deepseek_mbpp,validation,Mbpp/446,q4,1,0.9655307643444578
deepseek_mbpp,validation,Mbpp/447,q4,0,0.19339031907256377
deepseek_mbpp,validation,Mbpp/448,q4,1,0.9096031250840454
deepseek_mbpp,validation,Mbpp/450,q4,0,0.15229682915666623
deepseek_mbpp,validation,Mbpp/451,q4,0,0.17042170511772586
deepseek_mbpp,validation,Mbpp/453,q4,0,0.49189339957336314
deepseek_mbpp,validation,Mbpp/454,q4,0,0.2944808086154243
deepseek_mbpp,validation,Mbpp/455,q4,0,0.20066389139269586
deepseek_mbpp,validation,Mbpp/456,q4,0,0.16786264177460405
deepseek_mbpp,validation,Mbpp/457,q4,0,0.16417393708514033
deepseek_mbpp,validation,Mbpp/458,q4,0,0.19764633849262583
deepseek_mbpp,validation,Mbpp/459,q4,1,0.18568358167665686
deepseek_mbpp,validation,Mbpp/460,q4,0,0.23103289407832456
deepseek_mbpp,validation,Mbpp/462,q4,1,0.57724532910927
deepseek_mbpp,validation,Mbpp/463,q4,1,0.9679460700255348
deepseek_mbpp,validation,Mbpp/465,q4,1,0.13276204393571045
deepseek_mbpp,validation,Mbpp/468,q4,1,0.9502336615638131
deepseek_mbpp,validation,Mbpp/470,q4,0,0.2443391770873467
deepseek_mbpp,validation,Mbpp/471,q4,0,0.12695914446616569
deepseek_mbpp,validation,Mbpp/472,q4,1,0.8033080297348294
deepseek_mbpp,validation,Mbpp/473,q4,1,0.6381509432105538
deepseek_mbpp,validation,Mbpp/474,q4,0,0.21093028479886558
deepseek_mbpp,validation,Mbpp/475,q4,1,0.18864638864833608
deepseek_mbpp,validation,Mbpp/476,q4,0,0.27006248975252306
deepseek_mbpp,validation,Mbpp/477,q4,0,0.15973793134351527
deepseek_mbpp,validation,Mbpp/478,q4,0,0.5312900969401828
deepseek_mbpp,validation,Mbpp/479,q4,0,0.3124310873041836
deepseek_mbpp,validation,Mbpp/554,q4,1,0.18600981841113512
deepseek_mbpp,validation,Mbpp/555,q4,0,0.16565543221727994
deepseek_mbpp,validation,Mbpp/556,q4,1,0.8677000720464239
deepseek_mbpp,validation,Mbpp/557,q4,0,0.2992260179336465
deepseek_mbpp,validation,Mbpp/558,q4,1,0.9694106888685861
deepseek_mbpp,validation,Mbpp/559,q4,1,0.2530745062869116
deepseek_mbpp,validation,Mbpp/56,q4,1,0.2535880608738169
deepseek_mbpp,validation,Mbpp/560,q4,0,0.5511927334555827
deepseek_mbpp,validation,Mbpp/562,q4,0,0.24909781782739496
deepseek_mbpp,validation,Mbpp/563,q4,0,0.6289823291545873
deepseek_mbpp,validation,Mbpp/564,q4,1,0.330428025016424
deepseek_mbpp,validation,Mbpp/565,q4,0,0.17897079441811806
deepseek_mbpp,validation,Mbpp/566,q4,0,0.173613875039137
deepseek_mbpp,validation,Mbpp/567,q4,0,0.22524046250190927
deepseek_mbpp,validation,Mbpp/568,q4,0,0.16974209505199514
deepseek_mbpp,validation,Mbpp/569,q4,0,0.10966791994868183
deepseek_mbpp,validation,Mbpp/57,q4,0,0.32464277419657184
deepseek_mbpp,validation,Mbpp/572,q4,1,0.8985197220610065
deepseek_mbpp,validation,Mbpp/573,q4,0,0.45265128373847263
deepseek_mbpp,validation,Mbpp/576,q4,1,0.2902204144453034
deepseek_mbpp,validation,Mbpp/577,q4,1,0.8977193519261466
deepseek_mbpp,validation,Mbpp/578,q4,1,0.6561275703451785
deepseek_mbpp,validation,Mbpp/579,q4,0,0.5530670602989562
deepseek_mbpp,validation,Mbpp/58,q4,0,0.26313282467391164
deepseek_mbpp,validation,Mbpp/580,q4,0,0.1717075188316918
deepseek_mbpp,validation,Mbpp/581,q4,0,0.6453359643419894
deepseek_mbpp,validation,Mbpp/583,q4,1,0.6371935921845215
deepseek_mbpp,validation,Mbpp/585,q4,0,0.11532260202614306
deepseek_mbpp,validation,Mbpp/586,q4,0,0.23136526933333545
deepseek_mbpp,validation,Mbpp/587,q4,0,0.21081949542727968
deepseek_mbpp,validation,Mbpp/588,q4,0,0.529188774156202
deepseek_mbpp,validation,Mbpp/589,q4,1,0.27932406849449004
deepseek_mbpp,validation,Mbpp/59,q4,1,0.18400659441962802
deepseek_mbpp,validation,Mbpp/590,q4,1,0.4638702397362107
deepseek_mbpp,validation,Mbpp/591,q4,0,0.19074249918169503
deepseek_mbpp,validation,Mbpp/592,q4,0,0.6118598331111744
deepseek_mbpp,validation,Mbpp/593,q4,1,0.6553139464499871
deepseek_mbpp,validation,Mbpp/594,q4,1,0.1459200507390745
deepseek_mbpp,validation,Mbpp/596,q4,0,0.19342012931850633
deepseek_mbpp,validation,Mbpp/597,q4,1,0.9600578481593782
deepseek_mbpp,validation,Mbpp/598,q4,0,0.31599354134900437
deepseek_mbpp,validation,Mbpp/599,q4,1,0.7790065972490855
deepseek_mbpp,validation,Mbpp/6,q4,1,0.830835372636338
deepseek_mbpp,validation,Mbpp/600,q4,0,0.5007891322147728
deepseek_mbpp,validation,Mbpp/602,q4,0,0.6385617495809591
deepseek_mbpp,validation,Mbpp/603,q4,1,0.6655792118402664
deepseek_mbpp,validation,Mbpp/604,q4,1,0.19275663073712895
deepseek_mbpp,validation,Mbpp/605,q4,0,0.21574507101174803
deepseek_mbpp,validation,Mbpp/606,q4,0,0.14566718601311784
deepseek_mbpp,validation,Mbpp/607,q4,0,0.1614605453296164
deepseek_mbpp,validation,Mbpp/608,q4,1,0.9904003307102561
deepseek_mbpp,validation,Mbpp/61,q4,0,0.34185328906650514
deepseek_mbpp,validation,Mbpp/610,q4,1,0.3910270771090828
deepseek_mbpp,validation,Mbpp/611,q4,0,0.31152533317287606
deepseek_mbpp,validation,Mbpp/612,q4,1,0.7587421621288917
deepseek_mbpp,validation,Mbpp/614,q4,0,0.6520725150740597
deepseek_mbpp,validation,Mbpp/615,q4,1,0.10394010241033616
deepseek_mbpp,validation,Mbpp/616,q4,0,0.22053987754969442
deepseek_mbpp,validation,Mbpp/618,q4,0,0.1904289999731392
deepseek_mbpp,validation,Mbpp/619,q4,0,0.6737673163385004
deepseek_mbpp,validation,Mbpp/62,q4,0,0.20276459649240755
deepseek_mbpp,validation,Mbpp/620,q4,1,0.7971648723058207
deepseek_mbpp,validation,Mbpp/622,q4,1,0.8614770648705636
deepseek_mbpp,validation,Mbpp/623,q4,0,0.14324450945649464
deepseek_mbpp,validation,Mbpp/624,q4,0,0.11738708923186855
deepseek_mbpp,validation,Mbpp/626,q4,1,0.5537891724027485
deepseek_mbpp,validation,Mbpp/628,q4,0,0.18987454470157392
deepseek_mbpp,validation,Mbpp/629,q4,1,0.19504306292388096
deepseek_mbpp,validation,Mbpp/63,q4,1,0.5422594213709744
deepseek_mbpp,validation,Mbpp/630,q4,1,0.9760407445807567
deepseek_mbpp,validation,Mbpp/631,q4,1,0.5113963966198742
deepseek_mbpp,validation,Mbpp/632,q4,1,0.8865686572621645
deepseek_mbpp,validation,Mbpp/633,q4,0,0.909081873046879
deepseek_mbpp,validation,Mbpp/635,q4,0,0.6219258046539753
deepseek_mbpp,validation,Mbpp/637,q4,1,0.5063938378843774
deepseek_mbpp,validation,Mbpp/638,q4,1,0.23656839326352572
deepseek_mbpp,validation,Mbpp/639,q4,1,0.7484243151976109
deepseek_mbpp,validation,Mbpp/64,q4,0,0.31935126733741626
deepseek_mbpp,validation,Mbpp/641,q4,0,0.4544428192042317
deepseek_mbpp,validation,Mbpp/643,q4,1,0.5281959579701578
deepseek_mbpp,validation,Mbpp/644,q4,1,0.20930374220297207
deepseek_mbpp,validation,Mbpp/65,q4,0,0.18466280031234214
deepseek_mbpp,validation,Mbpp/66,q4,0,0.190576108441675
deepseek_mbpp,validation,Mbpp/67,q4,1,0.9028294772186994
deepseek_mbpp,validation,Mbpp/68,q4,0,0.3460325919070648
deepseek_mbpp,validation,Mbpp/69,q4,1,0.6785389783508707
deepseek_mbpp,validation,Mbpp/7,q4,1,0.3370054166027753
deepseek_mbpp,validation,Mbpp/70,q4,0,0.1677498859777808
deepseek_mbpp,validation,Mbpp/71,q4,1,0.8903000034516605
deepseek_mbpp,validation,Mbpp/72,q4,1,0.2964272147962151
deepseek_mbpp,validation,Mbpp/720,q4,0,0.12953334318508036
deepseek_mbpp,validation,Mbpp/721,q4,1,0.9563062065405719
deepseek_mbpp,validation,Mbpp/722,q4,1,0.2064557865606229
deepseek_mbpp,validation,Mbpp/723,q4,0,0.15377176532994363
deepseek_mbpp,validation,Mbpp/724,q4,1,0.9404477675463593
deepseek_mbpp,validation,Mbpp/725,q4,0,0.22714308148201598
deepseek_mbpp,validation,Mbpp/726,q4,0,0.18438955790905973
deepseek_mbpp,validation,Mbpp/728,q4,0,0.245150058510584
deepseek_mbpp,validation,Mbpp/730,q4,0,0.20541104710054828
deepseek_mbpp,validation,Mbpp/731,q4,1,0.931733411187204
deepseek_mbpp,validation,Mbpp/732,q4,0,0.39802163610231883
deepseek_mbpp,validation,Mbpp/733,q4,0,0.6524535170167398
deepseek_mbpp,validation,Mbpp/734,q4,1,0.8912695560795214
deepseek_mbpp,validation,Mbpp/735,q4,1,0.7151032678703271
deepseek_mbpp,validation,Mbpp/736,q4,0,0.40052761365679485
deepseek_mbpp,validation,Mbpp/737,q4,0,0.22925347437129617
deepseek_mbpp,validation,Mbpp/739,q4,1,0.1618782792630083
deepseek_mbpp,validation,Mbpp/74,q4,1,0.12247746062035218
deepseek_mbpp,validation,Mbpp/740,q4,0,0.18110666766847378
deepseek_mbpp,validation,Mbpp/741,q4,0,0.24114656104092985
deepseek_mbpp,validation,Mbpp/742,q4,1,0.5548082127110762
deepseek_mbpp,validation,Mbpp/743,q4,0,0.2631175485557392
deepseek_mbpp,validation,Mbpp/744,q4,0,0.2495926141806588
deepseek_mbpp,validation,Mbpp/745,q4,1,0.9630408996199036
deepseek_mbpp,validation,Mbpp/748,q4,1,0.6795313257004738
deepseek_mbpp,validation,Mbpp/749,q4,1,0.6365462442493717
deepseek_mbpp,validation,Mbpp/75,q4,0,0.15637656539388728
deepseek_mbpp,validation,Mbpp/750,q4,0,0.3713033058061527
deepseek_mbpp,validation,Mbpp/751,q4,0,0.7072115226135399
deepseek_mbpp,validation,Mbpp/752,q4,1,0.9313881049189365
deepseek_mbpp,validation,Mbpp/753,q4,0,0.18354188940044933
deepseek_mbpp,validation,Mbpp/754,q4,1,0.8924918672957365
deepseek_mbpp,validation,Mbpp/755,q4,1,0.6831140932307063
deepseek_mbpp,validation,Mbpp/757,q4,0,0.16498269380007258
deepseek_mbpp,validation,Mbpp/758,q4,1,0.3269812390936741
deepseek_mbpp,validation,Mbpp/759,q4,1,0.6687578560288464
deepseek_mbpp,validation,Mbpp/760,q4,1,0.7637119492402559
deepseek_mbpp,validation,Mbpp/762,q4,1,0.8578627452689865
deepseek_mbpp,validation,Mbpp/763,q4,1,0.7275931815562776
deepseek_mbpp,validation,Mbpp/764,q4,0,0.24722292239280025
deepseek_mbpp,validation,Mbpp/765,q4,1,0.919769377327176
deepseek_mbpp,validation,Mbpp/766,q4,0,0.3364560589562381
deepseek_mbpp,validation,Mbpp/767,q4,0,0.5767312915054479
deepseek_mbpp,validation,Mbpp/769,q4,1,0.8556204217932166
deepseek_mbpp,validation,Mbpp/77,q4,1,0.7808764752593761
deepseek_mbpp,validation,Mbpp/770,q4,0,0.2475872664186169
deepseek_mbpp,validation,Mbpp/771,q4,1,0.694466907073825
deepseek_mbpp,validation,Mbpp/772,q4,0,0.19350915374637517
deepseek_mbpp,validation,Mbpp/773,q4,1,0.8898998883627897
deepseek_mbpp,validation,Mbpp/775,q4,0,0.9254332211314379
deepseek_mbpp,validation,Mbpp/777,q4,1,0.6659571235414796
deepseek_mbpp,validation,Mbpp/778,q4,1,0.912530542872713
deepseek_mbpp,validation,Mbpp/780,q4,1,0.9603116636680749
deepseek_mbpp,validation,Mbpp/781,q4,1,0.12994664074067058
deepseek_mbpp,validation,Mbpp/782,q4,1,0.7224404057785164
deepseek_mbpp,validation,Mbpp/784,q4,1,0.9718966236863851
deepseek_mbpp,validation,Mbpp/785,q4,0,0.6983389660981472
deepseek_mbpp,validation,Mbpp/786,q4,1,0.3452080585595903
deepseek_mbpp,validation,Mbpp/787,q4,1,0.4349915938389534
deepseek_mbpp,validation,Mbpp/788,q4,1,0.6476759110249877
deepseek_mbpp,validation,Mbpp/79,q4,0,0.14079595012515153
deepseek_mbpp,validation,Mbpp/790,q4,1,0.21340459990962485
deepseek_mbpp,validation,Mbpp/791,q4,0,0.30436737499785643
deepseek_mbpp,validation,Mbpp/792,q4,1,0.31063368302346106
deepseek_mbpp,validation,Mbpp/793,q4,1,0.532939421580973
deepseek_mbpp,validation,Mbpp/794,q4,1,0.61246392250042
deepseek_mbpp,validation,Mbpp/796,q4,0,0.14280088151338963
deepseek_mbpp,validation,Mbpp/797,q4,0,0.4992655472041858
deepseek_mbpp,validation,Mbpp/798,q4,0,0.5049167876884538
deepseek_mbpp,validation,Mbpp/799,q4,0,0.12581513509909678
deepseek_mbpp,validation,Mbpp/8,q4,0,0.1570791233149721
deepseek_mbpp,validation,Mbpp/80,q4,0,0.29791112625113186
deepseek_mbpp,validation,Mbpp/800,q4,0,0.1451315371906002
deepseek_mbpp,validation,Mbpp/801,q4,1,0.8249342832108673
deepseek_mbpp,validation,Mbpp/803,q4,0,0.7625103421965802
deepseek_mbpp,validation,Mbpp/804,q4,0,0.1159203655740922
deepseek_mbpp,validation,Mbpp/805,q4,0,0.292452190631321
deepseek_mbpp,validation,Mbpp/806,q4,1,0.9329421399549102
deepseek_mbpp,validation,Mbpp/807,q4,0,0.2043697215861086
deepseek_mbpp,validation,Mbpp/808,q4,0,0.271807106918449
deepseek_mbpp,validation,Mbpp/809,q4,1,0.377396696296605
deepseek_mbpp,validation,Mbpp/82,q4,0,0.19801903975728558
deepseek_mbpp,validation,Mbpp/84,q4,1,0.8095627109465852
deepseek_mbpp,validation,Mbpp/85,q4,0,0.18374272306613348
deepseek_mbpp,validation,Mbpp/86,q4,1,0.9341481476428528
deepseek_mbpp,validation,Mbpp/87,q4,0,0.2396722810964143
deepseek_mbpp,validation,Mbpp/88,q4,0,0.21593407346445984
deepseek_mbpp,validation,Mbpp/89,q4,1,0.5597742652416245
deepseek_mbpp,validation,Mbpp/9,q4,1,0.8281676654960354
deepseek_mbpp,validation,Mbpp/90,q4,0,0.1731513464869528
deepseek_mbpp,validation,Mbpp/91,q4,0,0.17188327191774372
deepseek_mbpp,validation,Mbpp/92,q4,1,0.8664420049853495
deepseek_mbpp,validation,Mbpp/93,q4,0,0.22188130089469596
deepseek_mbpp,validation,Mbpp/94,q4,0,0.1772908220868358
deepseek_mbpp,validation,Mbpp/95,q4,0,0.18710004224739682
deepseek_mbpp,validation,Mbpp/96,q4,0,0.41842954814820343
deepseek_mbpp,validation,Mbpp/97,q4,0,0.14347362550076945
deepseek_mbpp,validation,Mbpp/98,q4,0,0.3237103095363711
deepseek_mbpp,validation,Mbpp/99,q4,0,0.2931519056550453
deepseek_mbpp,validation,Mbpp/100,q8,1,0.9722392371543004
deepseek_mbpp,validation,Mbpp/101,q8,0,0.16534109630022928
deepseek_mbpp,validation,Mbpp/102,q8,1,0.19597401930121708
deepseek_mbpp,validation,Mbpp/103,q8,1,0.9626035338117054
deepseek_mbpp,validation,Mbpp/104,q8,0,0.2085656815368929
deepseek_mbpp,validation,Mbpp/105,q8,0,0.7870362500903555
deepseek_mbpp,validation,Mbpp/106,q8,0,0.3862102005553904
deepseek_mbpp,validation,Mbpp/108,q8,0,0.33840845122173613
deepseek_mbpp,validation,Mbpp/109,q8,1,0.2609651682066066
deepseek_mbpp,validation,Mbpp/11,q8,1,0.44149940093309253
deepseek_mbpp,validation,Mbpp/111,q8,0,0.775293457321334
deepseek_mbpp,validation,Mbpp/113,q8,1,0.1845222256311173
deepseek_mbpp,validation,Mbpp/116,q8,0,0.14610115392467304
deepseek_mbpp,validation,Mbpp/118,q8,0,0.17071922572496723
deepseek_mbpp,validation,Mbpp/119,q8,1,0.8278179192278579
deepseek_mbpp,validation,Mbpp/12,q8,0,0.2553186847805623
deepseek_mbpp,validation,Mbpp/120,q8,1,0.7387636711764448
deepseek_mbpp,validation,Mbpp/123,q8,1,0.9775884603061193
deepseek_mbpp,validation,Mbpp/124,q8,1,0.963779263598964
deepseek_mbpp,validation,Mbpp/125,q8,1,0.8145698388697167
deepseek_mbpp,validation,Mbpp/126,q8,1,0.20581784688286375
deepseek_mbpp,validation,Mbpp/127,q8,0,0.17336532325526308
deepseek_mbpp,validation,Mbpp/128,q8,0,0.174413616044373
deepseek_mbpp,validation,Mbpp/129,q8,1,0.764718993001767
deepseek_mbpp,validation,Mbpp/130,q8,0,0.35212221449538955
deepseek_mbpp,validation,Mbpp/131,q8,0,0.5432974777520833
deepseek_mbpp,validation,Mbpp/132,q8,0,0.16213316387349647
deepseek_mbpp,validation,Mbpp/133,q8,0,0.11484837268211164
deepseek_mbpp,validation,Mbpp/135,q8,1,0.8778644796270667
deepseek_mbpp,validation,Mbpp/137,q8,1,0.4173135550334379
deepseek_mbpp,validation,Mbpp/138,q8,1,0.7972069187000845
deepseek_mbpp,validation,Mbpp/139,q8,0,0.15597102916429934
deepseek_mbpp,validation,Mbpp/14,q8,1,0.9301589201323761
deepseek_mbpp,validation,Mbpp/140,q8,0,0.4415550660145243
deepseek_mbpp,validation,Mbpp/141,q8,1,0.7387443019552944
deepseek_mbpp,validation,Mbpp/142,q8,1,0.19170198675002853
deepseek_mbpp,validation,Mbpp/145,q8,1,0.8456857015537839
deepseek_mbpp,validation,Mbpp/16,q8,1,0.6859431528287506
deepseek_mbpp,validation,Mbpp/160,q8,1,0.8752171205641058
deepseek_mbpp,validation,Mbpp/161,q8,0,0.19621662509423263
deepseek_mbpp,validation,Mbpp/162,q8,1,0.8395547511416371
deepseek_mbpp,validation,Mbpp/165,q8,1,0.5579261495043188
deepseek_mbpp,validation,Mbpp/166,q8,0,0.13938855969280312
deepseek_mbpp,validation,Mbpp/167,q8,1,0.38086789555298417
deepseek_mbpp,validation,Mbpp/168,q8,0,0.21091713519864422
deepseek_mbpp,validation,Mbpp/17,q8,0,0.13122523613599615
deepseek_mbpp,validation,Mbpp/170,q8,0,0.11020704476839419
deepseek_mbpp,validation,Mbpp/171,q8,0,0.19572389337396445
deepseek_mbpp,validation,Mbpp/172,q8,0,0.13413031510145995
deepseek_mbpp,validation,Mbpp/18,q8,0,0.19883304272589936
deepseek_mbpp,validation,Mbpp/19,q8,0,0.31322382072614136
deepseek_mbpp,validation,Mbpp/2,q8,0,0.5951522817642746
deepseek_mbpp,validation,Mbpp/20,q8,1,0.4839317099484413
deepseek_mbpp,validation,Mbpp/222,q8,1,0.3510097552349357
deepseek_mbpp,validation,Mbpp/223,q8,1,0.18864411959574195
deepseek_mbpp,validation,Mbpp/224,q8,0,0.23088203146180267
deepseek_mbpp,validation,Mbpp/226,q8,0,0.1575125429113207
deepseek_mbpp,validation,Mbpp/227,q8,0,0.1837805455220392
deepseek_mbpp,validation,Mbpp/230,q8,0,0.1347066198487505
deepseek_mbpp,validation,Mbpp/232,q8,0,0.17209209449212062
deepseek_mbpp,validation,Mbpp/233,q8,1,0.10794056315876813
deepseek_mbpp,validation,Mbpp/234,q8,0,0.15539710810625323
deepseek_mbpp,validation,Mbpp/235,q8,1,0.969882233284937
deepseek_mbpp,validation,Mbpp/237,q8,1,0.8561921554702634
deepseek_mbpp,validation,Mbpp/238,q8,0,0.2080265392238167
deepseek_mbpp,validation,Mbpp/239,q8,1,0.9015356236257064
deepseek_mbpp,validation,Mbpp/240,q8,1,0.19545292542878445
deepseek_mbpp,validation,Mbpp/242,q8,1,0.9565627908963176
deepseek_mbpp,validation,Mbpp/244,q8,1,0.5837454619310677
deepseek_mbpp,validation,Mbpp/245,q8,1,0.31656019637028815
deepseek_mbpp,validation,Mbpp/247,q8,0,0.11547451277376342
deepseek_mbpp,validation,Mbpp/250,q8,0,0.2344765395101936
deepseek_mbpp,validation,Mbpp/251,q8,1,0.35180535485398595
deepseek_mbpp,validation,Mbpp/252,q8,0,0.49980674480894577
deepseek_mbpp,validation,Mbpp/253,q8,0,0.2464358779582641
deepseek_mbpp,validation,Mbpp/255,q8,1,0.4101402440030094
deepseek_mbpp,validation,Mbpp/256,q8,0,0.14454450741149452
deepseek_mbpp,validation,Mbpp/257,q8,0,0.12551190008542149
deepseek_mbpp,validation,Mbpp/259,q8,1,0.37122437193582297
deepseek_mbpp,validation,Mbpp/260,q8,1,0.9649016227951472
deepseek_mbpp,validation,Mbpp/261,q8,0,0.18539500157071234
deepseek_mbpp,validation,Mbpp/262,q8,0,0.1867159503619535
deepseek_mbpp,validation,Mbpp/264,q8,1,0.899820568664226
deepseek_mbpp,validation,Mbpp/265,q8,1,0.19120059649735738
deepseek_mbpp,validation,Mbpp/266,q8,1,0.5041620320758623
deepseek_mbpp,validation,Mbpp/267,q8,1,0.2405627441684604
deepseek_mbpp,validation,Mbpp/268,q8,1,0.8992364265788966
deepseek_mbpp,validation,Mbpp/269,q8,0,0.13687809828947364
deepseek_mbpp,validation,Mbpp/270,q8,0,0.23737612124123567
deepseek_mbpp,validation,Mbpp/271,q8,0,0.4514241424542882
deepseek_mbpp,validation,Mbpp/272,q8,0,0.21581646105755223
deepseek_mbpp,validation,Mbpp/273,q8,0,0.18183880304985325
deepseek_mbpp,validation,Mbpp/274,q8,1,0.7886327500875753
deepseek_mbpp,validation,Mbpp/276,q8,0,0.14012116538914418
deepseek_mbpp,validation,Mbpp/277,q8,0,0.254499721461064
deepseek_mbpp,validation,Mbpp/278,q8,1,0.7845610665097607
deepseek_mbpp,validation,Mbpp/279,q8,1,0.5842167894893474
deepseek_mbpp,validation,Mbpp/280,q8,0,0.26438629991553936
deepseek_mbpp,validation,Mbpp/281,q8,0,0.23471214207478627
deepseek_mbpp,validation,Mbpp/282,q8,0,0.1988520653050494
deepseek_mbpp,validation,Mbpp/283,q8,0,0.6003847447705228
deepseek_mbpp,validation,Mbpp/284,q8,0,0.11544738853371098
deepseek_mbpp,validation,Mbpp/285,q8,1,0.7174716535161639
deepseek_mbpp,validation,Mbpp/286,q8,1,0.9773155892173531
deepseek_mbpp,validation,Mbpp/287,q8,1,0.4955592908083147
deepseek_mbpp,validation,Mbpp/290,q8,0,0.18726587541841705
deepseek_mbpp,validation,Mbpp/292,q8,0,0.2053964141497327
deepseek_mbpp,validation,Mbpp/293,q8,0,0.7632697080531028
deepseek_mbpp,validation,Mbpp/294,q8,1,0.6268526305378866
deepseek_mbpp,validation,Mbpp/296,q8,0,0.5253085141415057
deepseek_mbpp,validation,Mbpp/297,q8,0,0.17159127141122116
deepseek_mbpp,validation,Mbpp/299,q8,0,0.3812310896455577
deepseek_mbpp,validation,Mbpp/3,q8,1,0.2245113907646966
deepseek_mbpp,validation,Mbpp/300,q8,1,0.9231013692354523
deepseek_mbpp,validation,Mbpp/301,q8,1,0.8336895675439203
deepseek_mbpp,validation,Mbpp/305,q8,1,0.9617483889410849
deepseek_mbpp,validation,Mbpp/306,q8,1,0.9794489154414894
deepseek_mbpp,validation,Mbpp/308,q8,1,0.9736562989649735
deepseek_mbpp,validation,Mbpp/309,q8,0,0.34515346640600963
deepseek_mbpp,validation,Mbpp/310,q8,1,0.1838329154889639
deepseek_mbpp,validation,Mbpp/311,q8,1,0.9204081087224865
deepseek_mbpp,validation,Mbpp/312,q8,0,0.1602544118167823
deepseek_mbpp,validation,Mbpp/388,q8,1,0.8123789547173599
deepseek_mbpp,validation,Mbpp/389,q8,0,0.8849276867340226
deepseek_mbpp,validation,Mbpp/390,q8,0,0.19348024019271529
deepseek_mbpp,validation,Mbpp/391,q8,1,0.19875933339488613
deepseek_mbpp,validation,Mbpp/392,q8,1,0.9729143454382008
deepseek_mbpp,validation,Mbpp/394,q8,0,0.18291139508727708
deepseek_mbpp,validation,Mbpp/395,q8,0,0.5428435730635588
deepseek_mbpp,validation,Mbpp/397,q8,0,0.4404516451659878
deepseek_mbpp,validation,Mbpp/398,q8,1,0.4450767229328247
deepseek_mbpp,validation,Mbpp/4,q8,0,0.3777849658223064
deepseek_mbpp,validation,Mbpp/404,q8,0,0.26509143727068996
deepseek_mbpp,validation,Mbpp/405,q8,0,0.2643869140462411
deepseek_mbpp,validation,Mbpp/406,q8,0,0.2248051599045875
deepseek_mbpp,validation,Mbpp/409,q8,1,0.6363840299350432
deepseek_mbpp,validation,Mbpp/410,q8,1,0.5901122409551387
deepseek_mbpp,validation,Mbpp/412,q8,0,0.1702553977173197
deepseek_mbpp,validation,Mbpp/413,q8,0,0.1534144960371863
deepseek_mbpp,validation,Mbpp/414,q8,0,0.32001086319119115
deepseek_mbpp,validation,Mbpp/415,q8,1,0.7755200977653345
deepseek_mbpp,validation,Mbpp/418,q8,0,0.23415086772272034
deepseek_mbpp,validation,Mbpp/419,q8,1,0.6687817918793935
deepseek_mbpp,validation,Mbpp/420,q8,0,0.3223685338538302
deepseek_mbpp,validation,Mbpp/421,q8,1,0.7272903626301045
deepseek_mbpp,validation,Mbpp/422,q8,0,0.29632101688149143
deepseek_mbpp,validation,Mbpp/424,q8,0,0.15223716961314326
deepseek_mbpp,validation,Mbpp/425,q8,0,0.23410790422345268
deepseek_mbpp,validation,Mbpp/426,q8,0,0.5189163659727916
deepseek_mbpp,validation,Mbpp/427,q8,1,0.12790888685426582
deepseek_mbpp,validation,Mbpp/428,q8,0,0.1595202726502506
deepseek_mbpp,validation,Mbpp/429,q8,0,0.19661127318991894
deepseek_mbpp,validation,Mbpp/430,q8,1,0.9605017041018209
deepseek_mbpp,validation,Mbpp/432,q8,1,0.9026943280266462
deepseek_mbpp,validation,Mbpp/433,q8,1,0.9403477256599151
deepseek_mbpp,validation,Mbpp/435,q8,0,0.22543570215555833
deepseek_mbpp,validation,Mbpp/436,q8,0,0.19317980408134608
deepseek_mbpp,validation,Mbpp/437,q8,1,0.9372524800002434
deepseek_mbpp,validation,Mbpp/439,q8,0,0.11558242537317245
deepseek_mbpp,validation,Mbpp/440,q8,1,0.7971409334747356
deepseek_mbpp,validation,Mbpp/441,q8,0,0.10655820732151848
deepseek_mbpp,validation,Mbpp/445,q8,1,0.11876985866302162
deepseek_mbpp,validation,Mbpp/446,q8,1,0.9215426125036263
deepseek_mbpp,validation,Mbpp/447,q8,0,0.18247322466756422
deepseek_mbpp,validation,Mbpp/448,q8,1,0.9583916376559968
deepseek_mbpp,validation,Mbpp/450,q8,0,0.19421310048877294
deepseek_mbpp,validation,Mbpp/451,q8,0,0.10656905056895671
deepseek_mbpp,validation,Mbpp/453,q8,0,0.5418930522543904
deepseek_mbpp,validation,Mbpp/454,q8,0,0.43743327228466117
deepseek_mbpp,validation,Mbpp/455,q8,0,0.8083294797780699
deepseek_mbpp,validation,Mbpp/456,q8,0,0.15028571518378744
deepseek_mbpp,validation,Mbpp/457,q8,0,0.18391745575383756
deepseek_mbpp,validation,Mbpp/458,q8,0,0.5378539175324708
deepseek_mbpp,validation,Mbpp/459,q8,0,0.12388990650986223
deepseek_mbpp,validation,Mbpp/460,q8,0,0.8086706332871509
deepseek_mbpp,validation,Mbpp/462,q8,1,0.5473890132718917
deepseek_mbpp,validation,Mbpp/463,q8,1,0.9801603277519035
deepseek_mbpp,validation,Mbpp/465,q8,1,0.16888661030094554
deepseek_mbpp,validation,Mbpp/468,q8,1,0.6922903252662429
deepseek_mbpp,validation,Mbpp/470,q8,0,0.1384648039830702
deepseek_mbpp,validation,Mbpp/471,q8,0,0.15936646378968627
deepseek_mbpp,validation,Mbpp/472,q8,1,0.37076675098388506
deepseek_mbpp,validation,Mbpp/473,q8,1,0.8098026608268352
deepseek_mbpp,validation,Mbpp/474,q8,0,0.14606143494649532
deepseek_mbpp,validation,Mbpp/475,q8,1,0.30650060923113465
deepseek_mbpp,validation,Mbpp/476,q8,0,0.22846399174498613
deepseek_mbpp,validation,Mbpp/477,q8,0,0.14936209503433945
deepseek_mbpp,validation,Mbpp/478,q8,0,0.3743610727395746
deepseek_mbpp,validation,Mbpp/479,q8,0,0.22865836362016556
deepseek_mbpp,validation,Mbpp/554,q8,1,0.16214577297395888
deepseek_mbpp,validation,Mbpp/555,q8,0,0.3260096629536542
deepseek_mbpp,validation,Mbpp/556,q8,1,0.3124061597508838
deepseek_mbpp,validation,Mbpp/557,q8,0,0.19969367978653693
deepseek_mbpp,validation,Mbpp/558,q8,0,0.7283879161775884
deepseek_mbpp,validation,Mbpp/559,q8,1,0.8931137936377913
deepseek_mbpp,validation,Mbpp/56,q8,1,0.44663207138608607
deepseek_mbpp,validation,Mbpp/560,q8,0,0.15804122574585067
deepseek_mbpp,validation,Mbpp/562,q8,0,0.23990743811641937
deepseek_mbpp,validation,Mbpp/563,q8,0,0.155607236898211
deepseek_mbpp,validation,Mbpp/564,q8,1,0.7706893799707099
deepseek_mbpp,validation,Mbpp/565,q8,0,0.12038093406080848
deepseek_mbpp,validation,Mbpp/566,q8,0,0.1792697429533356
deepseek_mbpp,validation,Mbpp/567,q8,0,0.1647610338166666
deepseek_mbpp,validation,Mbpp/568,q8,0,0.1968961901478734
deepseek_mbpp,validation,Mbpp/569,q8,0,0.24198694149116556
deepseek_mbpp,validation,Mbpp/57,q8,1,0.9200680264317282
deepseek_mbpp,validation,Mbpp/572,q8,1,0.5326250833776409
deepseek_mbpp,validation,Mbpp/573,q8,0,0.5628566861920999
deepseek_mbpp,validation,Mbpp/576,q8,1,0.7612521382000978
deepseek_mbpp,validation,Mbpp/577,q8,1,0.8928230991759488
deepseek_mbpp,validation,Mbpp/578,q8,1,0.7416977783399435
deepseek_mbpp,validation,Mbpp/579,q8,0,0.4683146707660196
deepseek_mbpp,validation,Mbpp/58,q8,0,0.23227243657652502
deepseek_mbpp,validation,Mbpp/580,q8,0,0.16638722180769203
deepseek_mbpp,validation,Mbpp/581,q8,1,0.6007296050062755
deepseek_mbpp,validation,Mbpp/583,q8,0,0.5773245305352389
deepseek_mbpp,validation,Mbpp/585,q8,0,0.17456845297954954
deepseek_mbpp,validation,Mbpp/586,q8,0,0.22905653209516336
deepseek_mbpp,validation,Mbpp/587,q8,0,0.21844381704648103
deepseek_mbpp,validation,Mbpp/588,q8,0,0.22331293706751207
deepseek_mbpp,validation,Mbpp/589,q8,1,0.18418099826773376
deepseek_mbpp,validation,Mbpp/59,q8,1,0.6896962417768231
deepseek_mbpp,validation,Mbpp/590,q8,1,0.18215413560512292
deepseek_mbpp,validation,Mbpp/591,q8,0,0.22449371743419366
deepseek_mbpp,validation,Mbpp/592,q8,0,0.7924989225650105
deepseek_mbpp,validation,Mbpp/593,q8,1,0.28526764231474006
deepseek_mbpp,validation,Mbpp/594,q8,1,0.12212835500144988
deepseek_mbpp,validation,Mbpp/596,q8,0,0.25778385482730104
deepseek_mbpp,validation,Mbpp/597,q8,0,0.6947900588764411
deepseek_mbpp,validation,Mbpp/598,q8,0,0.7706001199308969
deepseek_mbpp,validation,Mbpp/599,q8,1,0.6778452514665222
deepseek_mbpp,validation,Mbpp/6,q8,1,0.6336166301168082
deepseek_mbpp,validation,Mbpp/600,q8,0,0.7691503174602622
deepseek_mbpp,validation,Mbpp/602,q8,0,0.25951317347812325
deepseek_mbpp,validation,Mbpp/603,q8,1,0.2201973654448614
deepseek_mbpp,validation,Mbpp/604,q8,1,0.5260671556515432
deepseek_mbpp,validation,Mbpp/605,q8,0,0.21817800030069598
deepseek_mbpp,validation,Mbpp/606,q8,0,0.26563941911579725
deepseek_mbpp,validation,Mbpp/607,q8,0,0.14826923262386735
deepseek_mbpp,validation,Mbpp/608,q8,1,0.8535799138592358
deepseek_mbpp,validation,Mbpp/61,q8,0,0.518288055412736
deepseek_mbpp,validation,Mbpp/610,q8,1,0.7711966293555379
deepseek_mbpp,validation,Mbpp/611,q8,0,0.17984455658113235
deepseek_mbpp,validation,Mbpp/612,q8,1,0.48673948922219773
deepseek_mbpp,validation,Mbpp/614,q8,0,0.9058017205853292
deepseek_mbpp,validation,Mbpp/615,q8,1,0.8790716424544405
deepseek_mbpp,validation,Mbpp/616,q8,0,0.1490132176206695
deepseek_mbpp,validation,Mbpp/618,q8,0,0.158742109876654
deepseek_mbpp,validation,Mbpp/619,q8,1,0.6465899295888285
deepseek_mbpp,validation,Mbpp/62,q8,0,0.19359493646002618
deepseek_mbpp,validation,Mbpp/620,q8,1,0.9242091230253753
deepseek_mbpp,validation,Mbpp/622,q8,1,0.6394584318334149
deepseek_mbpp,validation,Mbpp/623,q8,0,0.21998207127666225
deepseek_mbpp,validation,Mbpp/624,q8,0,0.2579937721893278
deepseek_mbpp,validation,Mbpp/626,q8,1,0.7439892725645969
deepseek_mbpp,validation,Mbpp/628,q8,0,0.11152381716728768
deepseek_mbpp,validation,Mbpp/629,q8,1,0.13384252209787817
deepseek_mbpp,validation,Mbpp/63,q8,1,0.4311399441078704
deepseek_mbpp,validation,Mbpp/630,q8,1,0.4404907340560681
deepseek_mbpp,validation,Mbpp/631,q8,0,0.5868222253932822
deepseek_mbpp,validation,Mbpp/632,q8,0,0.33314561550527383
deepseek_mbpp,validation,Mbpp/633,q8,1,0.8408938124546402
deepseek_mbpp,validation,Mbpp/635,q8,0,0.248639086672732
deepseek_mbpp,validation,Mbpp/637,q8,1,0.6953754225490048
deepseek_mbpp,validation,Mbpp/638,q8,1,0.46008213650349206
deepseek_mbpp,validation,Mbpp/639,q8,1,0.9198028830265311
deepseek_mbpp,validation,Mbpp/64,q8,0,0.2357963436776367
deepseek_mbpp,validation,Mbpp/641,q8,0,0.19895818878672608
deepseek_mbpp,validation,Mbpp/643,q8,1,0.452082552857603
deepseek_mbpp,validation,Mbpp/644,q8,1,0.6874876103167822
deepseek_mbpp,validation,Mbpp/65,q8,0,0.26183065756993246
deepseek_mbpp,validation,Mbpp/66,q8,0,0.2548371574767055
deepseek_mbpp,validation,Mbpp/67,q8,1,0.6737519294324529
deepseek_mbpp,validation,Mbpp/68,q8,0,0.7855928457876729
deepseek_mbpp,validation,Mbpp/69,q8,1,0.3370924501989163
deepseek_mbpp,validation,Mbpp/7,q8,1,0.2591624727510303
deepseek_mbpp,validation,Mbpp/70,q8,0,0.5189066240833118
deepseek_mbpp,validation,Mbpp/71,q8,0,0.8181830886420883
deepseek_mbpp,validation,Mbpp/72,q8,1,0.26289265246224025
deepseek_mbpp,validation,Mbpp/720,q8,0,0.3503676195400328
deepseek_mbpp,validation,Mbpp/721,q8,1,0.9859391471234001
deepseek_mbpp,validation,Mbpp/722,q8,1,0.19332003171330855
deepseek_mbpp,validation,Mbpp/723,q8,0,0.15864294973598522
deepseek_mbpp,validation,Mbpp/724,q8,1,0.9578886258250684
deepseek_mbpp,validation,Mbpp/725,q8,0,0.17097855647213045
deepseek_mbpp,validation,Mbpp/726,q8,0,0.46553528740236516
deepseek_mbpp,validation,Mbpp/728,q8,0,0.2665833284966922
deepseek_mbpp,validation,Mbpp/730,q8,0,0.26654845737069843
deepseek_mbpp,validation,Mbpp/731,q8,1,0.843523088731492
deepseek_mbpp,validation,Mbpp/732,q8,0,0.526145605747371
deepseek_mbpp,validation,Mbpp/733,q8,0,0.33493649737183134
deepseek_mbpp,validation,Mbpp/734,q8,1,0.8058765155169745
deepseek_mbpp,validation,Mbpp/735,q8,1,0.9177934496162358
deepseek_mbpp,validation,Mbpp/736,q8,0,0.24629311983743335
deepseek_mbpp,validation,Mbpp/737,q8,0,0.213836313971774
deepseek_mbpp,validation,Mbpp/739,q8,1,0.9605848718548472
deepseek_mbpp,validation,Mbpp/74,q8,1,0.19916982894530583
deepseek_mbpp,validation,Mbpp/740,q8,0,0.1164524591151336
deepseek_mbpp,validation,Mbpp/741,q8,0,0.23093294978749296
deepseek_mbpp,validation,Mbpp/742,q8,1,0.25632605447703927
deepseek_mbpp,validation,Mbpp/743,q8,0,0.1942292645137324
deepseek_mbpp,validation,Mbpp/744,q8,0,0.22985251495187012
deepseek_mbpp,validation,Mbpp/745,q8,1,0.9633679620308129
deepseek_mbpp,validation,Mbpp/748,q8,1,0.1968726735491324
deepseek_mbpp,validation,Mbpp/749,q8,1,0.289274470671538
deepseek_mbpp,validation,Mbpp/75,q8,0,0.16153026257527967
deepseek_mbpp,validation,Mbpp/750,q8,0,0.28480876363652086
deepseek_mbpp,validation,Mbpp/751,q8,0,0.7326594261143964
deepseek_mbpp,validation,Mbpp/752,q8,1,0.8772596399838191
deepseek_mbpp,validation,Mbpp/753,q8,0,0.27625719526145026
deepseek_mbpp,validation,Mbpp/754,q8,1,0.8888332404032104
deepseek_mbpp,validation,Mbpp/755,q8,1,0.5950239378143192
deepseek_mbpp,validation,Mbpp/757,q8,0,0.13789841551293175
deepseek_mbpp,validation,Mbpp/758,q8,1,0.916570961588562
deepseek_mbpp,validation,Mbpp/759,q8,1,0.6007730099773488
deepseek_mbpp,validation,Mbpp/760,q8,1,0.9047672154064855
deepseek_mbpp,validation,Mbpp/762,q8,1,0.7522565889033626
deepseek_mbpp,validation,Mbpp/763,q8,1,0.8745354321137194
deepseek_mbpp,validation,Mbpp/764,q8,0,0.1834070248416172
deepseek_mbpp,validation,Mbpp/765,q8,1,0.9549078668857136
deepseek_mbpp,validation,Mbpp/766,q8,0,0.19392242283540084
deepseek_mbpp,validation,Mbpp/767,q8,1,0.8999358179816573
deepseek_mbpp,validation,Mbpp/769,q8,0,0.5906921338868678
deepseek_mbpp,validation,Mbpp/77,q8,1,0.8456969275430808
deepseek_mbpp,validation,Mbpp/770,q8,0,0.5384698047993159
deepseek_mbpp,validation,Mbpp/771,q8,1,0.6785028418850914
deepseek_mbpp,validation,Mbpp/772,q8,0,0.17985724563898076
deepseek_mbpp,validation,Mbpp/773,q8,1,0.7464743653867263
deepseek_mbpp,validation,Mbpp/775,q8,0,0.9085435148154559
deepseek_mbpp,validation,Mbpp/777,q8,1,0.7808255654175016
deepseek_mbpp,validation,Mbpp/778,q8,1,0.8529241337323625
deepseek_mbpp,validation,Mbpp/780,q8,1,0.839675774223975
deepseek_mbpp,validation,Mbpp/781,q8,1,0.13724361049094444
deepseek_mbpp,validation,Mbpp/782,q8,0,0.7671830046202879
deepseek_mbpp,validation,Mbpp/784,q8,1,0.9643403670788564
deepseek_mbpp,validation,Mbpp/785,q8,1,0.9158644951672592
deepseek_mbpp,validation,Mbpp/786,q8,0,0.21493621256530612
deepseek_mbpp,validation,Mbpp/787,q8,1,0.5696551712743074
deepseek_mbpp,validation,Mbpp/788,q8,1,0.4282764665831144
deepseek_mbpp,validation,Mbpp/79,q8,0,0.5071510521027969
deepseek_mbpp,validation,Mbpp/790,q8,1,0.7386232978796213
deepseek_mbpp,validation,Mbpp/791,q8,0,0.5471522656100976
deepseek_mbpp,validation,Mbpp/792,q8,1,0.19819828904707956
deepseek_mbpp,validation,Mbpp/793,q8,1,0.49649413507417606
deepseek_mbpp,validation,Mbpp/794,q8,0,0.4978692608710455
deepseek_mbpp,validation,Mbpp/796,q8,0,0.14108178696116888
deepseek_mbpp,validation,Mbpp/797,q8,0,0.21279031450330993
deepseek_mbpp,validation,Mbpp/798,q8,0,0.22870260860484715
deepseek_mbpp,validation,Mbpp/799,q8,0,0.13046782546162794
deepseek_mbpp,validation,Mbpp/8,q8,0,0.23296339546393002
deepseek_mbpp,validation,Mbpp/80,q8,1,0.9479551660683418
deepseek_mbpp,validation,Mbpp/800,q8,0,0.12794248433948233
deepseek_mbpp,validation,Mbpp/801,q8,1,0.42911234834364465
deepseek_mbpp,validation,Mbpp/803,q8,0,0.32580316934089737
deepseek_mbpp,validation,Mbpp/804,q8,0,0.23052092749432104
deepseek_mbpp,validation,Mbpp/805,q8,1,0.9758995917245414
deepseek_mbpp,validation,Mbpp/806,q8,1,0.8538149620012984
deepseek_mbpp,validation,Mbpp/807,q8,0,0.43489815245204005
deepseek_mbpp,validation,Mbpp/808,q8,0,0.15598650766601435
deepseek_mbpp,validation,Mbpp/809,q8,1,0.23709500312816295
deepseek_mbpp,validation,Mbpp/82,q8,0,0.17118724566597046
deepseek_mbpp,validation,Mbpp/84,q8,1,0.27056730789042505
deepseek_mbpp,validation,Mbpp/85,q8,0,0.19995410107674688
deepseek_mbpp,validation,Mbpp/86,q8,1,0.868540579256976
deepseek_mbpp,validation,Mbpp/87,q8,0,0.30438462538906164
deepseek_mbpp,validation,Mbpp/88,q8,0,0.2270779173737585
deepseek_mbpp,validation,Mbpp/89,q8,1,0.84728361393104
deepseek_mbpp,validation,Mbpp/9,q8,0,0.9550823487060696
deepseek_mbpp,validation,Mbpp/90,q8,0,0.16452396660888996
deepseek_mbpp,validation,Mbpp/91,q8,0,0.1967070152713347
deepseek_mbpp,validation,Mbpp/92,q8,1,0.645212133262614
deepseek_mbpp,validation,Mbpp/93,q8,0,0.2007785528412243
deepseek_mbpp,validation,Mbpp/94,q8,0,0.2677368461160924
deepseek_mbpp,validation,Mbpp/95,q8,0,0.20517512419797046
deepseek_mbpp,validation,Mbpp/96,q8,0,0.16407005512268708
deepseek_mbpp,validation,Mbpp/97,q8,0,0.375982710098089
deepseek_mbpp,validation,Mbpp/98,q8,0,0.3775172201478454
deepseek_mbpp,validation,Mbpp/99,q8,0,0.2217949399606069
